/*
Navicat MySQL Data Transfer

Source Server         : 120.76.232.65
Source Server Version : 50536
Source Host           : 120.76.232.65:3306
Source Database       : ota

Target Server Type    : MYSQL
Target Server Version : 50536
File Encoding         : 65001

Date: 2017-09-20 16:53:52
*/

SET FOREIGN_KEY_CHECKS=0;

-- ----------------------------
-- Table structure for `ot_admin`
-- ----------------------------
DROP TABLE IF EXISTS `ot_admin`;
CREATE TABLE `ot_admin` (
  `id` int(3) NOT NULL AUTO_INCREMENT,
  `name` varchar(6) NOT NULL,
  `email` varchar(20) NOT NULL,
  `pwd` varchar(50) NOT NULL,
  `auth_key` varchar(20) NOT NULL,
  `phone` varchar(11) NOT NULL,
  `sex` int(1) NOT NULL,
  `role` int(1) NOT NULL DEFAULT '1' COMMENT '角色【0 超管  1  普通管理员 2 房东  3 书童】',
  `create_time` int(10) NOT NULL,
  PRIMARY KEY (`id`)
) ENGINE=InnoDB AUTO_INCREMENT=5 DEFAULT CHARSET=utf8 COMMENT='管理员表';

-- ----------------------------
-- Records of ot_admin
-- ----------------------------
INSERT INTO `ot_admin` VALUES ('1', '小张', '295124540@qq.com', '18a7fd046eb0261640af09248fc5b05c', '14YK950m9cw4AU10I0G3', '', '0', '1', '1495091003');
INSERT INTO `ot_admin` VALUES ('2', '小苏苏', '295124541@qq.com', '18a7fd046eb0261640af09248fc5b05c', '14YK950m9cw4AU10I0G3', '', '0', '3', '1500089319');
INSERT INTO `ot_admin` VALUES ('3', '小嘎', '295124542@qq.com', 'fc50c197ca373610c05a11e79dd2749b', '14bL797550LRTNb35355', '13006022705', '0', '3', '1495503555');
INSERT INTO `ot_admin` VALUES ('4', '黄晓明', '2951245402@qq.com', '087c036b789ee2f34be0a331e34ed859', '1q50Y00Y89oQi3OAc1A9', '', '0', '2', '1500089319');

-- ----------------------------
-- Table structure for `ot_book`
-- ----------------------------
DROP TABLE IF EXISTS `ot_book`;
CREATE TABLE `ot_book` (
  `id` int(10) NOT NULL AUTO_INCREMENT,
  `model_id` int(10) DEFAULT NULL,
  `book_house_id` int(10) DEFAULT NULL,
  `price` float(6,2) DEFAULT NULL,
  `status` int(1) NOT NULL DEFAULT '0' COMMENT '状态【 0未上架；1已上架；2已出租】 ',
  `read_num` int(5) DEFAULT '0',
  `rent_num` int(3) NOT NULL DEFAULT '0' COMMENT '出租次数',
  `renting_user` varchar(10) NOT NULL COMMENT '正在租的人',
  `create_time` varchar(10) NOT NULL,
  PRIMARY KEY (`id`)
) ENGINE=InnoDB AUTO_INCREMENT=87 DEFAULT CHARSET=utf8 COMMENT='书本表';

-- ----------------------------
-- Records of ot_book
-- ----------------------------
INSERT INTO `ot_book` VALUES ('58', '18', '1', '0.10', '2', '1647', '0', '', '1496200858');
INSERT INTO `ot_book` VALUES ('59', '19', '1', '0.10', '1', '343', '0', '', '1496201081');
INSERT INTO `ot_book` VALUES ('60', '20', '1', '45.00', '1', '217', '0', '', '1496201691');
INSERT INTO `ot_book` VALUES ('61', '21', '2', '45.00', '1', '44', '0', '', '1496201836');
INSERT INTO `ot_book` VALUES ('62', '22', '1', '23.00', '1', '21', '0', '', '1496201951');
INSERT INTO `ot_book` VALUES ('63', '23', '1', '36.00', '1', '24', '0', '', '1496202083');
INSERT INTO `ot_book` VALUES ('64', '24', '3', '68.00', '1', '47', '0', '', '1496202299');
INSERT INTO `ot_book` VALUES ('65', '25', '1', '0.10', '2', '249', '0', '', '1496202397');
INSERT INTO `ot_book` VALUES ('66', '26', '1', '0.10', '1', '441', '0', '', '1496202505');
INSERT INTO `ot_book` VALUES ('68', '29', '1', '24.00', '1', '130', '0', '', '1497952047');
INSERT INTO `ot_book` VALUES ('69', '30', '1', '0.10', '2', '97', '0', '', '1497952512');
INSERT INTO `ot_book` VALUES ('73', '37', '1', '0.10', '2', '75', '0', '', '1500512089');
INSERT INTO `ot_book` VALUES ('74', '38', '1', '0.10', '1', '62', '0', '', '1500976850');
INSERT INTO `ot_book` VALUES ('75', '39', '1', '0.10', '1', '31', '0', '', '1501027833');
INSERT INTO `ot_book` VALUES ('76', '40', '1', '0.10', '2', '45', '0', '', '1501667677');
INSERT INTO `ot_book` VALUES ('78', '42', '1', '0.00', '0', '4', '0', '', '1505291403');
INSERT INTO `ot_book` VALUES ('79', '43', '1', '12.00', '0', '2', '0', '', '1505291541');
INSERT INTO `ot_book` VALUES ('80', '44', '1', '12.00', '0', '4', '0', '', '1505291689');
INSERT INTO `ot_book` VALUES ('81', '45', '1', '12.00', '0', '0', '0', '', '1505291700');
INSERT INTO `ot_book` VALUES ('82', '46', '1', '12.00', '0', '0', '0', '', '1505291737');
INSERT INTO `ot_book` VALUES ('83', '47', '1', '12.00', '0', '0', '0', '', '1505291740');
INSERT INTO `ot_book` VALUES ('84', '48', '1', '12.00', '0', '0', '0', '', '1505291843');
INSERT INTO `ot_book` VALUES ('85', '49', '5', '0.00', '0', '1', '0', '', '1505297797');
INSERT INTO `ot_book` VALUES ('86', '50', '1', '0.00', '0', '15', '0', '', '1505717303');

-- ----------------------------
-- Table structure for `ot_book_child`
-- ----------------------------
DROP TABLE IF EXISTS `ot_book_child`;
CREATE TABLE `ot_book_child` (
  `id` int(5) NOT NULL AUTO_INCREMENT,
  `name` varchar(6) NOT NULL,
  `sex` int(11) DEFAULT NULL,
  `age` int(2) NOT NULL,
  `addr` varchar(30) DEFAULT NULL,
  `phone` varchar(11) DEFAULT NULL,
  `id_card` varchar(20) DEFAULT NULL,
  `contact` varchar(6) DEFAULT NULL COMMENT '紧急联系人',
  `create_time` int(10) DEFAULT NULL,
  PRIMARY KEY (`id`)
) ENGINE=InnoDB DEFAULT CHARSET=utf8 COMMENT='书童表';

-- ----------------------------
-- Records of ot_book_child
-- ----------------------------

-- ----------------------------
-- Table structure for `ot_book_comment`
-- ----------------------------
DROP TABLE IF EXISTS `ot_book_comment`;
CREATE TABLE `ot_book_comment` (
  `id` int(5) NOT NULL AUTO_INCREMENT,
  `source_id` int(10) DEFAULT NULL COMMENT '源ID 【名宿ID，书本ID】',
  `type` int(1) DEFAULT NULL COMMENT '1民宿 2书本  3动态(民宿评，书评、捐租）',
  `user_id` int(10) DEFAULT NULL,
  `user_name` varchar(10) NOT NULL,
  `head_img` varchar(255) NOT NULL,
  `recommend_exponent` int(11) DEFAULT '5' COMMENT '推荐指数',
  `content` varchar(50) NOT NULL,
  `imgs` varchar(1000) DEFAULT NULL,
  `praise_num` tinyint(5) DEFAULT NULL,
  `location` varchar(100) DEFAULT NULL,
  `create_time` int(10) DEFAULT NULL,
  PRIMARY KEY (`id`)
) ENGINE=InnoDB AUTO_INCREMENT=250 DEFAULT CHARSET=utf8 COMMENT='评论表';

-- ----------------------------
-- Records of ot_book_comment
-- ----------------------------
INSERT INTO `ot_book_comment` VALUES ('181', '58', '2', '12143010', '『～青～  』', 'https://wx.qlogo.cn/mmopen/vi_32/R0YJ1QQMd9NX50iaAnUK5kMCPc6sqPInCeGu8JEJbZWhxmFNpHvnrCq63jIsCtJtePSkLB5pU5UyFGG68rKmv0g/0', '4', '评论啦', '[]', null, null, '1501209269');
INSERT INTO `ot_book_comment` VALUES ('182', '58', '2', '12143015', 'Spencer', 'https://wx.qlogo.cn/mmopen/vi_32/DYAIOgq83erSvL5J5oqx9eLZd7rhqHXibP3rXhWMDwY0d9CAfvQgZ56fCTBVG06aZeAGNC17yay3f7bAMFY9iccg/0', '4', '评价', '[]', null, null, '1501209466');
INSERT INTO `ot_book_comment` VALUES ('183', '59', '2', '12143015', 'Spencer', 'https://wx.qlogo.cn/mmopen/vi_32/DYAIOgq83erSvL5J5oqx9eLZd7rhqHXibP3rXhWMDwY0d9CAfvQgZ56fCTBVG06aZeAGNC17yay3f7bAMFY9iccg/0', '4', '了解了', '[]', null, null, '1501212036');
INSERT INTO `ot_book_comment` VALUES ('184', '241', '3', '12143009', '狂野小青年', 'https://wx.qlogo.cn/mmopen/vi_32/Or35P61ibog1JYCazgLAVIFrDNAcA1Jkmc2qcTw7h8RmEoBN6Yzx57T3Wibh5Aparlia9VrnFIQiblHQib8YRhBpp6Q/0', null, '哦哦哦', null, null, null, '1501213015');
INSERT INTO `ot_book_comment` VALUES ('185', '240', '3', '12143009', '狂野小青年', 'https://wx.qlogo.cn/mmopen/vi_32/Or35P61ibog1JYCazgLAVIFrDNAcA1Jkmc2qcTw7h8RmEoBN6Yzx57T3Wibh5Aparlia9VrnFIQiblHQib8YRhBpp6Q/0', null, '对对对', null, null, null, '1501213038');
INSERT INTO `ot_book_comment` VALUES ('186', '245', '3', '12143010', '『～青～  』', 'https://wx.qlogo.cn/mmopen/vi_32/R0YJ1QQMd9NX50iaAnUK5kMCPc6sqPInCeGu8JEJbZWhxmFNpHvnrCq63jIsCtJtePSkLB5pU5UyFGG68rKmv0g/0', null, '；；；', null, null, null, '1501491375');
INSERT INTO `ot_book_comment` VALUES ('187', '59', '0', '12143032', '无昵称', 'https://avatars0.githubusercontent.com/u/12462384?v=4&s=460', '0', '哈哈哈哈叫姐姐', '[]', null, '当前位置', '1501572340');
INSERT INTO `ot_book_comment` VALUES ('188', '59', '0', '12143032', '无昵称', 'https://avatars0.githubusercontent.com/u/12462384?v=4&s=460', '0', '哈哈哈哈叫姐姐', '[]', null, '当前位置', '1501572341');
INSERT INTO `ot_book_comment` VALUES ('189', '241', '3', '12143035', '李俊宇', 'http://wx.qlogo.cn/mmopen/1xtZjUtS8uewjM0bDOnrduNXia6YbMsF9uhYq2RQ1BibuY6mZyudiac2ZS4vxWs0QynLapiaOgLgrwRz3XH7oLVzSQLQqMedYskY/0', null, '不会变', null, null, null, '1501604059');
INSERT INTO `ot_book_comment` VALUES ('190', '241', '3', '12143035', '李俊宇', 'http://wx.qlogo.cn/mmopen/1xtZjUtS8uewjM0bDOnrduNXia6YbMsF9uhYq2RQ1BibuY6mZyudiac2ZS4vxWs0QynLapiaOgLgrwRz3XH7oLVzSQLQqMedYskY/0', null, '不好喝', null, null, null, '1501604073');
INSERT INTO `ot_book_comment` VALUES ('191', '245', '3', '12143035', '李俊宇', 'http://wx.qlogo.cn/mmopen/1xtZjUtS8uewjM0bDOnrduNXia6YbMsF9uhYq2RQ1BibuY6mZyudiac2ZS4vxWs0QynLapiaOgLgrwRz3XH7oLVzSQLQqMedYskY/0', null, '滚滚滚', null, null, null, '1501607568');
INSERT INTO `ot_book_comment` VALUES ('192', '245', '3', '12143035', '李俊宇', 'http://wx.qlogo.cn/mmopen/1xtZjUtS8uewjM0bDOnrduNXia6YbMsF9uhYq2RQ1BibuY6mZyudiac2ZS4vxWs0QynLapiaOgLgrwRz3XH7oLVzSQLQqMedYskY/0', null, '喝喝酒', null, null, null, '1501607972');
INSERT INTO `ot_book_comment` VALUES ('193', '243', '3', '12143035', '李俊宇', 'http://wx.qlogo.cn/mmopen/1xtZjUtS8uewjM0bDOnrduNXia6YbMsF9uhYq2RQ1BibuY6mZyudiac2ZS4vxWs0QynLapiaOgLgrwRz3XH7oLVzSQLQqMedYskY/0', null, '快快快', null, null, null, '1501608003');
INSERT INTO `ot_book_comment` VALUES ('194', '24', '1', '12143035', '李俊宇', 'http://wx.qlogo.cn/mmopen/1xtZjUtS8uewjM0bDOnrduNXia6YbMsF9uhYq2RQ1BibuY6mZyudiac2ZS4vxWs0QynLapiaOgLgrwRz3XH7oLVzSQLQqMedYskY/0', '4', '', '[]', '1', '当前位置', '1501640461');
INSERT INTO `ot_book_comment` VALUES ('195', '21', '1', '12143010', '『～青～  』', 'https://wx.qlogo.cn/mmopen/vi_32/R0YJ1QQMd9NX50iaAnUK5kMCPc6sqPInCeGu8JEJbZWhxmFNpHvnrCq63jIsCtJtePSkLB5pU5UyFGG68rKmv0g/0', '4', '环境不错', '[\"\\/uploads\\/20170802\\/105e9d2b165b6518b815d34b11052b86.png\"]', '8', null, '1501640542');
INSERT INTO `ot_book_comment` VALUES ('196', '252', '3', '12143032', '无昵称', 'https://avatars0.githubusercontent.com/u/12462384?v=4&s=460', null, '方法', null, null, null, '1501655323');
INSERT INTO `ot_book_comment` VALUES ('197', '252', '3', '12143035', '李俊宇', 'http://wx.qlogo.cn/mmopen/1xtZjUtS8uewjM0bDOnrduNXia6YbMsF9uhYq2RQ1BibuY6mZyudiac2ZS4vxWs0QynLapiaOgLgrwRz3XH7oLVzSQLQqMedYskY/0', null, '小弟弟', null, null, null, '1501656114');
INSERT INTO `ot_book_comment` VALUES ('198', '252', '3', '12143035', '李俊宇', 'http://wx.qlogo.cn/mmopen/1xtZjUtS8uewjM0bDOnrduNXia6YbMsF9uhYq2RQ1BibuY6mZyudiac2ZS4vxWs0QynLapiaOgLgrwRz3XH7oLVzSQLQqMedYskY/0', null, '干活哈哈', null, null, null, '1501656259');
INSERT INTO `ot_book_comment` VALUES ('199', '252', '3', '12143035', '李俊宇', 'http://wx.qlogo.cn/mmopen/1xtZjUtS8uewjM0bDOnrduNXia6YbMsF9uhYq2RQ1BibuY6mZyudiac2ZS4vxWs0QynLapiaOgLgrwRz3XH7oLVzSQLQqMedYskY/0', null, '得得得', null, null, null, '1501656451');
INSERT INTO `ot_book_comment` VALUES ('200', '252', '3', '12143003', '『～青～  』', 'https://wx.qlogo.cn/mmopen/vi_32/R0YJ1QQMd9NX50iaAnUK5kMCPc6sqPInCeGu8JEJbZWhxmFNpHvnrCq63jIsCtJtePSkLB5pU5UyFGG68rKmv0g/0', null, '你很好', null, null, null, '1501657506');
INSERT INTO `ot_book_comment` VALUES ('201', '252', '3', '12143035', '李俊宇', 'http://wx.qlogo.cn/mmopen/1xtZjUtS8uewjM0bDOnrduNXia6YbMsF9uhYq2RQ1BibuY6mZyudiac2ZS4vxWs0QynLapiaOgLgrwRz3XH7oLVzSQLQqMedYskY/0', null, '我很棒', null, null, null, '1501657894');
INSERT INTO `ot_book_comment` VALUES ('202', '252', '3', '12143035', '李俊宇', 'http://wx.qlogo.cn/mmopen/1xtZjUtS8uewjM0bDOnrduNXia6YbMsF9uhYq2RQ1BibuY6mZyudiac2ZS4vxWs0QynLapiaOgLgrwRz3XH7oLVzSQLQqMedYskY/0', null, '不不不', null, null, null, '1501657997');
INSERT INTO `ot_book_comment` VALUES ('203', '252', '3', '12143035', '李俊宇', 'http://wx.qlogo.cn/mmopen/1xtZjUtS8uewjM0bDOnrduNXia6YbMsF9uhYq2RQ1BibuY6mZyudiac2ZS4vxWs0QynLapiaOgLgrwRz3XH7oLVzSQLQqMedYskY/0', null, '得到', null, null, null, '1501658278');
INSERT INTO `ot_book_comment` VALUES ('204', '252', '3', '12143035', '李俊宇', 'http://wx.qlogo.cn/mmopen/1xtZjUtS8uewjM0bDOnrduNXia6YbMsF9uhYq2RQ1BibuY6mZyudiac2ZS4vxWs0QynLapiaOgLgrwRz3XH7oLVzSQLQqMedYskY/0', null, '得到', null, null, null, '1501658287');
INSERT INTO `ot_book_comment` VALUES ('205', '252', '3', '12143035', '李俊宇', 'http://wx.qlogo.cn/mmopen/1xtZjUtS8uewjM0bDOnrduNXia6YbMsF9uhYq2RQ1BibuY6mZyudiac2ZS4vxWs0QynLapiaOgLgrwRz3XH7oLVzSQLQqMedYskY/0', null, '该喝喝', null, null, null, '1501658437');
INSERT INTO `ot_book_comment` VALUES ('206', '59', '0', '12143035', '李俊宇', 'http://wx.qlogo.cn/mmopen/1xtZjUtS8uewjM0bDOnrduNXia6YbMsF9uhYq2RQ1BibuY6mZyudiac2ZS4vxWs0QynLapiaOgLgrwRz3XH7oLVzSQLQqMedYskY/0', '3', '刚刚干活', null, null, '当前位置', '1501658471');
INSERT INTO `ot_book_comment` VALUES ('207', '59', '0', '12143035', '李俊宇', 'http://wx.qlogo.cn/mmopen/1xtZjUtS8uewjM0bDOnrduNXia6YbMsF9uhYq2RQ1BibuY6mZyudiac2ZS4vxWs0QynLapiaOgLgrwRz3XH7oLVzSQLQqMedYskY/0', '3', '刚刚干活', null, null, '当前位置', '1501658556');
INSERT INTO `ot_book_comment` VALUES ('208', '58', '2', '12143035', '李俊宇', 'http://wx.qlogo.cn/mmopen/1xtZjUtS8uewjM0bDOnrduNXia6YbMsF9uhYq2RQ1BibuY6mZyudiac2ZS4vxWs0QynLapiaOgLgrwRz3XH7oLVzSQLQqMedYskY/0', '3', '吃饭饭', '[\"\\/uploads\\/20170802\\/fc73b8c7e45a736218a45dbcc77a51ab.jpg\"]', null, null, '1501658629');
INSERT INTO `ot_book_comment` VALUES ('209', '60', '2', '12143035', '李俊宇', 'http://wx.qlogo.cn/mmopen/1xtZjUtS8uewjM0bDOnrduNXia6YbMsF9uhYq2RQ1BibuY6mZyudiac2ZS4vxWs0QynLapiaOgLgrwRz3XH7oLVzSQLQqMedYskY/0', '2', '唱歌刚刚', null, null, '当前位置', '1501658753');
INSERT INTO `ot_book_comment` VALUES ('210', '58', '2', '12143035', '李俊宇', 'http://wx.qlogo.cn/mmopen/1xtZjUtS8uewjM0bDOnrduNXia6YbMsF9uhYq2RQ1BibuY6mZyudiac2ZS4vxWs0QynLapiaOgLgrwRz3XH7oLVzSQLQqMedYskY/0', '3', '古古怪怪', null, null, '当前位置', '1501659405');
INSERT INTO `ot_book_comment` VALUES ('211', '58', '2', '12143035', '李俊宇', 'http://wx.qlogo.cn/mmopen/1xtZjUtS8uewjM0bDOnrduNXia6YbMsF9uhYq2RQ1BibuY6mZyudiac2ZS4vxWs0QynLapiaOgLgrwRz3XH7oLVzSQLQqMedYskY/0', '4', '方法发个', null, null, '当前位置', '1501659497');
INSERT INTO `ot_book_comment` VALUES ('212', '58', '2', '12143035', '李俊宇', 'http://wx.qlogo.cn/mmopen/1xtZjUtS8uewjM0bDOnrduNXia6YbMsF9uhYq2RQ1BibuY6mZyudiac2ZS4vxWs0QynLapiaOgLgrwRz3XH7oLVzSQLQqMedYskY/0', '4', '发个刚刚', null, null, '当前位置', '1501659542');
INSERT INTO `ot_book_comment` VALUES ('213', '58', '2', '12143035', '李俊宇', 'http://wx.qlogo.cn/mmopen/1xtZjUtS8uewjM0bDOnrduNXia6YbMsF9uhYq2RQ1BibuY6mZyudiac2ZS4vxWs0QynLapiaOgLgrwRz3XH7oLVzSQLQqMedYskY/0', '4', 'vvvvv', null, null, '当前位置', '1501660548');
INSERT INTO `ot_book_comment` VALUES ('214', '58', '2', '12143035', '李俊宇', 'http://wx.qlogo.cn/mmopen/1xtZjUtS8uewjM0bDOnrduNXia6YbMsF9uhYq2RQ1BibuY6mZyudiac2ZS4vxWs0QynLapiaOgLgrwRz3XH7oLVzSQLQqMedYskY/0', '3', '哥古古怪怪', '[\"\\/uploads\\/20170802\\/10470d14a13fa513be418b09319f2235.jpg\",\"\\/uploads\\/20170802\\/0ab98728d1f86278ee8064bf2c6b5a35.jpg\"]', null, '当前位置', '1501660903');
INSERT INTO `ot_book_comment` VALUES ('215', '58', '2', '12143035', '李俊宇', 'http://wx.qlogo.cn/mmopen/1xtZjUtS8uewjM0bDOnrduNXia6YbMsF9uhYq2RQ1BibuY6mZyudiac2ZS4vxWs0QynLapiaOgLgrwRz3XH7oLVzSQLQqMedYskY/0', '3', '哥哥', '[\"\\/uploads\\/20170802\\/b22b3620e181f5657af9521dd38428f5.jpg\",\"\\/uploads\\/20170802\\/4f2a2771495d50b312d4be2ec8e90fa6.jpg\"]', null, null, '1501660976');
INSERT INTO `ot_book_comment` VALUES ('216', '253', '3', '12143015', 'Spencer', 'https://wx.qlogo.cn/mmopen/vi_32/DYAIOgq83erSvL5J5oqx9eLZd7rhqHXibP3rXhWMDwY0d9CAfvQgZ56fCTBVG06aZeAGNC17yay3f7bAMFY9iccg/0', null, '哈哈哈', null, null, null, '1501810523');
INSERT INTO `ot_book_comment` VALUES ('217', '66', '2', '12143035', '李俊宇', 'http://wx.qlogo.cn/mmopen/1xtZjUtS8uewjM0bDOnrduNXia6YbMsF9uhYq2RQ1BibuY6mZyudiac2ZS4vxWs0QynLapiaOgLgrwRz3XH7oLVzSQLQqMedYskY/0', '4', '古古怪怪', '[\"\\/uploads\\/20170804\\/ad953f0699e40bfe06af3ae17407d24f.jpeg\"]', null, '当前位置', '1501818404');
INSERT INTO `ot_book_comment` VALUES ('218', '60', '2', '12143035', '李俊宇', 'http://wx.qlogo.cn/mmopen/1xtZjUtS8uewjM0bDOnrduNXia6YbMsF9uhYq2RQ1BibuY6mZyudiac2ZS4vxWs0QynLapiaOgLgrwRz3XH7oLVzSQLQqMedYskY/0', '4', '古古怪怪', '[]', null, '当前位置', '1501829507');
INSERT INTO `ot_book_comment` VALUES ('219', '59', '2', '12143035', '李俊宇', 'http://wx.qlogo.cn/mmopen/1xtZjUtS8uewjM0bDOnrduNXia6YbMsF9uhYq2RQ1BibuY6mZyudiac2ZS4vxWs0QynLapiaOgLgrwRz3XH7oLVzSQLQqMedYskY/0', '3', '发个刚刚', '[]', null, '当前位置', '1501829919');
INSERT INTO `ot_book_comment` VALUES ('220', '59', '2', '12143035', '李俊宇', 'http://wx.qlogo.cn/mmopen/1xtZjUtS8uewjM0bDOnrduNXia6YbMsF9uhYq2RQ1BibuY6mZyudiac2ZS4vxWs0QynLapiaOgLgrwRz3XH7oLVzSQLQqMedYskY/0', '4', '嘎嘎嘎', '[]', null, '当前位置', '1501830154');
INSERT INTO `ot_book_comment` VALUES ('221', '66', '2', '12143026', 'Landom', 'https://wx.qlogo.cn/mmopen/vi_32/DYAIOgq83eo8NGFUCmeBfCSG98cPKicaLX5Wf7LIbHQjPIP9AacqxN4aqELhQo2u88EAmWs6Mic040m7qE7RiaMtQ/0', '4', '眼前的美不是美', '[]', '1', null, '1502240491');
INSERT INTO `ot_book_comment` VALUES ('222', '257', '3', '12143049', '', 'https://wx.qlogo.cn/mmopen/vi_32/Q0j4TwGTfTKRgRWWDAvicT9ywuytQzXFba8z4ljoo0X3MlUkwoGuChE6HV5yWuyxD3KMPyH22h0PDcM6r15dJ1A/0', null, '不要紧的', null, null, null, '1503042733');
INSERT INTO `ot_book_comment` VALUES ('223', '257', '3', '12143049', '', 'https://wx.qlogo.cn/mmopen/vi_32/Q0j4TwGTfTKRgRWWDAvicT9ywuytQzXFba8z4ljoo0X3MlUkwoGuChE6HV5yWuyxD3KMPyH22h0PDcM6r15dJ1A/0', null, '3秒', null, null, null, '1503042756');
INSERT INTO `ot_book_comment` VALUES ('224', '58', '2', '12143049', '', 'https://wx.qlogo.cn/mmopen/vi_32/Q0j4TwGTfTKRgRWWDAvicT9ywuytQzXFba8z4ljoo0X3MlUkwoGuChE6HV5yWuyxD3KMPyH22h0PDcM6r15dJ1A/0', '5', '贞贞，酱酱', '[]', '1', '海口市美兰区演丰规划馆(海口市演丰镇政府东北)', '1503650745');
INSERT INTO `ot_book_comment` VALUES ('225', '58', '2', '12143049', '', 'https://wx.qlogo.cn/mmopen/vi_32/Q0j4TwGTfTKRgRWWDAvicT9ywuytQzXFba8z4ljoo0X3MlUkwoGuChE6HV5yWuyxD3KMPyH22h0PDcM6r15dJ1A/0', '5', '酱酱酱酱', '[\"\\/uploads\\/20170825\\/823158f016323bb3e2f9834b032372f4.jpg\"]', '1', '海口市美兰区演丰规划馆(海口市演丰镇政府东北)', '1503651222');
INSERT INTO `ot_book_comment` VALUES ('226', '58', '2', '12143049', '', 'https://wx.qlogo.cn/mmopen/vi_32/Q0j4TwGTfTKRgRWWDAvicT9ywuytQzXFba8z4ljoo0X3MlUkwoGuChE6HV5yWuyxD3KMPyH22h0PDcM6r15dJ1A/0', '5', '健健康康啦咯啦咯啦咯窟窿亏了哦组团去怕凑YY天哦哟哦哟下午涂卡鳄鱼恤兔兔无聊咯下午舞台剧兔兔秃头图我', '[\"\\/uploads\\/20170825\\/322f186d9e845cec246ff0029ea9e73a.jpg\",\"\\/uploads\\/20170825\\/23c1a91e4062ba3c6050780fc5af6605.jpg\",\"\\/uploads\\/20170825\\/9c2bf1bc61fe2fea27070d4181edc235.jpg\",\"\\/uploads\\/20170825\\/5ed23f743b2b83abc66351d989ae263e.jpg\"]', '0', '海口市美兰区演丰规划馆(海口市演丰镇政府东北)', '1503651354');
INSERT INTO `ot_book_comment` VALUES ('227', '21', '1', '12143049', '', 'https://wx.qlogo.cn/mmopen/vi_32/Q0j4TwGTfTKRgRWWDAvicT9ywuytQzXFba8z4ljoo0X3MlUkwoGuChE6HV5yWuyxD3KMPyH22h0PDcM6r15dJ1A/0', '5', '离我嗯弄', '[]', '1', null, '1503888391');
INSERT INTO `ot_book_comment` VALUES ('228', '260', '3', '12143049', '', 'https://wx.qlogo.cn/mmopen/vi_32/Q0j4TwGTfTKRgRWWDAvicT9ywuytQzXFba8z4ljoo0X3MlUkwoGuChE6HV5yWuyxD3KMPyH22h0PDcM6r15dJ1A/0', null, '', null, null, null, '1504688224');
INSERT INTO `ot_book_comment` VALUES ('229', '266', '3', '12143049', '', 'https://wx.qlogo.cn/mmopen/vi_32/Q0j4TwGTfTKRgRWWDAvicT9ywuytQzXFba8z4ljoo0X3MlUkwoGuChE6HV5yWuyxD3KMPyH22h0PDcM6r15dJ1A/0', null, '', null, null, null, '1504688252');
INSERT INTO `ot_book_comment` VALUES ('230', '256', '3', '12143049', '', 'https://wx.qlogo.cn/mmopen/vi_32/Q0j4TwGTfTKRgRWWDAvicT9ywuytQzXFba8z4ljoo0X3MlUkwoGuChE6HV5yWuyxD3KMPyH22h0PDcM6r15dJ1A/0', null, '某件JJ图图', null, null, null, '1504752948');
INSERT INTO `ot_book_comment` VALUES ('231', '256', '3', '12143049', '', 'https://wx.qlogo.cn/mmopen/vi_32/Q0j4TwGTfTKRgRWWDAvicT9ywuytQzXFba8z4ljoo0X3MlUkwoGuChE6HV5yWuyxD3KMPyH22h0PDcM6r15dJ1A/0', null, '你先洗澡在真转', null, null, null, '1504752960');
INSERT INTO `ot_book_comment` VALUES ('232', '252', '3', '12143023', '东坡李', 'https://wx.qlogo.cn/mmopen/vi_32/XGLIdGUmJ07uIJTH4kSnCrlfQS3mXSmJ8zxxrqgz2F5uiaBLw1ancPicQnytPdV63KN4iaQHncgiciaqlibdhDobDW7w/0', null, '啊啊啊', null, null, null, '1504851221');
INSERT INTO `ot_book_comment` VALUES ('233', '283', '3', '12143027', 'function', 'https://wx.qlogo.cn/mmopen/vi_32/Q0j4TwGTfTKL672IAaby6KiaLClVeHHjibhuaAfvyUHKYAmJZhAvdcZQeJy1h1sz8sL8XiaB5fHd8VIJickRemS3Ng/0', null, '我的', null, null, null, '1505180789');
INSERT INTO `ot_book_comment` VALUES ('234', '282', '3', '12143027', 'function', 'https://wx.qlogo.cn/mmopen/vi_32/Q0j4TwGTfTKL672IAaby6KiaLClVeHHjibhuaAfvyUHKYAmJZhAvdcZQeJy1h1sz8sL8XiaB5fHd8VIJickRemS3Ng/0', null, '可以哦', null, null, null, '1505180803');
INSERT INTO `ot_book_comment` VALUES ('235', '66', '2', '12143027', 'function', 'https://wx.qlogo.cn/mmopen/vi_32/Q0j4TwGTfTKL672IAaby6KiaLClVeHHjibhuaAfvyUHKYAmJZhAvdcZQeJy1h1sz8sL8XiaB5fHd8VIJickRemS3Ng/0', '3', '23232', '[\"\\/uploads\\/20170913\\/5edf06d6dd92a395b5bca27fa6eabb08.jpg\"]', '0', '海南省海口市秀英区长滨东二街7号', '1505261969');
INSERT INTO `ot_book_comment` VALUES ('236', '284', '3', '12143049', '', 'https://wx.qlogo.cn/mmopen/vi_32/Q0j4TwGTfTKRgRWWDAvicT9ywuytQzXFba8z4ljoo0X3MlUkwoGuChE6HV5yWuyxD3KMPyH22h0PDcM6r15dJ1A/0', null, '某些', null, null, null, '1505295157');
INSERT INTO `ot_book_comment` VALUES ('237', '66', '2', '12143049', '', 'https://wx.qlogo.cn/mmopen/vi_32/Q0j4TwGTfTKRgRWWDAvicT9ywuytQzXFba8z4ljoo0X3MlUkwoGuChE6HV5yWuyxD3KMPyH22h0PDcM6r15dJ1A/0', '5', '别试了，肯定不行的。相信我@qq.com', '[\"\\/uploads\\/20170914\\/09206b736d6b5e45ab7084059b9398c1.jpg\",\"\\/uploads\\/20170914\\/37b804df9dcea6fc88ce02446c5f06b1.jpg\",\"\\/uploads\\/20170914\\/a7521b38a1018b5e426bcc15883b6590.jpg\",\"\\/uploads\\/20170914\\/ee8d24d33c5d029f3e9cda95610844d0.jpg\",\"\\/uploads\\/20170914\\/51260f3cff00abcbe1a49423d48a4aa3.jpg\",\"\\/uploads\\/20170914\\/8eb675aa864994c498c68c2df45c9955.jpg\",\"\\/uploads\\/20170914\\/eb60dc2f478bc7ded5b37e84f99ffeb0.jpg\",\"\\/uploads\\/20170914\\/45940495b3c9aef04f9f1299d54d909e.jpg\",\"\\/uploads\\/20170914\\/4862e8cf94d604de806c55c6d85129f1.jpg\"]', null, '海口市美兰区海口市演丰镇委西(瑶城一路)', '1505386651');
INSERT INTO `ot_book_comment` VALUES ('238', '58', '2', '12143049', '', 'https://wx.qlogo.cn/mmopen/vi_32/Q0j4TwGTfTKRgRWWDAvicT9ywuytQzXFba8z4ljoo0X3MlUkwoGuChE6HV5yWuyxD3KMPyH22h0PDcM6r15dJ1A/0', '0', '么么哒么么哒么么哒晚安么么哒么么哒晚安好梦晚安么么哒晚安老婆爱你老婆爱你爱你爱你爱你爱你么么哒～(^', null, null, '显示位置', '1505463813');
INSERT INTO `ot_book_comment` VALUES ('239', '65', '2', '12143049', '', 'https://wx.qlogo.cn/mmopen/vi_32/Q0j4TwGTfTKRgRWWDAvicT9ywuytQzXFba8z4ljoo0X3MlUkwoGuChE6HV5yWuyxD3KMPyH22h0PDcM6r15dJ1A/0', '4', '木老聚聚兔子小姨子投诉兔兔KTV图么么哒么么哒么么哒么么哒～(^з^)-♡', null, '0', '显示位置', '1505464100');
INSERT INTO `ot_book_comment` VALUES ('240', '65', '2', '12143049', '', 'https://wx.qlogo.cn/mmopen/vi_32/Q0j4TwGTfTKRgRWWDAvicT9ywuytQzXFba8z4ljoo0X3MlUkwoGuChE6HV5yWuyxD3KMPyH22h0PDcM6r15dJ1A/0', '5', '奴隶', null, null, '显示位置', '1505464289');
INSERT INTO `ot_book_comment` VALUES ('241', '24', '1', '12143049', '', 'https://wx.qlogo.cn/mmopen/vi_32/Q0j4TwGTfTKRgRWWDAvicT9ywuytQzXFba8z4ljoo0X3MlUkwoGuChE6HV5yWuyxD3KMPyH22h0PDcM6r15dJ1A/0', '5', '你很好', '[\"1.png\",\"2.png\"]', null, '红树林商业街', '1505464829');
INSERT INTO `ot_book_comment` VALUES ('242', '24', '1', '12143049', '', 'https://wx.qlogo.cn/mmopen/vi_32/Q0j4TwGTfTKRgRWWDAvicT9ywuytQzXFba8z4ljoo0X3MlUkwoGuChE6HV5yWuyxD3KMPyH22h0PDcM6r15dJ1A/0', '4', '么么啾亲爱的们摸摸头乖乖么么哒～(^з^)-♡', null, null, '海口市粮食局演丰粮食管理所', '1505465388');
INSERT INTO `ot_book_comment` VALUES ('243', '24', '1', '12143049', '', 'https://wx.qlogo.cn/mmopen/vi_32/Q0j4TwGTfTKRgRWWDAvicT9ywuytQzXFba8z4ljoo0X3MlUkwoGuChE6HV5yWuyxD3KMPyH22h0PDcM6r15dJ1A/0', '4', '柬埔寨', null, null, '海口市粮食局演丰粮食管理所', '1505466927');
INSERT INTO `ot_book_comment` VALUES ('244', '24', '1', '12143049', '', 'https://wx.qlogo.cn/mmopen/vi_32/Q0j4TwGTfTKRgRWWDAvicT9ywuytQzXFba8z4ljoo0X3MlUkwoGuChE6HV5yWuyxD3KMPyH22h0PDcM6r15dJ1A/0', '4', 'chl', '[\"\\/uploads\\/20170915\\/bf5f510681c44e256fdc872c69cc2e61.jpg\"]', null, '', '1505467102');
INSERT INTO `ot_book_comment` VALUES ('245', '24', '1', '12143049', '', 'https://wx.qlogo.cn/mmopen/vi_32/Q0j4TwGTfTKRgRWWDAvicT9ywuytQzXFba8z4ljoo0X3MlUkwoGuChE6HV5yWuyxD3KMPyH22h0PDcM6r15dJ1A/0', '4', '柬埔寨', '[\"\\/uploads\\/20170915\\/935ebb9e70737a431a8b3bd838804bae.jpg\",\"\\/uploads\\/20170915\\/d7449718563f59e4b47016dfdbdc4870.jpg\"]', null, '艺丰幼儿园', '1505467172');
INSERT INTO `ot_book_comment` VALUES ('246', '24', '1', '12143049', '', 'https://wx.qlogo.cn/mmopen/vi_32/Q0j4TwGTfTKRgRWWDAvicT9ywuytQzXFba8z4ljoo0X3MlUkwoGuChE6HV5yWuyxD3KMPyH22h0PDcM6r15dJ1A/0', '4', '毕竟不是自己', '[]', null, null, '1505467227');
INSERT INTO `ot_book_comment` VALUES ('247', '86', '2', '12143049', '', 'https://wx.qlogo.cn/mmopen/vi_32/Q0j4TwGTfTKRgRWWDAvicT9ywuytQzXFba8z4ljoo0X3MlUkwoGuChE6HV5yWuyxD3KMPyH22h0PDcM6r15dJ1A/0', '4', '不好看', '[\"\\/uploads\\/20170918\\/489840096627fedf8d96f8da0821b6ab.jpg\"]', null, '海口市美兰食品药品监督管理所', '1505719975');
INSERT INTO `ot_book_comment` VALUES ('248', '86', '2', '12143023', '东坡李', 'https://wx.qlogo.cn/mmopen/vi_32/XGLIdGUmJ07uIJTH4kSnCrlfQS3mXSmJ8zxxrqgz2F5uiaBLw1ancPicQnytPdV63KN4iaQHncgiciaqlibdhDobDW7w/0', '5', '很棒', '[]', null, null, '1505780810');
INSERT INTO `ot_book_comment` VALUES ('249', '60', '2', '12143018', '无昵称', 'https://avatars0.githubusercontent.com/u/12462384?v=4&s=460', '0', '', '[]', null, '当前位置', '1505792213');

-- ----------------------------
-- Table structure for `ot_book_comment_reply`
-- ----------------------------
DROP TABLE IF EXISTS `ot_book_comment_reply`;
CREATE TABLE `ot_book_comment_reply` (
  `id` int(15) NOT NULL AUTO_INCREMENT,
  `comment_id` int(10) NOT NULL,
  `user_name` varchar(10) NOT NULL COMMENT '回复者',
  `to_user_name` varchar(10) NOT NULL COMMENT '被回复者',
  `reply` varchar(225) NOT NULL,
  `create_time` int(10) NOT NULL,
  PRIMARY KEY (`id`)
) ENGINE=InnoDB AUTO_INCREMENT=51 DEFAULT CHARSET=utf8 COMMENT='动态回复表';

-- ----------------------------
-- Records of ot_book_comment_reply
-- ----------------------------
INSERT INTO `ot_book_comment_reply` VALUES ('32', '184', '狂野小青年', '狂野小青年', '订单', '1501213022');
INSERT INTO `ot_book_comment_reply` VALUES ('33', '181', 'Spencer', '', '嗯哦哦', '1501463861');
INSERT INTO `ot_book_comment_reply` VALUES ('34', '182', 'Spencer', '', '我吗', '1501463874');
INSERT INTO `ot_book_comment_reply` VALUES ('35', '194', '李俊宇', '李俊宇', '哈哈哈', '1501642439');
INSERT INTO `ot_book_comment_reply` VALUES ('36', '195', '『～青～  』', '小荣', '不想回复你', '1501657023');
INSERT INTO `ot_book_comment_reply` VALUES ('37', '191', '花无百日红', '李俊宇', '这么能吹牛呢？离得近的时候，没见你这么牛气……切……', '1502065908');
INSERT INTO `ot_book_comment_reply` VALUES ('38', '186', '花无百日红', '『～青～  』', '哈哈哈', '1502065918');
INSERT INTO `ot_book_comment_reply` VALUES ('39', '182', '', '', '贞贞', '1503650622');
INSERT INTO `ot_book_comment_reply` VALUES ('40', '185', '', '狂野小青年', '？？？', '1503982347');
INSERT INTO `ot_book_comment_reply` VALUES ('41', '184', '', '狂野小青年', '啦咯啦咯考虑图咯啦', '1503982363');
INSERT INTO `ot_book_comment_reply` VALUES ('42', '233', 'function', 'function', '万洲', '1505180797');
INSERT INTO `ot_book_comment_reply` VALUES ('43', '185', '', '狂野小青年', '靓靓晾', '1505206461');
INSERT INTO `ot_book_comment_reply` VALUES ('44', '184', '', '狂野小青年', '不可开交', '1505206476');
INSERT INTO `ot_book_comment_reply` VALUES ('45', '184', '', '狂野小青年', '李玲玲李丽丽55151克', '1505211950');
INSERT INTO `ot_book_comment_reply` VALUES ('46', '184', '', '狂野小青年', '哦里咯啦咯啦咯考虑兔兔图图UK路KKK路KKK图KKK就咯啦咯', '1505264844');
INSERT INTO `ot_book_comment_reply` VALUES ('47', '181', '', 'Spencer', '靓靓晾么么哒～(^з^)-♡', '1505548127');
INSERT INTO `ot_book_comment_reply` VALUES ('48', '195', '', '', '即刻出发了', '1505553936');
INSERT INTO `ot_book_comment_reply` VALUES ('49', '195', '', '', '所以就快点上车', '1505553957');
INSERT INTO `ot_book_comment_reply` VALUES ('50', '195', '', '', '我要下车这不是去幼儿园的路', '1505553980');

-- ----------------------------
-- Table structure for `ot_book_donate`
-- ----------------------------
DROP TABLE IF EXISTS `ot_book_donate`;
CREATE TABLE `ot_book_donate` (
  `id` int(10) NOT NULL AUTO_INCREMENT,
  `book_id` int(10) NOT NULL,
  `book_name` varchar(20) NOT NULL,
  `cover` varchar(255) NOT NULL,
  `user_id` int(8) NOT NULL,
  `user_name` varchar(6) NOT NULL,
  `user_phone` int(11) NOT NULL,
  `status` int(1) NOT NULL DEFAULT '0' COMMENT '0 未审核  1 审核通过',
  `donate_time` int(10) NOT NULL,
  `operator` varchar(10) NOT NULL,
  PRIMARY KEY (`id`)
) ENGINE=InnoDB AUTO_INCREMENT=113 DEFAULT CHARSET=utf8 COMMENT='捐书表';

-- ----------------------------
-- Records of ot_book_donate
-- ----------------------------
INSERT INTO `ot_book_donate` VALUES ('72', '0', '书名是shenme', '/uploads/20170728/ca90123235610a1fdd29d50ae368f388.png', '12143009', '狂野小青年', '2147483647', '0', '1501213097', '');
INSERT INTO `ot_book_donate` VALUES ('73', '76', '干活哈哈', '/uploads/20170802/4ab0ac76fe45149865534676d1c26cdf.jpg', '12143035', '李俊宇', '2147483647', '1', '1501604489', '小张');
INSERT INTO `ot_book_donate` VALUES ('74', '0', '您好', '/uploads/20170802/68ec10318094cfbe777f828babe912eb.jpg', '12143010', '『～青～ ', '2147483647', '0', '1501664350', '');
INSERT INTO `ot_book_donate` VALUES ('75', '0', 'hjjhh', '/uploads/20170804/dae8e88c59144950c3f88d80abccce97.jpg', '12143015', 'Spence', '2147483647', '0', '1501809421', '');
INSERT INTO `ot_book_donate` VALUES ('93', '86', '大冰', '/uploads/20170908/cb1768f94d2f3d0eef14384bd5bc9d68.jpg', '12143023', '东坡李', '2147483647', '1', '1504851104', '小张');
INSERT INTO `ot_book_donate` VALUES ('94', '78', '我的', '/uploads/20170912/b616a37d6643837dfd982e7cf35a3ee1.jpg', '12143027', 'functi', '2147483647', '1', '1505181086', '小张');
INSERT INTO `ot_book_donate` VALUES ('95', '84', '我的', '/uploads/20170912/3cd55aa2f947218a97ea7788fb96c1a5.jpg', '12143027', 'functi', '2147483647', '1', '1505181086', '小张');
INSERT INTO `ot_book_donate` VALUES ('96', '85', '程序员从入门到放弃', '/uploads/20170913/c1d8f0126f733c30b663e19c671825c4.jpg', '12143118', '啊咧这就是w', '2147483647', '1', '1505297731', '小张');
INSERT INTO `ot_book_donate` VALUES ('97', '0', '可信吗？', '/uploads/20170918/bba06a44dfc8ffd2f8f1c202acebe50a.jpg', '12143049', '', '2147483647', '0', '1505717823', '');
INSERT INTO `ot_book_donate` VALUES ('98', '0', '亮晶晶', 'http://qz.icloudinn.com/uploads/20170918/d1aef7023f970567b1150cdea0e7faed.jpg', '12143049', '', '2147483647', '0', '1505718285', '');
INSERT INTO `ot_book_donate` VALUES ('99', '0', '小虫们和大虫们', '1.png', '12143049', '', '2147483647', '0', '1505719783', '');
INSERT INTO `ot_book_donate` VALUES ('100', '0', '大佬们的风口浪尖', '2.png', '12143049', '', '2147483647', '0', '1505719783', '');
INSERT INTO `ot_book_donate` VALUES ('101', '0', '拒绝浮夸', '3.png', '12143049', '', '2147483647', '0', '1505719783', '');
INSERT INTO `ot_book_donate` VALUES ('102', '0', '你不知道的事', '4.png', '12143049', '', '2147483647', '0', '1505719783', '');
INSERT INTO `ot_book_donate` VALUES ('103', '0', '小虫们和大虫们', '1.png', '12143049', '', '2147483647', '0', '1505719792', '');
INSERT INTO `ot_book_donate` VALUES ('104', '0', '大佬们的风口浪尖', '2.png', '12143049', '', '2147483647', '0', '1505719792', '');
INSERT INTO `ot_book_donate` VALUES ('105', '0', '拒绝浮夸', '3.png', '12143049', '', '2147483647', '0', '1505719792', '');
INSERT INTO `ot_book_donate` VALUES ('106', '0', '你不知道的事', '4.png', '12143049', '', '2147483647', '0', '1505719792', '');
INSERT INTO `ot_book_donate` VALUES ('107', '0', '扣扣', '/uploads/20170918/af631df22b3ce5525d57636ba474c8e3.jpg', '12143049', '', '2147483647', '0', '1505725311', '');
INSERT INTO `ot_book_donate` VALUES ('108', '0', '小虫们和大虫们', '1.png', '12143018', '无昵称', '2147483647', '0', '1505731059', '');
INSERT INTO `ot_book_donate` VALUES ('109', '0', '大佬们的风口浪尖', '2.png', '12143018', '无昵称', '2147483647', '0', '1505731059', '');
INSERT INTO `ot_book_donate` VALUES ('110', '0', '拒绝浮夸', '3.png', '12143018', '无昵称', '2147483647', '0', '1505731059', '');
INSERT INTO `ot_book_donate` VALUES ('111', '0', '你不知道的事', '4.png', '12143018', '无昵称', '2147483647', '0', '1505731059', '');
INSERT INTO `ot_book_donate` VALUES ('112', '0', '小虫们和大虫们', '23423', '12143018', '无昵称', '2147483647', '0', '1505731200', '');

-- ----------------------------
-- Table structure for `ot_book_house`
-- ----------------------------
DROP TABLE IF EXISTS `ot_book_house`;
CREATE TABLE `ot_book_house` (
  `id` int(5) NOT NULL AUTO_INCREMENT,
  `child_id` int(5) NOT NULL,
  `name` varchar(10) NOT NULL,
  `intro` varchar(50) NOT NULL,
  `open_time` varchar(20) DEFAULT NULL,
  `lat` float(20,7) DEFAULT NULL,
  `lng` float(20,7) DEFAULT NULL,
  `location` varchar(50) DEFAULT NULL,
  `stutuse` int(1) DEFAULT NULL,
  `create_time` int(1) NOT NULL,
  PRIMARY KEY (`id`)
) ENGINE=InnoDB AUTO_INCREMENT=7 DEFAULT CHARSET=utf8 COMMENT='书屋表';

-- ----------------------------
-- Records of ot_book_house
-- ----------------------------
INSERT INTO `ot_book_house` VALUES ('1', '2', '四海书屋', '<p>路漫漫其修远兮... &nbsp; &nbsp; &nbsp; 也是看不懂 &nbsp; &a', '', '0.0000000', '0.0000000', '琼中县西河路', '1', '0');
INSERT INTO `ot_book_house` VALUES ('2', '2', '书香阁', '<p>好多美丽的书本&nbsp; &nbsp; &nbsp;&nbsp;</p>', null, '19.5642567', '110.6502609', null, null, '1495423982');
INSERT INTO `ot_book_house` VALUES ('3', '2', '蔚蓝海书屋', '<p>适当放松的方式 &nbsp; &nbsp; &nbsp;</p>', null, '0.0000000', '0.0000000', '', null, '1495424270');
INSERT INTO `ot_book_house` VALUES ('4', '2', '三味书屋', '<p>啦啦啦啦绿</p>', null, '0.0000000', '0.0000000', '', null, '1497854971');
INSERT INTO `ot_book_house` VALUES ('5', '3', '吗哪书屋', '<p>水深 &nbsp; &nbsp; &nbsp; &nbsp; &nbsp;</p>', null, '19.5533543', '110.6824570', '', null, '1499242492');
INSERT INTO `ot_book_house` VALUES ('6', '3', '水的书屋', '<p>我去</p>', null, '19.6710396', '110.6134644', '', null, '1505266646');

-- ----------------------------
-- Table structure for `ot_book_model`
-- ----------------------------
DROP TABLE IF EXISTS `ot_book_model`;
CREATE TABLE `ot_book_model` (
  `id` int(8) NOT NULL AUTO_INCREMENT,
  `name` varchar(30) NOT NULL,
  `auther` varchar(20) NOT NULL,
  `edition` varchar(10) DEFAULT NULL COMMENT '书籍版本',
  `nationality` varchar(10) NOT NULL DEFAULT '中国' COMMENT '国籍',
  `cover_img` varchar(100) DEFAULT NULL,
  `publisher` varchar(20) DEFAULT NULL COMMENT '出版社',
  `publish_time` int(10) DEFAULT NULL,
  `category_id` int(1) DEFAULT NULL COMMENT '书籍分类ID',
  `intro` varchar(200) DEFAULT NULL,
  `create_time` int(10) NOT NULL DEFAULT '0',
  `update_time` int(10) NOT NULL,
  PRIMARY KEY (`id`)
) ENGINE=InnoDB AUTO_INCREMENT=51 DEFAULT CHARSET=utf8 COMMENT='书模型表';

-- ----------------------------
-- Records of ot_book_model
-- ----------------------------
INSERT INTO `ot_book_model` VALUES ('9', '人性的弱点', '小徐', null, '中国', '/uploads/20170524/011f0a35275aa39b1c92281893b5918d.jpg', '撕得粉碎的', null, '0', '<p>商品简介\r\n &nbsp; &nbsp; &nbsp; &nbsp; &nbsp; &nbsp;</p>', '0', '0');
INSERT INTO `ot_book_model` VALUES ('10', '小学', '几块十几块', null, '中国', '/uploads/20170524/77a375e8ae9815f9a01b0b3098692084.jpg', '沙发当时的', null, '0', '<p>商品简介\r\n &nbsp; &nbsp; &nbsp; &nbsp; &nbsp; &nbsp;</p>', '1495611895', '1495611895');
INSERT INTO `ot_book_model` VALUES ('11', 'sdfs', 'sdf', null, '中国', '/uploads/20170525/db06f567f1c1808cf116714cd7079a02.jpg', 'sdfsdfsdf', null, null, '<p>商品简介 &nbsp; &nbsp; &nbsp; &nbsp; &nbsp; &nbsp; sfsdfsdfsdf</p>', '1495678174', '1495678174');
INSERT INTO `ot_book_model` VALUES ('12', 'sdfds', 'sdfsd', null, '中国', '/uploads/20170525/6078f5d2fee1374c1b33853bb6f9c5d2.jpg', 'sdfsdfsdf', null, null, '<p>商品简介 &nbsp; &nbsp; &nbsp; &nbsp; &nbsp; &nbsp;sdfsdfsdf&nbsp;</p>', '1495678864', '1495678864');
INSERT INTO `ot_book_model` VALUES ('13', 'fdsdfs', 'fsdf', null, '中国', '/uploads/20170525/440225e88defdfddd5e8bfdb8ad6ef26.jpg', 'sdfsd', null, null, '<p>商品简介 &nbsp; &nbsp; &nbsp; &nbsp; &nbsp; &nbsp; sdfsdfsdf</p>', '1495678983', '1495678983');
INSERT INTO `ot_book_model` VALUES ('14', '3434', '343', null, '中国', '/uploads/20170525/5426e9461c36ab624c770ff039a78230.jpg', '344', null, null, '<p>商品简介 &nbsp; &nbsp; &nbsp; &nbsp; &nbsp; &nbsp; 343434</p>', '1495679018', '1495679018');
INSERT INTO `ot_book_model` VALUES ('15', '好好', '你好', null, '中国', '/uploads/20170525/be70d125d74c308a55f3a58514126303.png', '我好', null, null, '<p>商品简介\r\n &nbsp; &nbsp; &nbsp; &nbsp; &nbsp; &nbsp;</p>', '1495679251', '1495679251');
INSERT INTO `ot_book_model` VALUES ('16', '计算机网络', '陈万洲', '第3版', '中国', '/uploads/20170525/17467a5dde2058d680451a3895dab631.jpg', '5', null, null, '<p>商品简介 &nbsp; &nbsp; &nbsp; &nbsp; &nbsp; 你好 的亲 &nbsp;</p>', '1495682856', '1495682856');
INSERT INTO `ot_book_model` VALUES ('17', '柏林：一座城市的肖像', '[英] 罗里·麦克林 ', '无', '[英] ', '/uploads/20170531/3a4f1f594f76112bb95c7eb6439c7eb3.jpg', '上海文艺出版社', null, '9', '<p>简介呢！！！&nbsp; &nbsp; &nbsp;&nbsp;</p>', '1496195653', '1496195653');
INSERT INTO `ot_book_model` VALUES ('18', '人性的弱点', ' 戴尔·卡耐基 ', '无', '[美]', '/uploads/20170531/0e0b27e5938cbf59fb2367ee37cfd8c9.jpg', '中国发展出版社', null, '5', '<p>适当放松的方式的 &nbsp; &nbsp; &nbsp;</p>', '1496200858', '1501810668');
INSERT INTO `ot_book_model` VALUES ('19', '高效能人士的七个习惯（精华版）', ' 史蒂芬·柯维 ', '无', '[美]', '/uploads/20170531/e8db8921162296ebe950dc08253f72fa.jpg', '中国青年出版社', null, '5', '<p>简介呢！！！&nbsp; &nbsp; &nbsp;&nbsp;</p>', '1496201081', '1501810687');
INSERT INTO `ot_book_model` VALUES ('20', '吃货的生物学修养', '王立铭 ', '无', '中国', '/uploads/20170531/2fe75acd7cdecba76ca158903d4049bd.jpg', '清华大学出版社', null, '5', '<p>简介呢！！！&nbsp; &nbsp; &nbsp;&nbsp;</p>', '1496201691', '1503307285');
INSERT INTO `ot_book_model` VALUES ('21', '植物性饮食革命', '美] 马可·博尔赫斯 ', '无', '', '/uploads/20170531/3f407dc9e491d5e4b6c907035d4247b0.jpg', ' 后浪丨北京联合出版公司', null, '7', '<p>简介呢！！！&nbsp; &nbsp; &nbsp;&nbsp;</p>', '1496201836', '1496201836');
INSERT INTO `ot_book_model` VALUES ('22', '设计心理学', 'Donald Norman ', '无', '', '/uploads/20170531/e663a4c43541b6f7ba3f65ede7df3733.jpg', '中信出版社', null, '9', '<p>简介呢！！！&nbsp; &nbsp; &nbsp;&nbsp;</p>', '1496201951', '1496201951');
INSERT INTO `ot_book_model` VALUES ('23', '情感化设计', '[美] Donald A·No', '无', '[美]', '/uploads/20170531/2498614ae5a975b77731ef12b1e71af5.jpg', '电子工业出版社', null, '9', '<p>简介呢！！！&nbsp; &nbsp; &nbsp;&nbsp;</p>', '1496202083', '1496202083');
INSERT INTO `ot_book_model` VALUES ('24', '认识电影', ' [美] 路易斯·贾内梯 / ', '无', ' [美] ', '/uploads/20170531/a3838df0e041b758414214116ca4b186.jpg', '世界图书出版公司', null, '9', '<p>简介呢！！！&nbsp; &nbsp; &nbsp;&nbsp;</p> ', '1496202299', '1496202299');
INSERT INTO `ot_book_model` VALUES ('25', '聪明的投资者', 'Benjamin Graham', '无', '美', '/uploads/20170531/7fe62676e7e20cc33672236f1719d6b9.jpg', '人民邮电出版社', null, '5', '<p>简介呢！！！&nbsp; &nbsp; &nbsp;&nbsp;</p>', '1496202397', '1501810590');
INSERT INTO `ot_book_model` VALUES ('26', '封闭式车库', '[法] 墨比斯 ', '无', '[法]', '/uploads/20170531/6e321062889d3cb61d33ef161cb6e147.jpg', '后浪丨北京联合出版公司', null, '5', '<p>简介呢！！！&nbsp; &nbsp; &nbsp;&nbsp;</p>', '1496202505', '1501810568');
INSERT INTO `ot_book_model` VALUES ('27', '德尔', '而', '无', '玩儿玩儿', '/uploads/20170602/86bd9c261950f421c5b520dd0bdc0dfa.jpg', '二二', null, '5', '<p>实在是着急 &nbsp; &nbsp; &nbsp;&nbsp;</p>', '1496370112', '1496370112');
INSERT INTO `ot_book_model` VALUES ('28', '非凡', '李转清', '无', '中国', null, '云宿网络', null, '5', '<p>一本难得好书 &nbsp; &nbsp; &nbsp; &nbsp; &nbsp;</p>', '1497950897', '1497950897');
INSERT INTO `ot_book_model` VALUES ('29', '外婆的道歉信', '韩寒', '无', '中国', '/uploads/20170621/03fd18eb4f9d0a7aabd09a60026c66d5.jpg', '撒旦撒旦', null, '5', '<p>我也是看不懂了</p><p>rerr</p>', '1497952047', '1500288085');
INSERT INTO `ot_book_model` VALUES ('30', '外婆家的汤', '李转清', '无', '中国', '/uploads/20170621/8b021160e696b2899e3caedfde0ae02a.jpg', '时代科技', null, '5', '<p>商品简介 &nbsp; &nbsp; &nbsp; 适当放松的方式的 &nbsp; &nbsp; &nbsp;</p>', '1497952512', '1501810650');
INSERT INTO `ot_book_model` VALUES ('31', '还好', '离局限于 ', '无', '俄文', '/uploads/20170621/14a587a740b7be43d8b258fc51b437d2.jpg', '问问', null, '5', '<p>商品简介 &nbsp; &nbsp; &nbsp; &nbsp; &nbsp; &nbsp; 东风东风股份</p>', '1498029738', '1498029738');
INSERT INTO `ot_book_model` VALUES ('32', '平凡之路', '李转清', '第1版', '中国', '/uploads/20170627/247b2b5c59b47a6b6e86a58dae1d4827.jpg', '云宿网络出版社', null, '5', '<p>很好的一本书，将了</p>', '1499394061', '1499394061');
INSERT INTO `ot_book_model` VALUES ('33', '哦null', '陈万洲', '无', '中国', '/uploads/20170707/693993ddcb79ddcc1086bcf35d54a489.jpg', '清华大学出版社', null, '5', '<p>不错的书本看</p>', '1499417291', '1499417291');
INSERT INTO `ot_book_model` VALUES ('34', '平凡之路', 'james', '第1版', 'china', '/uploads/20170715/affc717ff35b7e4ce59c94cf157bf39c.jpg', 'ccc', null, '5', '<p>商品简介\r\n &nbsp; &nbsp; &nbsp; &nbsp; &nbsp; &nbsp;</p>', '1500511698', '1500511698');
INSERT INTO `ot_book_model` VALUES ('35', '平凡之路', '李转清', '第2版', '中国', '/uploads/20170715/affc717ff35b7e4ce59c94cf157bf39c.jpg', '234523', null, '5', '<p>商品简介 &nbsp; &nbsp; &nbsp; &nbsp; &nbsp; &nbsp; 撒旦撒旦</p>', '1500511955', '1500511955');
INSERT INTO `ot_book_model` VALUES ('36', '平凡之路', '李转清', '第2版', '中国', '/uploads/20170715/affc717ff35b7e4ce59c94cf157bf39c.jpg', '234523', null, '5', '<p>商品简介 &nbsp; &nbsp; &nbsp; &nbsp; &nbsp; &nbsp; 撒旦撒旦</p>', '1500512045', '1500512045');
INSERT INTO `ot_book_model` VALUES ('37', '平凡之路', '李转清', '第2版', '中国', '/uploads/20170715/affc717ff35b7e4ce59c94cf157bf39c.jpg', '234523', null, '5', '<p>商品简介 &nbsp; &nbsp; &nbsp; &nbsp; &nbsp; &nbsp; 撒旦撒旦</p>', '1500512089', '1501810635');
INSERT INTO `ot_book_model` VALUES ('38', 'womom', '美女', '无', '美国', '/uploads/20170725/743304088b9e3d04fd8cf60e80ab76bd.jpg', '美女', null, '5', '<p>美女</p>', '1500976850', '1504686246');
INSERT INTO `ot_book_model` VALUES ('39', '平常', '李转清', '无', '中国', '/uploads/20170725/c4f3543ed895e4b066f8b2a1695fa104.jpg', '不认识', null, '5', '<p>商品简介 &nbsp; &nbsp; &nbsp; &nbsp; &nbsp; &nbsp; 我认为</p>', '1501027833', '1501810620');
INSERT INTO `ot_book_model` VALUES ('40', '干活哈哈', 'fwefwef', '无', 'fewfwe', '/uploads/20170802/4ab0ac76fe45149865534676d1c26cdf.jpg', 'efwef', null, '5', '<p>商品简介 &nbsp; &nbsp; &nbsp; &nbsp; &nbsp; &nbsp; dsfsdfdsfsdfs</p>', '1501667677', '1501810604');
INSERT INTO `ot_book_model` VALUES ('41', 'Angular JS', '', '无', '', '/uploads/20170821/8ab2e80bb99ccd176e2c8f9dddf3c5d4.jpg', '', null, '5', '<p>商品简介 &nbsp; &nbsp; &nbsp; &nbsp; &nbsp; &nbsp; 良药，哈哈</p>', '1503307558', '1503307558');
INSERT INTO `ot_book_model` VALUES ('42', '我的', '', '无', '', '/uploads/20170912/b616a37d6643837dfd982e7cf35a3ee1.jpg', '', null, '5', '<p>商品简介\r\n &nbsp; &nbsp; &nbsp; &nbsp; &nbsp; &nbsp;</p>', '1505291403', '1505291403');
INSERT INTO `ot_book_model` VALUES ('43', '图灵机的原理', '陈万洲', '无', '中国', '/uploads/20170912/3cd55aa2f947218a97ea7788fb96c1a5.jpg', '清华大学出版社', null, '5', '<p>嗯嗯嗯 &nbsp; &nbsp; &nbsp;&nbsp;</p>', '1505291541', '1505291541');
INSERT INTO `ot_book_model` VALUES ('44', '图灵机的原理', '陈万洲', '无', '中国', '/uploads/20170912/3cd55aa2f947218a97ea7788fb96c1a5.jpg', '清华大学出版社', null, '5', '<p>嗯嗯嗯 &nbsp; &nbsp; &nbsp;&nbsp;</p>', '1505291689', '1505291689');
INSERT INTO `ot_book_model` VALUES ('45', '图灵机的原理', '陈万洲', '无', '中国', '/uploads/20170912/3cd55aa2f947218a97ea7788fb96c1a5.jpg', '清华大学出版社', null, '5', '<p>商品简介\r\n &nbsp; &nbsp; &nbsp; &nbsp; &nbsp; &nbsp;</p>', '1505291700', '1505291700');
INSERT INTO `ot_book_model` VALUES ('46', '图灵机的原理', '陈万洲', '无', '中国', '/uploads/20170912/3cd55aa2f947218a97ea7788fb96c1a5.jpg', '清华大学出版社', null, '5', '<p>商品简介\r\n &nbsp; &nbsp; &nbsp; &nbsp; &nbsp; &nbsp;</p>', '1505291737', '1505291737');
INSERT INTO `ot_book_model` VALUES ('47', '图灵机的原理', '陈万洲', '无', '中国', '/uploads/20170912/3cd55aa2f947218a97ea7788fb96c1a5.jpg', '清华大学出版社', null, '5', '<p>商品简介\r\n &nbsp; &nbsp; &nbsp; &nbsp; &nbsp; &nbsp;</p>', '1505291740', '1505291740');
INSERT INTO `ot_book_model` VALUES ('48', '图灵机的原理', '陈万洲', '无', '中国', '/uploads/20170912/3cd55aa2f947218a97ea7788fb96c1a5.jpg', '清华大学出版社', null, '5', '<p>商品简介\r\n &nbsp; &nbsp; &nbsp; &nbsp; &nbsp; &nbsp;</p>', '1505291843', '1505291843');
INSERT INTO `ot_book_model` VALUES ('49', '程序员从入门到治疗颈椎', '吴薇', '无', '', '/uploads/20170913/c1d8f0126f733c30b663e19c671825c4.jpg', '', null, '9', '<p>商品简介\r\n &nbsp; &nbsp; &nbsp; &nbsp; &nbsp; &nbsp;</p>', '1505297797', '1505297797');
INSERT INTO `ot_book_model` VALUES ('50', '大冰', '', '无', '', '/uploads/20170908/cb1768f94d2f3d0eef14384bd5bc9d68.jpg', '', null, '5', '<p>商品简介\r\n &nbsp; &nbsp; &nbsp; &nbsp; &nbsp; &nbsp;</p>', '1505717302', '1505717302');

-- ----------------------------
-- Table structure for `ot_book_rent`
-- ----------------------------
DROP TABLE IF EXISTS `ot_book_rent`;
CREATE TABLE `ot_book_rent` (
  `id` int(10) NOT NULL AUTO_INCREMENT,
  `book_id` int(10) NOT NULL,
  `user_id` int(10) NOT NULL,
  `user_name` varchar(10) NOT NULL,
  `guaranty_money` float(10,2) NOT NULL DEFAULT '0.00' COMMENT '押金',
  `return_guaranty_money` float(10,2) NOT NULL DEFAULT '0.00' COMMENT '退还押金',
  `status` int(1) NOT NULL DEFAULT '0' COMMENT '0初始  1出租中 2已归还 3已到期',
  `operator` varchar(10) NOT NULL COMMENT '经办人',
  `rent_time` int(11) DEFAULT NULL COMMENT '出租时间',
  PRIMARY KEY (`id`)
) ENGINE=InnoDB AUTO_INCREMENT=261 DEFAULT CHARSET=utf8 COMMENT='租书表';

-- ----------------------------
-- Records of ot_book_rent
-- ----------------------------
INSERT INTO `ot_book_rent` VALUES ('75', '69', '12143010', '『～青～  』', '34.00', '0.00', '1', '', '1501227126');
INSERT INTO `ot_book_rent` VALUES ('76', '60', '12143009', '狂野小青年', '45.00', '0.00', '0', '', '1501462924');
INSERT INTO `ot_book_rent` VALUES ('77', '68', '12143009', '狂野小青年', '24.00', '0.00', '0', '', '1501463201');
INSERT INTO `ot_book_rent` VALUES ('78', '60', '12143015', 'Spencer', '45.00', '0.00', '0', '', '1501486795');
INSERT INTO `ot_book_rent` VALUES ('79', '59', '12143010', '『～青～  』', '29.00', '0.00', '0', '', '1501488076');
INSERT INTO `ot_book_rent` VALUES ('80', '68', '12143009', '狂野小青年', '24.00', '0.00', '0', '', '1501490652');
INSERT INTO `ot_book_rent` VALUES ('81', '68', '12143009', '狂野小青年', '24.00', '0.00', '0', '', '1501490658');
INSERT INTO `ot_book_rent` VALUES ('82', '68', '12143009', '狂野小青年', '24.00', '0.00', '0', '', '1501490664');
INSERT INTO `ot_book_rent` VALUES ('83', '68', '12143009', '狂野小青年', '24.00', '0.00', '0', '', '1501490687');
INSERT INTO `ot_book_rent` VALUES ('84', '68', '12143009', '狂野小青年', '24.00', '0.00', '1', '', '1501490755');
INSERT INTO `ot_book_rent` VALUES ('85', '60', '12143010', '『～青～  』', '45.00', '0.00', '0', '', '1501490869');
INSERT INTO `ot_book_rent` VALUES ('86', '65', '12143010', '『～青～  』', '88.00', '0.00', '0', '', '1501491019');
INSERT INTO `ot_book_rent` VALUES ('87', '65', '12143010', '『～青～  』', '88.00', '0.00', '0', '', '1501491120');
INSERT INTO `ot_book_rent` VALUES ('88', '59', '12143015', 'Spencer', '29.00', '0.00', '0', '', '1501576456');
INSERT INTO `ot_book_rent` VALUES ('89', '65', '12143010', '『～青～  』', '88.00', '0.00', '0', '', '1501723859');
INSERT INTO `ot_book_rent` VALUES ('90', '59', '12143003', '『～青～  』', '29.00', '0.00', '0', '', '1501808113');
INSERT INTO `ot_book_rent` VALUES ('91', '58', '12143015', 'Spencer', '25.00', '0.00', '0', '', '1501808167');
INSERT INTO `ot_book_rent` VALUES ('92', '60', '12143015', 'Spencer', '45.00', '0.00', '0', '', '1501809066');
INSERT INTO `ot_book_rent` VALUES ('93', '59', '12143015', 'Spencer', '29.00', '0.00', '0', '', '1501809135');
INSERT INTO `ot_book_rent` VALUES ('94', '69', '12143015', 'Spencer', '34.00', '0.00', '0', '', '1501809152');
INSERT INTO `ot_book_rent` VALUES ('95', '68', '12143015', 'Spencer', '24.00', '0.00', '0', '', '1501809983');
INSERT INTO `ot_book_rent` VALUES ('96', '74', '12143015', 'Spencer', '666.00', '0.00', '0', '', '1501810059');
INSERT INTO `ot_book_rent` VALUES ('97', '74', '12143015', 'Spencer', '0.10', '0.00', '0', '', '1501810152');
INSERT INTO `ot_book_rent` VALUES ('98', '74', '12143015', 'Spencer', '0.10', '0.00', '1', '', '1501810176');
INSERT INTO `ot_book_rent` VALUES ('99', '68', '12143015', 'Spencer', '24.00', '0.00', '0', '', '1501810282');
INSERT INTO `ot_book_rent` VALUES ('100', '58', '12143015', 'Spencer', '25.00', '0.00', '0', '', '1501810328');
INSERT INTO `ot_book_rent` VALUES ('101', '59', '12143003', '『～青～  』', '0.10', '0.00', '0', '', '1502187762');
INSERT INTO `ot_book_rent` VALUES ('102', '58', '12143032', '无昵称', '0.10', '0.00', '0', '', '1502188534');
INSERT INTO `ot_book_rent` VALUES ('103', '58', '12143032', '无昵称', '0.10', '0.00', '0', '', '1502188623');
INSERT INTO `ot_book_rent` VALUES ('104', '58', '12143032', '无昵称', '0.10', '0.00', '0', '', '1502188629');
INSERT INTO `ot_book_rent` VALUES ('105', '58', '12143032', '无昵称', '0.10', '0.00', '1', '', '1502188869');
INSERT INTO `ot_book_rent` VALUES ('106', '60', '12143032', '无昵称', '45.00', '0.00', '0', '', '1502189416');
INSERT INTO `ot_book_rent` VALUES ('107', '60', '12143015', 'Spencer', '45.00', '0.00', '0', '', '1502779011');
INSERT INTO `ot_book_rent` VALUES ('111', '59', '12143018', '无昵称', '0.10', '0.00', '0', '', '1504247362');
INSERT INTO `ot_book_rent` VALUES ('112', '76', '12143018', '无昵称', '0.10', '0.00', '0', '', '1504247376');
INSERT INTO `ot_book_rent` VALUES ('119', '58', '12143018', '无昵称', '0.10', '0.00', '0', '', '1504252290');
INSERT INTO `ot_book_rent` VALUES ('139', '58', '12143018', '无昵称', '0.10', '0.00', '0', '', '1504595040');
INSERT INTO `ot_book_rent` VALUES ('140', '59', '12143018', '无昵称', '0.10', '0.00', '0', '', '1504595098');
INSERT INTO `ot_book_rent` VALUES ('141', '58', '12143018', '无昵称', '0.10', '0.00', '0', '', '1504595110');
INSERT INTO `ot_book_rent` VALUES ('143', '58', '12143018', '无昵称', '0.10', '0.00', '0', '', '1504595182');
INSERT INTO `ot_book_rent` VALUES ('144', '76', '12143049', '', '0.10', '0.00', '0', '', '1504599965');
INSERT INTO `ot_book_rent` VALUES ('145', '76', '12143100', '无昵称', '0.10', '0.00', '0', '', '1504605149');
INSERT INTO `ot_book_rent` VALUES ('146', '76', '12143100', '无昵称', '0.10', '0.00', '0', '', '1504605167');
INSERT INTO `ot_book_rent` VALUES ('147', '75', '12143100', '无昵称', '0.10', '0.00', '0', '', '1504605266');
INSERT INTO `ot_book_rent` VALUES ('148', '74', '12143100', '无昵称', '0.10', '0.00', '0', '', '1504605297');
INSERT INTO `ot_book_rent` VALUES ('149', '75', '12143100', '无昵称', '0.10', '0.00', '0', '', '1504605581');
INSERT INTO `ot_book_rent` VALUES ('150', '75', '12143100', '无昵称', '0.10', '0.00', '0', '', '1504605617');
INSERT INTO `ot_book_rent` VALUES ('151', '75', '12143100', '无昵称', '0.10', '0.00', '0', '', '1504606448');
INSERT INTO `ot_book_rent` VALUES ('152', '75', '12143100', '无昵称', '0.10', '0.00', '0', '', '1504606841');
INSERT INTO `ot_book_rent` VALUES ('153', '75', '12143100', '无昵称', '0.10', '0.00', '0', '', '1504606866');
INSERT INTO `ot_book_rent` VALUES ('154', '58', '12143100', '无昵称', '0.10', '0.00', '0', '', '1504634099');
INSERT INTO `ot_book_rent` VALUES ('155', '58', '12143100', '无昵称', '0.10', '0.00', '0', '', '1504634100');
INSERT INTO `ot_book_rent` VALUES ('156', '58', '12143100', '无昵称', '0.10', '0.00', '0', '', '1504634279');
INSERT INTO `ot_book_rent` VALUES ('157', '58', '12143100', '无昵称', '0.10', '0.00', '0', '', '1504636341');
INSERT INTO `ot_book_rent` VALUES ('158', '58', '12143100', '无昵称', '0.10', '0.00', '0', '', '1504636346');
INSERT INTO `ot_book_rent` VALUES ('159', '58', '12143100', '无昵称', '0.10', '0.00', '0', '', '1504636347');
INSERT INTO `ot_book_rent` VALUES ('160', '75', '12143100', '无昵称', '0.10', '0.00', '0', '', '1504657040');
INSERT INTO `ot_book_rent` VALUES ('161', '75', '12143100', '无昵称', '0.10', '0.00', '1', '', '1504657045');
INSERT INTO `ot_book_rent` VALUES ('162', '75', '12143100', '无昵称', '0.10', '0.00', '1', '', '1504657245');
INSERT INTO `ot_book_rent` VALUES ('163', '75', '12143100', '无昵称', '0.10', '0.00', '0', '', '1504657976');
INSERT INTO `ot_book_rent` VALUES ('164', '58', '12143100', '无昵称', '0.10', '0.00', '0', '', '1504658037');
INSERT INTO `ot_book_rent` VALUES ('165', '65', '12143100', '无昵称', '0.10', '0.00', '0', '', '1504658046');
INSERT INTO `ot_book_rent` VALUES ('166', '74', '12143100', '无昵称', '0.10', '0.00', '0', '', '1504658073');
INSERT INTO `ot_book_rent` VALUES ('167', '74', '12143100', '无昵称', '0.10', '0.00', '0', '', '1504658093');
INSERT INTO `ot_book_rent` VALUES ('168', '74', '12143100', '无昵称', '0.10', '0.00', '0', '', '1504658093');
INSERT INTO `ot_book_rent` VALUES ('169', '75', '12143100', '无昵称', '0.10', '0.00', '0', '', '1504658252');
INSERT INTO `ot_book_rent` VALUES ('170', '75', '12143100', '无昵称', '0.10', '0.00', '1', '', '1504658255');
INSERT INTO `ot_book_rent` VALUES ('171', '75', '12143100', '无昵称', '0.10', '0.00', '1', '', '1504658369');
INSERT INTO `ot_book_rent` VALUES ('172', '75', '12143100', '无昵称', '0.10', '0.00', '0', '', '1504658384');
INSERT INTO `ot_book_rent` VALUES ('173', '75', '12143100', '无昵称', '0.10', '0.00', '0', '', '1504658808');
INSERT INTO `ot_book_rent` VALUES ('174', '74', '12143100', '无昵称', '0.10', '0.00', '0', '', '1504658818');
INSERT INTO `ot_book_rent` VALUES ('175', '74', '12143100', '无昵称', '0.10', '0.00', '0', '', '1504658821');
INSERT INTO `ot_book_rent` VALUES ('176', '74', '12143049', '', '0.10', '0.00', '1', '', '1504658858');
INSERT INTO `ot_book_rent` VALUES ('177', '75', '12143100', '无昵称', '0.10', '0.00', '0', '', '1504659535');
INSERT INTO `ot_book_rent` VALUES ('178', '75', '12143100', '无昵称', '0.10', '0.00', '1', '', '1504659536');
INSERT INTO `ot_book_rent` VALUES ('179', '75', '12143100', '无昵称', '0.10', '0.00', '0', '', '1504659626');
INSERT INTO `ot_book_rent` VALUES ('180', '75', '12143100', '无昵称', '0.10', '0.00', '1', '', '1504659637');
INSERT INTO `ot_book_rent` VALUES ('181', '74', '12143100', '无昵称', '0.10', '0.00', '0', '', '1504659821');
INSERT INTO `ot_book_rent` VALUES ('182', '74', '12143100', '无昵称', '0.10', '0.00', '0', '', '1504659830');
INSERT INTO `ot_book_rent` VALUES ('183', '74', '12143100', '无昵称', '0.10', '0.00', '1', '', '1504659847');
INSERT INTO `ot_book_rent` VALUES ('184', '65', '12143100', '无昵称', '0.10', '0.00', '0', '', '1504660768');
INSERT INTO `ot_book_rent` VALUES ('185', '65', '12143100', '无昵称', '0.10', '0.00', '1', '', '1504660771');
INSERT INTO `ot_book_rent` VALUES ('186', '65', '12143100', '无昵称', '0.10', '0.00', '0', '', '1504660863');
INSERT INTO `ot_book_rent` VALUES ('187', '63', '12143100', '无昵称', '36.00', '0.00', '0', '', '1504661481');
INSERT INTO `ot_book_rent` VALUES ('188', '63', '12143100', '无昵称', '36.00', '0.00', '0', '', '1504661489');
INSERT INTO `ot_book_rent` VALUES ('189', '62', '12143100', '无昵称', '23.00', '0.00', '0', '', '1504662062');
INSERT INTO `ot_book_rent` VALUES ('190', '60', '12143100', '无昵称', '45.00', '0.00', '0', '', '1504662076');
INSERT INTO `ot_book_rent` VALUES ('191', '73', '12143100', '无昵称', '0.10', '0.00', '0', '', '1504662086');
INSERT INTO `ot_book_rent` VALUES ('192', '69', '12143100', '无昵称', '0.10', '0.00', '0', '', '1504662106');
INSERT INTO `ot_book_rent` VALUES ('193', '69', '12143100', '无昵称', '0.10', '0.00', '0', '', '1504662134');
INSERT INTO `ot_book_rent` VALUES ('194', '76', '12143100', '无昵称', '0.10', '0.00', '0', '', '1504662473');
INSERT INTO `ot_book_rent` VALUES ('195', '73', '12143100', '无昵称', '0.10', '0.00', '0', '', '1504662991');
INSERT INTO `ot_book_rent` VALUES ('196', '73', '12143100', '无昵称', '0.10', '0.00', '1', '', '1504662998');
INSERT INTO `ot_book_rent` VALUES ('197', '76', '12143100', '无昵称', '0.10', '0.00', '0', '', '1504663194');
INSERT INTO `ot_book_rent` VALUES ('198', '76', '12143100', '无昵称', '0.10', '0.00', '1', '', '1504663196');
INSERT INTO `ot_book_rent` VALUES ('199', '74', '12143100', '无昵称', '0.10', '0.00', '0', '', '1504663307');
INSERT INTO `ot_book_rent` VALUES ('200', '74', '12143100', '无昵称', '0.10', '0.00', '1', '', '1504663308');
INSERT INTO `ot_book_rent` VALUES ('201', '74', '12143100', '无昵称', '0.10', '0.00', '0', '', '1504663403');
INSERT INTO `ot_book_rent` VALUES ('202', '74', '12143100', '无昵称', '0.10', '0.00', '1', '', '1504663406');
INSERT INTO `ot_book_rent` VALUES ('203', '66', '12143100', '无昵称', '0.10', '0.00', '0', '', '1504670116');
INSERT INTO `ot_book_rent` VALUES ('204', '66', '12143100', '无昵称', '0.10', '0.00', '0', '', '1504670116');
INSERT INTO `ot_book_rent` VALUES ('205', '66', '12143100', '无昵称', '0.10', '0.00', '0', '', '1504670136');
INSERT INTO `ot_book_rent` VALUES ('206', '66', '12143100', '无昵称', '0.10', '0.00', '0', '', '1504670176');
INSERT INTO `ot_book_rent` VALUES ('207', '66', '12143100', '无昵称', '0.10', '0.00', '0', '', '1504670256');
INSERT INTO `ot_book_rent` VALUES ('208', '74', '12143100', '无昵称', '0.10', '0.00', '0', '', '1504679166');
INSERT INTO `ot_book_rent` VALUES ('209', '74', '12143100', '无昵称', '0.10', '0.00', '0', '', '1504679187');
INSERT INTO `ot_book_rent` VALUES ('210', '58', '12143100', '无昵称', '0.10', '0.00', '0', '', '1504679296');
INSERT INTO `ot_book_rent` VALUES ('211', '65', '12143100', '无昵称', '0.10', '0.00', '0', '', '1504679421');
INSERT INTO `ot_book_rent` VALUES ('212', '65', '12143100', '无昵称', '0.10', '0.00', '0', '', '1504679437');
INSERT INTO `ot_book_rent` VALUES ('213', '58', '12143100', '无昵称', '0.10', '0.00', '0', '', '1504679576');
INSERT INTO `ot_book_rent` VALUES ('214', '58', '12143100', '无昵称', '0.10', '0.00', '0', '', '1504680687');
INSERT INTO `ot_book_rent` VALUES ('215', '58', '12143100', '无昵称', '0.10', '0.00', '0', '', '1504680864');
INSERT INTO `ot_book_rent` VALUES ('216', '58', '12143100', '无昵称', '0.10', '0.00', '0', '', '1504680866');
INSERT INTO `ot_book_rent` VALUES ('217', '58', '12143100', '无昵称', '0.10', '0.00', '0', '', '1504680867');
INSERT INTO `ot_book_rent` VALUES ('218', '58', '12143100', '无昵称', '0.10', '0.00', '0', '', '1504680868');
INSERT INTO `ot_book_rent` VALUES ('219', '58', '12143100', '无昵称', '0.10', '0.00', '0', '', '1504680908');
INSERT INTO `ot_book_rent` VALUES ('220', '58', '12143100', '无昵称', '0.10', '0.00', '0', '', '1504680909');
INSERT INTO `ot_book_rent` VALUES ('221', '58', '12143100', '无昵称', '0.10', '0.00', '0', '', '1504680910');
INSERT INTO `ot_book_rent` VALUES ('222', '58', '12143100', '无昵称', '0.10', '0.00', '0', '', '1504680953');
INSERT INTO `ot_book_rent` VALUES ('223', '76', '12143100', '无昵称', '0.10', '0.00', '0', '', '1504686347');
INSERT INTO `ot_book_rent` VALUES ('224', '76', '12143100', '无昵称', '0.10', '0.00', '0', '', '1504686372');
INSERT INTO `ot_book_rent` VALUES ('225', '76', '12143100', '无昵称', '0.10', '0.00', '0', '', '1504686412');
INSERT INTO `ot_book_rent` VALUES ('226', '76', '12143100', '无昵称', '0.10', '0.00', '1', '', '1504686418');
INSERT INTO `ot_book_rent` VALUES ('227', '58', '12143024', '花无百日红', '0.10', '0.00', '0', '', '1504855121');
INSERT INTO `ot_book_rent` VALUES ('228', '58', '12143024', '花无百日红', '0.10', '0.00', '0', '', '1504855121');
INSERT INTO `ot_book_rent` VALUES ('229', '58', '12143024', '花无百日红', '0.10', '0.00', '1', '', '1504855127');
INSERT INTO `ot_book_rent` VALUES ('230', '60', '12143040', '无昵称', '45.00', '0.00', '0', '', '1504858020');
INSERT INTO `ot_book_rent` VALUES ('231', '60', '12143040', '无昵称', '45.00', '0.00', '0', '', '1504858021');
INSERT INTO `ot_book_rent` VALUES ('232', '60', '12143040', '无昵称', '45.00', '0.00', '0', '', '1504858022');
INSERT INTO `ot_book_rent` VALUES ('233', '58', '12143049', '', '0.10', '0.00', '0', '', '1505297727');
INSERT INTO `ot_book_rent` VALUES ('234', '58', '12143049', '', '0.10', '0.00', '0', '', '1505297729');
INSERT INTO `ot_book_rent` VALUES ('235', '58', '12143049', '', '0.10', '0.00', '0', '', '1505297730');
INSERT INTO `ot_book_rent` VALUES ('236', '58', '12143049', '', '0.10', '0.00', '0', '', '1505297732');
INSERT INTO `ot_book_rent` VALUES ('237', '58', '12143049', '', '0.10', '0.00', '0', '', '1505297733');
INSERT INTO `ot_book_rent` VALUES ('238', '58', '12143049', '', '0.10', '0.00', '0', '', '1505297735');
INSERT INTO `ot_book_rent` VALUES ('239', '58', '12143049', '', '0.10', '0.00', '0', '', '1505297736');
INSERT INTO `ot_book_rent` VALUES ('240', '58', '12143049', '', '0.10', '0.00', '0', '', '1505297738');
INSERT INTO `ot_book_rent` VALUES ('241', '78', '12143049', '', '0.00', '0.00', '0', '', '1505297752');
INSERT INTO `ot_book_rent` VALUES ('242', '78', '12143049', '', '0.00', '0.00', '0', '', '1505297756');
INSERT INTO `ot_book_rent` VALUES ('243', '78', '12143049', '', '0.00', '0.00', '0', '', '1505297757');
INSERT INTO `ot_book_rent` VALUES ('244', '79', '12143049', '', '12.00', '0.00', '0', '', '1505297768');
INSERT INTO `ot_book_rent` VALUES ('245', '79', '12143049', '', '12.00', '0.00', '0', '', '1505297769');
INSERT INTO `ot_book_rent` VALUES ('246', '65', '12143049', '', '0.10', '0.00', '0', '', '1505297773');
INSERT INTO `ot_book_rent` VALUES ('247', '65', '12143049', '', '0.10', '0.00', '0', '', '1505297773');
INSERT INTO `ot_book_rent` VALUES ('248', '75', '12143049', '', '0.10', '0.00', '0', '', '1505297783');
INSERT INTO `ot_book_rent` VALUES ('249', '75', '12143049', '', '0.10', '0.00', '0', '', '1505297783');
INSERT INTO `ot_book_rent` VALUES ('250', '75', '12143049', '', '0.10', '0.00', '0', '', '1505297788');
INSERT INTO `ot_book_rent` VALUES ('251', '73', '12143118', '啊咧这就是ww的微信', '0.10', '0.00', '0', '', '1505297818');
INSERT INTO `ot_book_rent` VALUES ('252', '69', '12143118', '啊咧这就是ww的微信', '0.10', '0.00', '1', '', '1505297963');
INSERT INTO `ot_book_rent` VALUES ('253', '85', '12143049', '', '0.00', '0.00', '0', '', '1505298285');
INSERT INTO `ot_book_rent` VALUES ('254', '58', '12143049', '', '0.10', '0.00', '0', '', '1505697959');
INSERT INTO `ot_book_rent` VALUES ('255', '58', '12143049', '', '0.10', '0.00', '0', '', '1505697960');
INSERT INTO `ot_book_rent` VALUES ('256', '65', '12143049', '', '0.10', '0.00', '0', '', '1505697964');
INSERT INTO `ot_book_rent` VALUES ('257', '65', '12143049', '', '0.10', '0.00', '0', '', '1505697964');
INSERT INTO `ot_book_rent` VALUES ('258', '65', '12143049', '', '0.10', '0.00', '0', '', '1505697966');
INSERT INTO `ot_book_rent` VALUES ('259', '65', '12143049', '', '0.10', '0.00', '1', '', '1505697974');
INSERT INTO `ot_book_rent` VALUES ('260', '73', '12143049', '', '0.10', '0.00', '1', '', '1505699805');

-- ----------------------------
-- Table structure for `ot_book_write`
-- ----------------------------
DROP TABLE IF EXISTS `ot_book_write`;
CREATE TABLE `ot_book_write` (
  `id` int(5) NOT NULL AUTO_INCREMENT,
  `name` varchar(15) NOT NULL,
  `cover` varchar(255) DEFAULT NULL,
  `author` varchar(10) DEFAULT NULL,
  `create_time` int(10) DEFAULT NULL,
  PRIMARY KEY (`id`)
) ENGINE=InnoDB AUTO_INCREMENT=6 DEFAULT CHARSET=utf8 COMMENT='书童表';

-- ----------------------------
-- Records of ot_book_write
-- ----------------------------
INSERT INTO `ot_book_write` VALUES ('1', '公园东门马戏团', '/uploads/20170620/1a17886c857f1028f8eabffcc98745c7.jpg', '陈万洲', '1499047626');
INSERT INTO `ot_book_write` VALUES ('2', '大学中的山庄', '/uploads/20170620/daf91024f398d7decfc0222afb6929cf.jpg', '陈万洲', '1499047626');
INSERT INTO `ot_book_write` VALUES ('3', '外婆的道歉信', '/uploads/20170620/abd3a9248d0fa8fef30e231d8f1ced23.jpg', '陈万洲', '1499047626');
INSERT INTO `ot_book_write` VALUES ('5', '下雨天一个人在家', '/uploads/20170620/ffaab83095335bf26901ac30d1a44f4f.jpg', 'sdfsd', '1499047626');

-- ----------------------------
-- Table structure for `ot_book_write_chapter`
-- ----------------------------
DROP TABLE IF EXISTS `ot_book_write_chapter`;
CREATE TABLE `ot_book_write_chapter` (
  `id` int(10) NOT NULL AUTO_INCREMENT,
  `book_write_id` int(10) NOT NULL,
  `title` varchar(50) DEFAULT NULL COMMENT '章节标题',
  `sequence` int(3) NOT NULL COMMENT '序号、章节号',
  `content` text NOT NULL,
  `create_time` int(10) DEFAULT NULL,
  `update_time` int(10) DEFAULT NULL,
  PRIMARY KEY (`id`)
) ENGINE=InnoDB AUTO_INCREMENT=12 DEFAULT CHARSET=utf8 COMMENT='著书章节表';

-- ----------------------------
-- Records of ot_book_write_chapter
-- ----------------------------
INSERT INTO `ot_book_write_chapter` VALUES ('2', '1', '最后一个可以的标题', '2', '看不懂了额', '1499047626', '1505283278');
INSERT INTO `ot_book_write_chapter` VALUES ('3', '6', null, '1', '觉得就开始倒计时的', '1499041826', '1499041826');
INSERT INTO `ot_book_write_chapter` VALUES ('4', '1', '这也是一个可以的标题', '3', '那是什么呢？', '1499047626', '1505283221');
INSERT INTO `ot_book_write_chapter` VALUES ('5', '1', '可以的标题', '4', '看不懂的设计', '1499047743', '1505283203');
INSERT INTO `ot_book_write_chapter` VALUES ('6', '7', null, '1', '撕得粉碎的腐蚀毒粉', '1499047828', '1499047828');
INSERT INTO `ot_book_write_chapter` VALUES ('7', '2', '一本好看的书', '1', '未成更新吧', '1499072302', '1505283729');
INSERT INTO `ot_book_write_chapter` VALUES ('8', '3', '感动', '1', '外婆对我笑了', '1499072340', '1505283778');
INSERT INTO `ot_book_write_chapter` VALUES ('9', '5', '如果想念会有声音', '1', '一个人站长窗前看雨', '1499072378', '1505283814');
INSERT INTO `ot_book_write_chapter` VALUES ('10', '1', '小小年纪', '1', '你高兴就行', '1505211088', '1505287827');

-- ----------------------------
-- Table structure for `ot_cash_pledge`
-- ----------------------------
DROP TABLE IF EXISTS `ot_cash_pledge`;
CREATE TABLE `ot_cash_pledge` (
  `id` int(10) NOT NULL AUTO_INCREMENT,
  `order_id` int(10) NOT NULL,
  `user_id` int(11) NOT NULL,
  `cash` float(8,2) NOT NULL,
  `status` int(1) NOT NULL DEFAULT '0' COMMENT '0抵押中 ；1已退',
  `create_time` int(10) DEFAULT NULL,
  `update_time` int(10) DEFAULT NULL,
  PRIMARY KEY (`id`)
) ENGINE=InnoDB AUTO_INCREMENT=35 DEFAULT CHARSET=utf8 COMMENT='押金表';

-- ----------------------------
-- Records of ot_cash_pledge
-- ----------------------------

-- ----------------------------
-- Table structure for `ot_category`
-- ----------------------------
DROP TABLE IF EXISTS `ot_category`;
CREATE TABLE `ot_category` (
  `id` int(10) NOT NULL,
  `resource_type` int(2) DEFAULT NULL COMMENT '资源类型 1:民宿 2:书籍   ',
  `name` varchar(11) NOT NULL,
  PRIMARY KEY (`id`)
) ENGINE=InnoDB DEFAULT CHARSET=utf8 COMMENT='类别表';

-- ----------------------------
-- Records of ot_category
-- ----------------------------
INSERT INTO `ot_category` VALUES ('1', '1', '浪漫主题式');
INSERT INTO `ot_category` VALUES ('2', '1', '复古风情式');
INSERT INTO `ot_category` VALUES ('3', '1', '简约别致式');
INSERT INTO `ot_category` VALUES ('4', '1', '刀耕火种式');
INSERT INTO `ot_category` VALUES ('5', '2', '成功励志');
INSERT INTO `ot_category` VALUES ('6', '2', '美容塑身');
INSERT INTO `ot_category` VALUES ('7', '2', '心理学');
INSERT INTO `ot_category` VALUES ('8', '2', '经济管理');
INSERT INTO `ot_category` VALUES ('9', '2', '其他');

-- ----------------------------
-- Table structure for `ot_collect`
-- ----------------------------
DROP TABLE IF EXISTS `ot_collect`;
CREATE TABLE `ot_collect` (
  `id` int(10) NOT NULL AUTO_INCREMENT,
  `source_id` int(10) NOT NULL COMMENT '民宿ID  书籍ID',
  `user_id` int(10) NOT NULL,
  `type` int(1) NOT NULL COMMENT '资源类型  1：民宿  2：书本',
  `create_time` int(10) NOT NULL DEFAULT '0',
  `update_time` int(10) NOT NULL,
  PRIMARY KEY (`id`)
) ENGINE=InnoDB AUTO_INCREMENT=364 DEFAULT CHARSET=utf8 COMMENT='书模型表';

-- ----------------------------
-- Records of ot_collect
-- ----------------------------
INSERT INTO `ot_collect` VALUES ('281', '58', '12143010', '2', '0', '0');
INSERT INTO `ot_collect` VALUES ('288', '20', '12143004', '1', '0', '0');
INSERT INTO `ot_collect` VALUES ('289', '19', '12143004', '1', '0', '0');
INSERT INTO `ot_collect` VALUES ('295', '68', '12143026', '2', '0', '0');
INSERT INTO `ot_collect` VALUES ('300', '20', '12143032', '1', '0', '0');
INSERT INTO `ot_collect` VALUES ('306', '66', '12143035', '2', '0', '0');
INSERT INTO `ot_collect` VALUES ('307', '20', '12143010', '1', '0', '0');
INSERT INTO `ot_collect` VALUES ('308', '19', '12143015', '1', '0', '0');
INSERT INTO `ot_collect` VALUES ('309', '66', '12143026', '2', '0', '0');
INSERT INTO `ot_collect` VALUES ('316', '62', '12143018', '2', '0', '0');
INSERT INTO `ot_collect` VALUES ('317', '20', '12143018', '1', '0', '0');
INSERT INTO `ot_collect` VALUES ('322', '59', '12143049', '2', '0', '0');
INSERT INTO `ot_collect` VALUES ('323', '60', '12143049', '2', '0', '0');
INSERT INTO `ot_collect` VALUES ('337', '23', '12143049', '2', '0', '0');
INSERT INTO `ot_collect` VALUES ('343', '58', '12143009', '2', '0', '0');
INSERT INTO `ot_collect` VALUES ('347', '58', '12143049', '2', '0', '0');
INSERT INTO `ot_collect` VALUES ('351', '59', '12143100', '2', '0', '0');
INSERT INTO `ot_collect` VALUES ('352', '58', '12143100', '2', '0', '0');
INSERT INTO `ot_collect` VALUES ('354', '60', '12143040', '2', '0', '0');
INSERT INTO `ot_collect` VALUES ('356', '24', '12143027', '1', '0', '0');
INSERT INTO `ot_collect` VALUES ('358', '65', '12143049', '2', '0', '0');
INSERT INTO `ot_collect` VALUES ('363', '60', '12143018', '2', '0', '0');

-- ----------------------------
-- Table structure for `ot_comment`
-- ----------------------------
DROP TABLE IF EXISTS `ot_comment`;
CREATE TABLE `ot_comment` (
  `id` int(5) NOT NULL AUTO_INCREMENT,
  `source_id` int(10) DEFAULT NULL COMMENT '源ID 【名宿ID，书本ID】',
  `type` int(1) DEFAULT NULL COMMENT '1民宿 2书本  3动态(民宿评，书评、捐租）',
  `user_id` int(10) DEFAULT NULL,
  `user_name` varchar(10) NOT NULL,
  `head_img` varchar(255) NOT NULL,
  `recommend_exponent` int(11) DEFAULT '5' COMMENT '推荐指数',
  `content` varchar(50) NOT NULL,
  `imgs` varchar(1000) DEFAULT NULL,
  `praise_num` tinyint(5) DEFAULT NULL,
  `location` varchar(100) DEFAULT NULL,
  `create_time` int(10) DEFAULT NULL,
  PRIMARY KEY (`id`)
) ENGINE=InnoDB AUTO_INCREMENT=254 DEFAULT CHARSET=utf8 COMMENT='评论表';

-- ----------------------------
-- Records of ot_comment
-- ----------------------------
INSERT INTO `ot_comment` VALUES ('181', '58', '2', '12143010', '『～青～  』', 'https://wx.qlogo.cn/mmopen/vi_32/R0YJ1QQMd9NX50iaAnUK5kMCPc6sqPInCeGu8JEJbZWhxmFNpHvnrCq63jIsCtJtePSkLB5pU5UyFGG68rKmv0g/0', '4', '评论啦', '[]', null, null, '1501209269');
INSERT INTO `ot_comment` VALUES ('182', '58', '2', '12143015', 'Spencer', 'https://wx.qlogo.cn/mmopen/vi_32/DYAIOgq83erSvL5J5oqx9eLZd7rhqHXibP3rXhWMDwY0d9CAfvQgZ56fCTBVG06aZeAGNC17yay3f7bAMFY9iccg/0', '4', '评价', '[]', null, null, '1501209466');
INSERT INTO `ot_comment` VALUES ('183', '59', '2', '12143015', 'Spencer', 'https://wx.qlogo.cn/mmopen/vi_32/DYAIOgq83erSvL5J5oqx9eLZd7rhqHXibP3rXhWMDwY0d9CAfvQgZ56fCTBVG06aZeAGNC17yay3f7bAMFY9iccg/0', '4', '了解了', '[]', null, null, '1501212036');
INSERT INTO `ot_comment` VALUES ('184', '241', '3', '12143009', '狂野小青年', 'https://wx.qlogo.cn/mmopen/vi_32/Or35P61ibog1JYCazgLAVIFrDNAcA1Jkmc2qcTw7h8RmEoBN6Yzx57T3Wibh5Aparlia9VrnFIQiblHQib8YRhBpp6Q/0', null, '哦哦哦', null, null, null, '1501213015');
INSERT INTO `ot_comment` VALUES ('185', '240', '3', '12143009', '狂野小青年', 'https://wx.qlogo.cn/mmopen/vi_32/Or35P61ibog1JYCazgLAVIFrDNAcA1Jkmc2qcTw7h8RmEoBN6Yzx57T3Wibh5Aparlia9VrnFIQiblHQib8YRhBpp6Q/0', null, '对对对', null, null, null, '1501213038');
INSERT INTO `ot_comment` VALUES ('186', '245', '3', '12143010', '『～青～  』', 'https://wx.qlogo.cn/mmopen/vi_32/R0YJ1QQMd9NX50iaAnUK5kMCPc6sqPInCeGu8JEJbZWhxmFNpHvnrCq63jIsCtJtePSkLB5pU5UyFGG68rKmv0g/0', null, '；；；', null, null, null, '1501491375');
INSERT INTO `ot_comment` VALUES ('187', '59', '0', '12143032', '无昵称', 'https://avatars0.githubusercontent.com/u/12462384?v=4&s=460', '0', '哈哈哈哈叫姐姐', '[]', null, '当前位置', '1501572340');
INSERT INTO `ot_comment` VALUES ('188', '59', '0', '12143032', '无昵称', 'https://avatars0.githubusercontent.com/u/12462384?v=4&s=460', '0', '哈哈哈哈叫姐姐', '[]', null, '当前位置', '1501572341');
INSERT INTO `ot_comment` VALUES ('189', '241', '3', '12143035', '李俊宇', 'http://wx.qlogo.cn/mmopen/1xtZjUtS8uewjM0bDOnrduNXia6YbMsF9uhYq2RQ1BibuY6mZyudiac2ZS4vxWs0QynLapiaOgLgrwRz3XH7oLVzSQLQqMedYskY/0', null, '不会变', null, null, null, '1501604059');
INSERT INTO `ot_comment` VALUES ('190', '241', '3', '12143035', '李俊宇', 'http://wx.qlogo.cn/mmopen/1xtZjUtS8uewjM0bDOnrduNXia6YbMsF9uhYq2RQ1BibuY6mZyudiac2ZS4vxWs0QynLapiaOgLgrwRz3XH7oLVzSQLQqMedYskY/0', null, '不好喝', null, null, null, '1501604073');
INSERT INTO `ot_comment` VALUES ('191', '245', '3', '12143035', '李俊宇', 'http://wx.qlogo.cn/mmopen/1xtZjUtS8uewjM0bDOnrduNXia6YbMsF9uhYq2RQ1BibuY6mZyudiac2ZS4vxWs0QynLapiaOgLgrwRz3XH7oLVzSQLQqMedYskY/0', null, '滚滚滚', null, null, null, '1501607568');
INSERT INTO `ot_comment` VALUES ('192', '245', '3', '12143035', '李俊宇', 'http://wx.qlogo.cn/mmopen/1xtZjUtS8uewjM0bDOnrduNXia6YbMsF9uhYq2RQ1BibuY6mZyudiac2ZS4vxWs0QynLapiaOgLgrwRz3XH7oLVzSQLQqMedYskY/0', null, '喝喝酒', null, null, null, '1501607972');
INSERT INTO `ot_comment` VALUES ('193', '243', '3', '12143035', '李俊宇', 'http://wx.qlogo.cn/mmopen/1xtZjUtS8uewjM0bDOnrduNXia6YbMsF9uhYq2RQ1BibuY6mZyudiac2ZS4vxWs0QynLapiaOgLgrwRz3XH7oLVzSQLQqMedYskY/0', null, '快快快', null, null, null, '1501608003');
INSERT INTO `ot_comment` VALUES ('194', '24', '1', '12143035', '李俊宇', 'http://wx.qlogo.cn/mmopen/1xtZjUtS8uewjM0bDOnrduNXia6YbMsF9uhYq2RQ1BibuY6mZyudiac2ZS4vxWs0QynLapiaOgLgrwRz3XH7oLVzSQLQqMedYskY/0', '4', '', '[]', '1', '当前位置', '1501640461');
INSERT INTO `ot_comment` VALUES ('195', '21', '1', '12143010', '『～青～  』', 'https://wx.qlogo.cn/mmopen/vi_32/R0YJ1QQMd9NX50iaAnUK5kMCPc6sqPInCeGu8JEJbZWhxmFNpHvnrCq63jIsCtJtePSkLB5pU5UyFGG68rKmv0g/0', '4', '环境不错', '[\"\\/uploads\\/20170802\\/105e9d2b165b6518b815d34b11052b86.png\"]', '8', null, '1501640542');
INSERT INTO `ot_comment` VALUES ('196', '252', '3', '12143032', '无昵称', 'https://avatars0.githubusercontent.com/u/12462384?v=4&s=460', null, '方法', null, null, null, '1501655323');
INSERT INTO `ot_comment` VALUES ('197', '252', '3', '12143035', '李俊宇', 'http://wx.qlogo.cn/mmopen/1xtZjUtS8uewjM0bDOnrduNXia6YbMsF9uhYq2RQ1BibuY6mZyudiac2ZS4vxWs0QynLapiaOgLgrwRz3XH7oLVzSQLQqMedYskY/0', null, '小弟弟', null, null, null, '1501656114');
INSERT INTO `ot_comment` VALUES ('198', '252', '3', '12143035', '李俊宇', 'http://wx.qlogo.cn/mmopen/1xtZjUtS8uewjM0bDOnrduNXia6YbMsF9uhYq2RQ1BibuY6mZyudiac2ZS4vxWs0QynLapiaOgLgrwRz3XH7oLVzSQLQqMedYskY/0', null, '干活哈哈', null, null, null, '1501656259');
INSERT INTO `ot_comment` VALUES ('199', '252', '3', '12143035', '李俊宇', 'http://wx.qlogo.cn/mmopen/1xtZjUtS8uewjM0bDOnrduNXia6YbMsF9uhYq2RQ1BibuY6mZyudiac2ZS4vxWs0QynLapiaOgLgrwRz3XH7oLVzSQLQqMedYskY/0', null, '得得得', null, null, null, '1501656451');
INSERT INTO `ot_comment` VALUES ('200', '252', '3', '12143003', '『～青～  』', 'https://wx.qlogo.cn/mmopen/vi_32/R0YJ1QQMd9NX50iaAnUK5kMCPc6sqPInCeGu8JEJbZWhxmFNpHvnrCq63jIsCtJtePSkLB5pU5UyFGG68rKmv0g/0', null, '你很好', null, null, null, '1501657506');
INSERT INTO `ot_comment` VALUES ('201', '252', '3', '12143035', '李俊宇', 'http://wx.qlogo.cn/mmopen/1xtZjUtS8uewjM0bDOnrduNXia6YbMsF9uhYq2RQ1BibuY6mZyudiac2ZS4vxWs0QynLapiaOgLgrwRz3XH7oLVzSQLQqMedYskY/0', null, '我很棒', null, null, null, '1501657894');
INSERT INTO `ot_comment` VALUES ('202', '252', '3', '12143035', '李俊宇', 'http://wx.qlogo.cn/mmopen/1xtZjUtS8uewjM0bDOnrduNXia6YbMsF9uhYq2RQ1BibuY6mZyudiac2ZS4vxWs0QynLapiaOgLgrwRz3XH7oLVzSQLQqMedYskY/0', null, '不不不', null, null, null, '1501657997');
INSERT INTO `ot_comment` VALUES ('203', '252', '3', '12143035', '李俊宇', 'http://wx.qlogo.cn/mmopen/1xtZjUtS8uewjM0bDOnrduNXia6YbMsF9uhYq2RQ1BibuY6mZyudiac2ZS4vxWs0QynLapiaOgLgrwRz3XH7oLVzSQLQqMedYskY/0', null, '得到', null, null, null, '1501658278');
INSERT INTO `ot_comment` VALUES ('204', '252', '3', '12143035', '李俊宇', 'http://wx.qlogo.cn/mmopen/1xtZjUtS8uewjM0bDOnrduNXia6YbMsF9uhYq2RQ1BibuY6mZyudiac2ZS4vxWs0QynLapiaOgLgrwRz3XH7oLVzSQLQqMedYskY/0', null, '得到', null, null, null, '1501658287');
INSERT INTO `ot_comment` VALUES ('205', '252', '3', '12143035', '李俊宇', 'http://wx.qlogo.cn/mmopen/1xtZjUtS8uewjM0bDOnrduNXia6YbMsF9uhYq2RQ1BibuY6mZyudiac2ZS4vxWs0QynLapiaOgLgrwRz3XH7oLVzSQLQqMedYskY/0', null, '该喝喝', null, null, null, '1501658437');
INSERT INTO `ot_comment` VALUES ('206', '59', '0', '12143035', '李俊宇', 'http://wx.qlogo.cn/mmopen/1xtZjUtS8uewjM0bDOnrduNXia6YbMsF9uhYq2RQ1BibuY6mZyudiac2ZS4vxWs0QynLapiaOgLgrwRz3XH7oLVzSQLQqMedYskY/0', '3', '刚刚干活', null, null, '当前位置', '1501658471');
INSERT INTO `ot_comment` VALUES ('207', '59', '0', '12143035', '李俊宇', 'http://wx.qlogo.cn/mmopen/1xtZjUtS8uewjM0bDOnrduNXia6YbMsF9uhYq2RQ1BibuY6mZyudiac2ZS4vxWs0QynLapiaOgLgrwRz3XH7oLVzSQLQqMedYskY/0', '3', '刚刚干活', null, null, '当前位置', '1501658556');
INSERT INTO `ot_comment` VALUES ('208', '58', '2', '12143035', '李俊宇', 'http://wx.qlogo.cn/mmopen/1xtZjUtS8uewjM0bDOnrduNXia6YbMsF9uhYq2RQ1BibuY6mZyudiac2ZS4vxWs0QynLapiaOgLgrwRz3XH7oLVzSQLQqMedYskY/0', '3', '吃饭饭', '[\"\\/uploads\\/20170802\\/fc73b8c7e45a736218a45dbcc77a51ab.jpg\"]', null, null, '1501658629');
INSERT INTO `ot_comment` VALUES ('209', '60', '2', '12143035', '李俊宇', 'http://wx.qlogo.cn/mmopen/1xtZjUtS8uewjM0bDOnrduNXia6YbMsF9uhYq2RQ1BibuY6mZyudiac2ZS4vxWs0QynLapiaOgLgrwRz3XH7oLVzSQLQqMedYskY/0', '2', '唱歌刚刚', null, null, '当前位置', '1501658753');
INSERT INTO `ot_comment` VALUES ('210', '58', '2', '12143035', '李俊宇', 'http://wx.qlogo.cn/mmopen/1xtZjUtS8uewjM0bDOnrduNXia6YbMsF9uhYq2RQ1BibuY6mZyudiac2ZS4vxWs0QynLapiaOgLgrwRz3XH7oLVzSQLQqMedYskY/0', '3', '古古怪怪', null, null, '当前位置', '1501659405');
INSERT INTO `ot_comment` VALUES ('211', '58', '2', '12143035', '李俊宇', 'http://wx.qlogo.cn/mmopen/1xtZjUtS8uewjM0bDOnrduNXia6YbMsF9uhYq2RQ1BibuY6mZyudiac2ZS4vxWs0QynLapiaOgLgrwRz3XH7oLVzSQLQqMedYskY/0', '4', '方法发个', null, null, '当前位置', '1501659497');
INSERT INTO `ot_comment` VALUES ('212', '58', '2', '12143035', '李俊宇', 'http://wx.qlogo.cn/mmopen/1xtZjUtS8uewjM0bDOnrduNXia6YbMsF9uhYq2RQ1BibuY6mZyudiac2ZS4vxWs0QynLapiaOgLgrwRz3XH7oLVzSQLQqMedYskY/0', '4', '发个刚刚', null, null, '当前位置', '1501659542');
INSERT INTO `ot_comment` VALUES ('213', '58', '2', '12143035', '李俊宇', 'http://wx.qlogo.cn/mmopen/1xtZjUtS8uewjM0bDOnrduNXia6YbMsF9uhYq2RQ1BibuY6mZyudiac2ZS4vxWs0QynLapiaOgLgrwRz3XH7oLVzSQLQqMedYskY/0', '4', 'vvvvv', null, null, '当前位置', '1501660548');
INSERT INTO `ot_comment` VALUES ('214', '58', '2', '12143035', '李俊宇', 'http://wx.qlogo.cn/mmopen/1xtZjUtS8uewjM0bDOnrduNXia6YbMsF9uhYq2RQ1BibuY6mZyudiac2ZS4vxWs0QynLapiaOgLgrwRz3XH7oLVzSQLQqMedYskY/0', '3', '哥古古怪怪', '[\"\\/uploads\\/20170802\\/10470d14a13fa513be418b09319f2235.jpg\",\"\\/uploads\\/20170802\\/0ab98728d1f86278ee8064bf2c6b5a35.jpg\"]', null, '当前位置', '1501660903');
INSERT INTO `ot_comment` VALUES ('215', '58', '2', '12143035', '李俊宇', 'http://wx.qlogo.cn/mmopen/1xtZjUtS8uewjM0bDOnrduNXia6YbMsF9uhYq2RQ1BibuY6mZyudiac2ZS4vxWs0QynLapiaOgLgrwRz3XH7oLVzSQLQqMedYskY/0', '3', '哥哥', '[\"\\/uploads\\/20170802\\/b22b3620e181f5657af9521dd38428f5.jpg\",\"\\/uploads\\/20170802\\/4f2a2771495d50b312d4be2ec8e90fa6.jpg\"]', null, null, '1501660976');
INSERT INTO `ot_comment` VALUES ('216', '253', '3', '12143015', 'Spencer', 'https://wx.qlogo.cn/mmopen/vi_32/DYAIOgq83erSvL5J5oqx9eLZd7rhqHXibP3rXhWMDwY0d9CAfvQgZ56fCTBVG06aZeAGNC17yay3f7bAMFY9iccg/0', null, '哈哈哈', null, null, null, '1501810523');
INSERT INTO `ot_comment` VALUES ('217', '66', '2', '12143035', '李俊宇', 'http://wx.qlogo.cn/mmopen/1xtZjUtS8uewjM0bDOnrduNXia6YbMsF9uhYq2RQ1BibuY6mZyudiac2ZS4vxWs0QynLapiaOgLgrwRz3XH7oLVzSQLQqMedYskY/0', '4', '古古怪怪', '[\"\\/uploads\\/20170804\\/ad953f0699e40bfe06af3ae17407d24f.jpeg\"]', null, '当前位置', '1501818404');
INSERT INTO `ot_comment` VALUES ('218', '60', '2', '12143035', '李俊宇', 'http://wx.qlogo.cn/mmopen/1xtZjUtS8uewjM0bDOnrduNXia6YbMsF9uhYq2RQ1BibuY6mZyudiac2ZS4vxWs0QynLapiaOgLgrwRz3XH7oLVzSQLQqMedYskY/0', '4', '古古怪怪', '[]', null, '当前位置', '1501829507');
INSERT INTO `ot_comment` VALUES ('219', '59', '2', '12143035', '李俊宇', 'http://wx.qlogo.cn/mmopen/1xtZjUtS8uewjM0bDOnrduNXia6YbMsF9uhYq2RQ1BibuY6mZyudiac2ZS4vxWs0QynLapiaOgLgrwRz3XH7oLVzSQLQqMedYskY/0', '3', '发个刚刚', '[]', null, '当前位置', '1501829919');
INSERT INTO `ot_comment` VALUES ('220', '59', '2', '12143035', '李俊宇', 'http://wx.qlogo.cn/mmopen/1xtZjUtS8uewjM0bDOnrduNXia6YbMsF9uhYq2RQ1BibuY6mZyudiac2ZS4vxWs0QynLapiaOgLgrwRz3XH7oLVzSQLQqMedYskY/0', '4', '嘎嘎嘎', '[]', null, '当前位置', '1501830154');
INSERT INTO `ot_comment` VALUES ('221', '66', '2', '12143026', 'Landom', 'https://wx.qlogo.cn/mmopen/vi_32/DYAIOgq83eo8NGFUCmeBfCSG98cPKicaLX5Wf7LIbHQjPIP9AacqxN4aqELhQo2u88EAmWs6Mic040m7qE7RiaMtQ/0', '4', '眼前的美不是美', '[]', '1', null, '1502240491');
INSERT INTO `ot_comment` VALUES ('222', '257', '3', '12143049', '', 'https://wx.qlogo.cn/mmopen/vi_32/Q0j4TwGTfTKRgRWWDAvicT9ywuytQzXFba8z4ljoo0X3MlUkwoGuChE6HV5yWuyxD3KMPyH22h0PDcM6r15dJ1A/0', null, '不要紧的', null, null, null, '1503042733');
INSERT INTO `ot_comment` VALUES ('223', '257', '3', '12143049', '', 'https://wx.qlogo.cn/mmopen/vi_32/Q0j4TwGTfTKRgRWWDAvicT9ywuytQzXFba8z4ljoo0X3MlUkwoGuChE6HV5yWuyxD3KMPyH22h0PDcM6r15dJ1A/0', null, '3秒', null, null, null, '1503042756');
INSERT INTO `ot_comment` VALUES ('224', '58', '2', '12143049', '', 'https://wx.qlogo.cn/mmopen/vi_32/Q0j4TwGTfTKRgRWWDAvicT9ywuytQzXFba8z4ljoo0X3MlUkwoGuChE6HV5yWuyxD3KMPyH22h0PDcM6r15dJ1A/0', '5', '贞贞，酱酱', '[]', '1', '海口市美兰区演丰规划馆(海口市演丰镇政府东北)', '1503650745');
INSERT INTO `ot_comment` VALUES ('225', '58', '2', '12143049', '', 'https://wx.qlogo.cn/mmopen/vi_32/Q0j4TwGTfTKRgRWWDAvicT9ywuytQzXFba8z4ljoo0X3MlUkwoGuChE6HV5yWuyxD3KMPyH22h0PDcM6r15dJ1A/0', '5', '酱酱酱酱', '[\"\\/uploads\\/20170825\\/823158f016323bb3e2f9834b032372f4.jpg\"]', '1', '海口市美兰区演丰规划馆(海口市演丰镇政府东北)', '1503651222');
INSERT INTO `ot_comment` VALUES ('226', '58', '2', '12143049', '', 'https://wx.qlogo.cn/mmopen/vi_32/Q0j4TwGTfTKRgRWWDAvicT9ywuytQzXFba8z4ljoo0X3MlUkwoGuChE6HV5yWuyxD3KMPyH22h0PDcM6r15dJ1A/0', '5', '健健康康啦咯啦咯啦咯窟窿亏了哦组团去怕凑YY天哦哟哦哟下午涂卡鳄鱼恤兔兔无聊咯下午舞台剧兔兔秃头图我', '[\"\\/uploads\\/20170825\\/322f186d9e845cec246ff0029ea9e73a.jpg\",\"\\/uploads\\/20170825\\/23c1a91e4062ba3c6050780fc5af6605.jpg\",\"\\/uploads\\/20170825\\/9c2bf1bc61fe2fea27070d4181edc235.jpg\",\"\\/uploads\\/20170825\\/5ed23f743b2b83abc66351d989ae263e.jpg\"]', '0', '海口市美兰区演丰规划馆(海口市演丰镇政府东北)', '1503651354');
INSERT INTO `ot_comment` VALUES ('227', '21', '1', '12143049', '', 'https://wx.qlogo.cn/mmopen/vi_32/Q0j4TwGTfTKRgRWWDAvicT9ywuytQzXFba8z4ljoo0X3MlUkwoGuChE6HV5yWuyxD3KMPyH22h0PDcM6r15dJ1A/0', '5', '离我嗯弄', '[]', '1', null, '1503888391');
INSERT INTO `ot_comment` VALUES ('228', '260', '3', '12143049', '', 'https://wx.qlogo.cn/mmopen/vi_32/Q0j4TwGTfTKRgRWWDAvicT9ywuytQzXFba8z4ljoo0X3MlUkwoGuChE6HV5yWuyxD3KMPyH22h0PDcM6r15dJ1A/0', null, '', null, null, null, '1504688224');
INSERT INTO `ot_comment` VALUES ('229', '266', '3', '12143049', '', 'https://wx.qlogo.cn/mmopen/vi_32/Q0j4TwGTfTKRgRWWDAvicT9ywuytQzXFba8z4ljoo0X3MlUkwoGuChE6HV5yWuyxD3KMPyH22h0PDcM6r15dJ1A/0', null, '', null, null, null, '1504688252');
INSERT INTO `ot_comment` VALUES ('230', '256', '3', '12143049', '', 'https://wx.qlogo.cn/mmopen/vi_32/Q0j4TwGTfTKRgRWWDAvicT9ywuytQzXFba8z4ljoo0X3MlUkwoGuChE6HV5yWuyxD3KMPyH22h0PDcM6r15dJ1A/0', null, '某件JJ图图', null, null, null, '1504752948');
INSERT INTO `ot_comment` VALUES ('231', '256', '3', '12143049', '', 'https://wx.qlogo.cn/mmopen/vi_32/Q0j4TwGTfTKRgRWWDAvicT9ywuytQzXFba8z4ljoo0X3MlUkwoGuChE6HV5yWuyxD3KMPyH22h0PDcM6r15dJ1A/0', null, '你先洗澡在真转', null, null, null, '1504752960');
INSERT INTO `ot_comment` VALUES ('232', '252', '3', '12143023', '东坡李', 'https://wx.qlogo.cn/mmopen/vi_32/XGLIdGUmJ07uIJTH4kSnCrlfQS3mXSmJ8zxxrqgz2F5uiaBLw1ancPicQnytPdV63KN4iaQHncgiciaqlibdhDobDW7w/0', null, '啊啊啊', null, null, null, '1504851221');
INSERT INTO `ot_comment` VALUES ('233', '283', '3', '12143027', 'function', 'https://wx.qlogo.cn/mmopen/vi_32/Q0j4TwGTfTKL672IAaby6KiaLClVeHHjibhuaAfvyUHKYAmJZhAvdcZQeJy1h1sz8sL8XiaB5fHd8VIJickRemS3Ng/0', null, '我的', null, null, null, '1505180789');
INSERT INTO `ot_comment` VALUES ('234', '282', '3', '12143027', 'function', 'https://wx.qlogo.cn/mmopen/vi_32/Q0j4TwGTfTKL672IAaby6KiaLClVeHHjibhuaAfvyUHKYAmJZhAvdcZQeJy1h1sz8sL8XiaB5fHd8VIJickRemS3Ng/0', null, '可以哦', null, null, null, '1505180803');
INSERT INTO `ot_comment` VALUES ('235', '66', '2', '12143027', 'function', 'https://wx.qlogo.cn/mmopen/vi_32/Q0j4TwGTfTKL672IAaby6KiaLClVeHHjibhuaAfvyUHKYAmJZhAvdcZQeJy1h1sz8sL8XiaB5fHd8VIJickRemS3Ng/0', '3', '23232', '[\"\\/uploads\\/20170913\\/5edf06d6dd92a395b5bca27fa6eabb08.jpg\"]', '0', '海南省海口市秀英区长滨东二街7号', '1505261969');
INSERT INTO `ot_comment` VALUES ('236', '284', '3', '12143049', '', 'https://wx.qlogo.cn/mmopen/vi_32/Q0j4TwGTfTKRgRWWDAvicT9ywuytQzXFba8z4ljoo0X3MlUkwoGuChE6HV5yWuyxD3KMPyH22h0PDcM6r15dJ1A/0', null, '某些', null, null, null, '1505295157');
INSERT INTO `ot_comment` VALUES ('237', '66', '2', '12143049', '', 'https://wx.qlogo.cn/mmopen/vi_32/Q0j4TwGTfTKRgRWWDAvicT9ywuytQzXFba8z4ljoo0X3MlUkwoGuChE6HV5yWuyxD3KMPyH22h0PDcM6r15dJ1A/0', '5', '别试了，肯定不行的。相信我@qq.com', '[\"\\/uploads\\/20170914\\/09206b736d6b5e45ab7084059b9398c1.jpg\",\"\\/uploads\\/20170914\\/37b804df9dcea6fc88ce02446c5f06b1.jpg\",\"\\/uploads\\/20170914\\/a7521b38a1018b5e426bcc15883b6590.jpg\",\"\\/uploads\\/20170914\\/ee8d24d33c5d029f3e9cda95610844d0.jpg\",\"\\/uploads\\/20170914\\/51260f3cff00abcbe1a49423d48a4aa3.jpg\",\"\\/uploads\\/20170914\\/8eb675aa864994c498c68c2df45c9955.jpg\",\"\\/uploads\\/20170914\\/eb60dc2f478bc7ded5b37e84f99ffeb0.jpg\",\"\\/uploads\\/20170914\\/45940495b3c9aef04f9f1299d54d909e.jpg\",\"\\/uploads\\/20170914\\/4862e8cf94d604de806c55c6d85129f1.jpg\"]', null, '海口市美兰区海口市演丰镇委西(瑶城一路)', '1505386651');
INSERT INTO `ot_comment` VALUES ('238', '58', '2', '12143049', '', 'https://wx.qlogo.cn/mmopen/vi_32/Q0j4TwGTfTKRgRWWDAvicT9ywuytQzXFba8z4ljoo0X3MlUkwoGuChE6HV5yWuyxD3KMPyH22h0PDcM6r15dJ1A/0', '0', '么么哒么么哒么么哒晚安么么哒么么哒晚安好梦晚安么么哒晚安老婆爱你老婆爱你爱你爱你爱你爱你么么哒～(^', null, null, '显示位置', '1505463813');
INSERT INTO `ot_comment` VALUES ('239', '65', '2', '12143049', '', 'https://wx.qlogo.cn/mmopen/vi_32/Q0j4TwGTfTKRgRWWDAvicT9ywuytQzXFba8z4ljoo0X3MlUkwoGuChE6HV5yWuyxD3KMPyH22h0PDcM6r15dJ1A/0', '4', '木老聚聚兔子小姨子投诉兔兔KTV图么么哒么么哒么么哒么么哒～(^з^)-♡', null, '0', '显示位置', '1505464100');
INSERT INTO `ot_comment` VALUES ('240', '65', '2', '12143049', '', 'https://wx.qlogo.cn/mmopen/vi_32/Q0j4TwGTfTKRgRWWDAvicT9ywuytQzXFba8z4ljoo0X3MlUkwoGuChE6HV5yWuyxD3KMPyH22h0PDcM6r15dJ1A/0', '5', '奴隶', null, null, '显示位置', '1505464289');
INSERT INTO `ot_comment` VALUES ('241', '24', '1', '12143049', '', 'https://wx.qlogo.cn/mmopen/vi_32/Q0j4TwGTfTKRgRWWDAvicT9ywuytQzXFba8z4ljoo0X3MlUkwoGuChE6HV5yWuyxD3KMPyH22h0PDcM6r15dJ1A/0', '5', '你很好', '[\"1.png\",\"2.png\"]', null, '红树林商业街', '1505464829');
INSERT INTO `ot_comment` VALUES ('242', '24', '1', '12143049', '', 'https://wx.qlogo.cn/mmopen/vi_32/Q0j4TwGTfTKRgRWWDAvicT9ywuytQzXFba8z4ljoo0X3MlUkwoGuChE6HV5yWuyxD3KMPyH22h0PDcM6r15dJ1A/0', '4', '么么啾亲爱的们摸摸头乖乖么么哒～(^з^)-♡', null, null, '海口市粮食局演丰粮食管理所', '1505465388');
INSERT INTO `ot_comment` VALUES ('243', '24', '1', '12143049', '', 'https://wx.qlogo.cn/mmopen/vi_32/Q0j4TwGTfTKRgRWWDAvicT9ywuytQzXFba8z4ljoo0X3MlUkwoGuChE6HV5yWuyxD3KMPyH22h0PDcM6r15dJ1A/0', '4', '柬埔寨', null, null, '海口市粮食局演丰粮食管理所', '1505466927');
INSERT INTO `ot_comment` VALUES ('244', '24', '1', '12143049', '', 'https://wx.qlogo.cn/mmopen/vi_32/Q0j4TwGTfTKRgRWWDAvicT9ywuytQzXFba8z4ljoo0X3MlUkwoGuChE6HV5yWuyxD3KMPyH22h0PDcM6r15dJ1A/0', '4', 'chl', '[\"\\/uploads\\/20170915\\/bf5f510681c44e256fdc872c69cc2e61.jpg\"]', null, '', '1505467102');
INSERT INTO `ot_comment` VALUES ('245', '24', '1', '12143049', '', 'https://wx.qlogo.cn/mmopen/vi_32/Q0j4TwGTfTKRgRWWDAvicT9ywuytQzXFba8z4ljoo0X3MlUkwoGuChE6HV5yWuyxD3KMPyH22h0PDcM6r15dJ1A/0', '4', '柬埔寨', '[\"\\/uploads\\/20170915\\/935ebb9e70737a431a8b3bd838804bae.jpg\",\"\\/uploads\\/20170915\\/d7449718563f59e4b47016dfdbdc4870.jpg\"]', null, '艺丰幼儿园', '1505467172');
INSERT INTO `ot_comment` VALUES ('246', '24', '1', '12143049', '', 'https://wx.qlogo.cn/mmopen/vi_32/Q0j4TwGTfTKRgRWWDAvicT9ywuytQzXFba8z4ljoo0X3MlUkwoGuChE6HV5yWuyxD3KMPyH22h0PDcM6r15dJ1A/0', '4', '毕竟不是自己', '[]', null, null, '1505467227');
INSERT INTO `ot_comment` VALUES ('247', '86', '2', '12143049', '', 'https://wx.qlogo.cn/mmopen/vi_32/Q0j4TwGTfTKRgRWWDAvicT9ywuytQzXFba8z4ljoo0X3MlUkwoGuChE6HV5yWuyxD3KMPyH22h0PDcM6r15dJ1A/0', '4', '不好看', '[\"\\/uploads\\/20170918\\/489840096627fedf8d96f8da0821b6ab.jpg\"]', null, '海口市美兰食品药品监督管理所', '1505719975');
INSERT INTO `ot_comment` VALUES ('248', '86', '2', '12143023', '东坡李', 'https://wx.qlogo.cn/mmopen/vi_32/XGLIdGUmJ07uIJTH4kSnCrlfQS3mXSmJ8zxxrqgz2F5uiaBLw1ancPicQnytPdV63KN4iaQHncgiciaqlibdhDobDW7w/0', '5', '很棒', '[]', null, null, '1505780810');
INSERT INTO `ot_comment` VALUES ('249', '60', '2', '12143018', '无昵称', 'https://avatars0.githubusercontent.com/u/12462384?v=4&s=460', '0', '', '[]', null, '当前位置', '1505792213');
INSERT INTO `ot_comment` VALUES ('250', '299', '3', '12143018', '无昵称', 'https://avatars0.githubusercontent.com/u/12462384?v=4&s=460', null, 'dhhgv', null, null, null, '1505889783');
INSERT INTO `ot_comment` VALUES ('251', '299', '3', '12143018', '无昵称', 'https://avatars0.githubusercontent.com/u/12462384?v=4&s=460', null, 'dhhgvxvbvf', null, null, null, '1505889792');
INSERT INTO `ot_comment` VALUES ('252', '299', '3', '12143018', '无昵称', 'https://avatars0.githubusercontent.com/u/12462384?v=4&s=460', null, 'dhhgvxvbvfcgg', null, null, null, '1505897039');
INSERT INTO `ot_comment` VALUES ('253', '299', '3', '12143018', '无昵称', 'https://avatars0.githubusercontent.com/u/12462384?v=4&s=460', null, 'dhhgvxvbvfcggfhhh', null, null, null, '1505897048');

-- ----------------------------
-- Table structure for `ot_comment_reply`
-- ----------------------------
DROP TABLE IF EXISTS `ot_comment_reply`;
CREATE TABLE `ot_comment_reply` (
  `id` int(15) NOT NULL AUTO_INCREMENT,
  `comment_id` int(10) NOT NULL,
  `user_name` varchar(10) NOT NULL COMMENT '回复者',
  `to_user_name` varchar(10) NOT NULL COMMENT '被回复者',
  `reply` varchar(225) NOT NULL,
  `create_time` int(10) NOT NULL,
  PRIMARY KEY (`id`)
) ENGINE=InnoDB AUTO_INCREMENT=51 DEFAULT CHARSET=utf8 COMMENT='动态回复表';

-- ----------------------------
-- Records of ot_comment_reply
-- ----------------------------
INSERT INTO `ot_comment_reply` VALUES ('32', '184', '狂野小青年', '狂野小青年', '订单', '1501213022');
INSERT INTO `ot_comment_reply` VALUES ('33', '181', 'Spencer', '', '嗯哦哦', '1501463861');
INSERT INTO `ot_comment_reply` VALUES ('34', '182', 'Spencer', '', '我吗', '1501463874');
INSERT INTO `ot_comment_reply` VALUES ('35', '194', '李俊宇', '李俊宇', '哈哈哈', '1501642439');
INSERT INTO `ot_comment_reply` VALUES ('36', '195', '『～青～  』', '小荣', '不想回复你', '1501657023');
INSERT INTO `ot_comment_reply` VALUES ('37', '191', '花无百日红', '李俊宇', '这么能吹牛呢？离得近的时候，没见你这么牛气……切……', '1502065908');
INSERT INTO `ot_comment_reply` VALUES ('38', '186', '花无百日红', '『～青～  』', '哈哈哈', '1502065918');
INSERT INTO `ot_comment_reply` VALUES ('39', '182', '', '', '贞贞', '1503650622');
INSERT INTO `ot_comment_reply` VALUES ('40', '185', '', '狂野小青年', '？？？', '1503982347');
INSERT INTO `ot_comment_reply` VALUES ('41', '184', '', '狂野小青年', '啦咯啦咯考虑图咯啦', '1503982363');
INSERT INTO `ot_comment_reply` VALUES ('42', '233', 'function', 'function', '万洲', '1505180797');
INSERT INTO `ot_comment_reply` VALUES ('43', '185', '', '狂野小青年', '靓靓晾', '1505206461');
INSERT INTO `ot_comment_reply` VALUES ('44', '184', '', '狂野小青年', '不可开交', '1505206476');
INSERT INTO `ot_comment_reply` VALUES ('45', '184', '', '狂野小青年', '李玲玲李丽丽55151克', '1505211950');
INSERT INTO `ot_comment_reply` VALUES ('46', '184', '', '狂野小青年', '哦里咯啦咯啦咯考虑兔兔图图UK路KKK路KKK图KKK就咯啦咯', '1505264844');
INSERT INTO `ot_comment_reply` VALUES ('47', '181', '', 'Spencer', '靓靓晾么么哒～(^з^)-♡', '1505548127');
INSERT INTO `ot_comment_reply` VALUES ('48', '195', '', '', '即刻出发了', '1505553936');
INSERT INTO `ot_comment_reply` VALUES ('49', '195', '', '', '所以就快点上车', '1505553957');
INSERT INTO `ot_comment_reply` VALUES ('50', '195', '', '', '我要下车这不是去幼儿园的路', '1505553980');

-- ----------------------------
-- Table structure for `ot_delivery`
-- ----------------------------
DROP TABLE IF EXISTS `ot_delivery`;
CREATE TABLE `ot_delivery` (
  `id` int(10) NOT NULL AUTO_INCREMENT,
  `address` varchar(50) NOT NULL,
  `consignee` varchar(10) NOT NULL,
  `phone` varchar(11) NOT NULL,
  `create_time` int(10) NOT NULL,
  `update` int(10) NOT NULL,
  PRIMARY KEY (`id`)
) ENGINE=InnoDB DEFAULT CHARSET=utf8 COMMENT='收货地址表';

-- ----------------------------
-- Records of ot_delivery
-- ----------------------------

-- ----------------------------
-- Table structure for `ot_dynamic`
-- ----------------------------
DROP TABLE IF EXISTS `ot_dynamic`;
CREATE TABLE `ot_dynamic` (
  `id` int(15) NOT NULL AUTO_INCREMENT COMMENT '动态ID',
  `user_id` int(10) NOT NULL,
  `user_name` varchar(10) NOT NULL,
  `user_head_img` varchar(225) NOT NULL,
  `source_id` int(10) DEFAULT NULL,
  `type` int(1) NOT NULL DEFAULT '0' COMMENT '0未知 1心情  2民宿评 3书评 4捐书 5租书',
  `action` varchar(50) DEFAULT NULL,
  `location` varchar(100) DEFAULT NULL COMMENT '位置',
  `praise_num` int(5) NOT NULL COMMENT '点赞次数',
  `create_time` int(10) DEFAULT NULL,
  `update_time` int(10) DEFAULT NULL,
  PRIMARY KEY (`id`)
) ENGINE=InnoDB AUTO_INCREMENT=300 DEFAULT CHARSET=utf8 COMMENT='圈子动态表';

-- ----------------------------
-- Records of ot_dynamic
-- ----------------------------
INSERT INTO `ot_dynamic` VALUES ('240', '12143010', '『～青～  』', 'https://wx.qlogo.cn/mmopen/vi_32/R0YJ1QQMd9NX50iaAnUK5kMCPc6sqPInCeGu8JEJbZWhxmFNpHvnrCq63jIsCtJtePSkLB5pU5UyFGG68rKmv0g/0', '58', '2', '写了一个书评！', null, '5', '1501209269', '1505463813');
INSERT INTO `ot_dynamic` VALUES ('241', '12143015', 'Spencer', 'https://wx.qlogo.cn/mmopen/vi_32/DYAIOgq83erSvL5J5oqx9eLZd7rhqHXibP3rXhWMDwY0d9CAfvQgZ56fCTBVG06aZeAGNC17yay3f7bAMFY9iccg/0', '59', '2', '写了一个书评！', null, '7', '1501212036', '1501830154');
INSERT INTO `ot_dynamic` VALUES ('242', '12143009', '狂野小青年', 'https://wx.qlogo.cn/mmopen/vi_32/Or35P61ibog1JYCazgLAVIFrDNAcA1Jkmc2qcTw7h8RmEoBN6Yzx57T3Wibh5Aparlia9VrnFIQiblHQib8YRhBpp6Q/0', '72', '4', '捐了一本书：《书名是shenme》', null, '0', '1501213097', '1501213097');
INSERT INTO `ot_dynamic` VALUES ('243', '12143009', '狂野小青年', 'https://wx.qlogo.cn/mmopen/vi_32/Or35P61ibog1JYCazgLAVIFrDNAcA1Jkmc2qcTw7h8RmEoBN6Yzx57T3Wibh5Aparlia9VrnFIQiblHQib8YRhBpp6Q/0', '114', '3', '发布了一条心情！', null, '30', '1501213403', '1503981666');
INSERT INTO `ot_dynamic` VALUES ('244', '12143010', '『～青～  』', 'https://wx.qlogo.cn/mmopen/vi_32/R0YJ1QQMd9NX50iaAnUK5kMCPc6sqPInCeGu8JEJbZWhxmFNpHvnrCq63jIsCtJtePSkLB5pU5UyFGG68rKmv0g/0', '75', '5', '租了一本书：《外婆家的汤》', null, '0', '1501227126', '1501227126');
INSERT INTO `ot_dynamic` VALUES ('245', '12143024', '花无百日红', 'https://wx.qlogo.cn/mmopen/vi_32/DYAIOgq83eoKh06YN6vpArljJcmAlyasf3zgD330lLfSmgUOVNthzTibwwZeRYGFTicMZj1qO2icyVRPiaqfTgmDXA/0', '130', '3', '发布了一条心情！', null, '11', '1501460392', '1501899431');
INSERT INTO `ot_dynamic` VALUES ('246', '12143009', '狂野小青年', 'https://wx.qlogo.cn/mmopen/vi_32/Or35P61ibog1JYCazgLAVIFrDNAcA1Jkmc2qcTw7h8RmEoBN6Yzx57T3Wibh5Aparlia9VrnFIQiblHQib8YRhBpp6Q/0', '76', '5', '租了一本书：《吃货的生物学修养》', null, '0', '1501462924', '1501462924');
INSERT INTO `ot_dynamic` VALUES ('247', '12143009', '狂野小青年', 'https://wx.qlogo.cn/mmopen/vi_32/Or35P61ibog1JYCazgLAVIFrDNAcA1Jkmc2qcTw7h8RmEoBN6Yzx57T3Wibh5Aparlia9VrnFIQiblHQib8YRhBpp6Q/0', '77', '5', '租了一本书：《外婆的道歉信》', null, '0', '1501463201', '1501463201');
INSERT INTO `ot_dynamic` VALUES ('248', '12143015', 'Spencer', 'https://wx.qlogo.cn/mmopen/vi_32/DYAIOgq83erSvL5J5oqx9eLZd7rhqHXibP3rXhWMDwY0d9CAfvQgZ56fCTBVG06aZeAGNC17yay3f7bAMFY9iccg/0', '78', '5', '租了一本书：《吃货的生物学修养》', null, '0', '1501486795', '1501486795');
INSERT INTO `ot_dynamic` VALUES ('249', '12143010', '『～青～  』', 'https://wx.qlogo.cn/mmopen/vi_32/R0YJ1QQMd9NX50iaAnUK5kMCPc6sqPInCeGu8JEJbZWhxmFNpHvnrCq63jIsCtJtePSkLB5pU5UyFGG68rKmv0g/0', '79', '5', '租了一本书：《高效能人士的七个习惯（精华版）》', null, '0', '1501488076', '1501488076');
INSERT INTO `ot_dynamic` VALUES ('250', '12143009', '狂野小青年', 'https://wx.qlogo.cn/mmopen/vi_32/Or35P61ibog1JYCazgLAVIFrDNAcA1Jkmc2qcTw7h8RmEoBN6Yzx57T3Wibh5Aparlia9VrnFIQiblHQib8YRhBpp6Q/0', '84', '5', '租了一本书：《外婆的道歉信》', null, '0', null, null);
INSERT INTO `ot_dynamic` VALUES ('251', '12143035', '李俊宇', 'http://wx.qlogo.cn/mmopen/1xtZjUtS8uewjM0bDOnrduNXia6YbMsF9uhYq2RQ1BibuY6mZyudiac2ZS4vxWs0QynLapiaOgLgrwRz3XH7oLVzSQLQqMedYskY/0', '24', '1', '评论了民宿！', null, '41', '1501640461', '1505467227');
INSERT INTO `ot_dynamic` VALUES ('252', '12143010', '『～青～  』', 'https://wx.qlogo.cn/mmopen/vi_32/R0YJ1QQMd9NX50iaAnUK5kMCPc6sqPInCeGu8JEJbZWhxmFNpHvnrCq63jIsCtJtePSkLB5pU5UyFGG68rKmv0g/0', '21', '1', '评论了民宿！', null, '5', '1501640542', '1503888391');
INSERT INTO `ot_dynamic` VALUES ('253', '12143035', '李俊宇', 'http://wx.qlogo.cn/mmopen/1xtZjUtS8uewjM0bDOnrduNXia6YbMsF9uhYq2RQ1BibuY6mZyudiac2ZS4vxWs0QynLapiaOgLgrwRz3XH7oLVzSQLQqMedYskY/0', '60', '2', '写了一个书评！', null, '19', '1501658753', '1505805031');
INSERT INTO `ot_dynamic` VALUES ('254', '12143035', '李俊宇', 'http://wx.qlogo.cn/mmopen/1xtZjUtS8uewjM0bDOnrduNXia6YbMsF9uhYq2RQ1BibuY6mZyudiac2ZS4vxWs0QynLapiaOgLgrwRz3XH7oLVzSQLQqMedYskY/0', '73', '4', '租了一本书：《干活哈哈》', null, '0', '1501667677', '1501667677');
INSERT INTO `ot_dynamic` VALUES ('255', '12143015', 'Spencer', 'https://wx.qlogo.cn/mmopen/vi_32/DYAIOgq83erSvL5J5oqx9eLZd7rhqHXibP3rXhWMDwY0d9CAfvQgZ56fCTBVG06aZeAGNC17yay3f7bAMFY9iccg/0', '98', '5', '租了一本书：《womom》', null, '0', '1501810181', '1501810181');
INSERT INTO `ot_dynamic` VALUES ('256', '12143035', '李俊宇', 'http://wx.qlogo.cn/mmopen/1xtZjUtS8uewjM0bDOnrduNXia6YbMsF9uhYq2RQ1BibuY6mZyudiac2ZS4vxWs0QynLapiaOgLgrwRz3XH7oLVzSQLQqMedYskY/0', '66', '2', '写了一个书评！', null, '21', '1501818404', '1505386651');
INSERT INTO `ot_dynamic` VALUES ('257', '12143035', '李俊宇', 'http://wx.qlogo.cn/mmopen/1xtZjUtS8uewjM0bDOnrduNXia6YbMsF9uhYq2RQ1BibuY6mZyudiac2ZS4vxWs0QynLapiaOgLgrwRz3XH7oLVzSQLQqMedYskY/0', '131', '3', '发布了一条心情！', '', '5', '1501819011', '1501896080');
INSERT INTO `ot_dynamic` VALUES ('258', '12143035', '李俊宇', 'http://wx.qlogo.cn/mmopen/1xtZjUtS8uewjM0bDOnrduNXia6YbMsF9uhYq2RQ1BibuY6mZyudiac2ZS4vxWs0QynLapiaOgLgrwRz3XH7oLVzSQLQqMedYskY/0', '132', '3', '发布了一条心情！', '当前位置', '82', '1501819069', '1503302502');
INSERT INTO `ot_dynamic` VALUES ('259', '12143032', '无昵称', 'https://avatars0.githubusercontent.com/u/12462384?v=4&s=460', '105', '5', '租了一本书：《人性的弱点》', null, '0', '1502188879', '1502188879');
INSERT INTO `ot_dynamic` VALUES ('260', '12143018', '无昵称', 'https://avatars0.githubusercontent.com/u/12462384?v=4&s=460', '133', '3', '发布了一条心情！', '当前位置', '4', '1503303400', '1503981152');
INSERT INTO `ot_dynamic` VALUES ('261', '12143049', '', 'https://wx.qlogo.cn/mmopen/vi_32/Q0j4TwGTfTKRgRWWDAvicT9ywuytQzXFba8z4ljoo0X3MlUkwoGuChE6HV5yWuyxD3KMPyH22h0PDcM6r15dJ1A/0', '76', '4', '租了一本书：《Angular JS》', null, '0', '1503307558', '1503307558');
INSERT INTO `ot_dynamic` VALUES ('262', '12143049', '', 'https://wx.qlogo.cn/mmopen/vi_32/Q0j4TwGTfTKRgRWWDAvicT9ywuytQzXFba8z4ljoo0X3MlUkwoGuChE6HV5yWuyxD3KMPyH22h0PDcM6r15dJ1A/0', '108', '5', '租了一本书：《平凡之路》', null, '0', '1503307638', '1503307638');
INSERT INTO `ot_dynamic` VALUES ('263', '12143049', '', 'https://wx.qlogo.cn/mmopen/vi_32/Q0j4TwGTfTKRgRWWDAvicT9ywuytQzXFba8z4ljoo0X3MlUkwoGuChE6HV5yWuyxD3KMPyH22h0PDcM6r15dJ1A/0', '110', '5', '租了一本书：《高效能人士的七个习惯（精华版）》', null, '0', '1503307724', '1503307724');
INSERT INTO `ot_dynamic` VALUES ('264', '12143018', '无昵称', 'https://avatars0.githubusercontent.com/u/12462384?v=4&s=460', '134', '3', '发布了一条心情！', 'sdf', '0', '1504074959', '1504074959');
INSERT INTO `ot_dynamic` VALUES ('265', '12143049', '', 'https://wx.qlogo.cn/mmopen/vi_32/Q0j4TwGTfTKRgRWWDAvicT9ywuytQzXFba8z4ljoo0X3MlUkwoGuChE6HV5yWuyxD3KMPyH22h0PDcM6r15dJ1A/0', '135', '3', '发布了一条心情！', null, '4', '1504174254', '1505694163');
INSERT INTO `ot_dynamic` VALUES ('266', '12143049', '', 'https://wx.qlogo.cn/mmopen/vi_32/Q0j4TwGTfTKRgRWWDAvicT9ywuytQzXFba8z4ljoo0X3MlUkwoGuChE6HV5yWuyxD3KMPyH22h0PDcM6r15dJ1A/0', '136', '3', '发布了一条心情！', '显示位置', '15', '1504193469', '1505694166');
INSERT INTO `ot_dynamic` VALUES ('267', '12143100', '无昵称', 'https://avatars0.githubusercontent.com/u/12462384?v=4&s=460', '161', '5', '租了一本书：《平常》', null, '0', '1504657053', '1504657053');
INSERT INTO `ot_dynamic` VALUES ('268', '12143100', '无昵称', 'https://avatars0.githubusercontent.com/u/12462384?v=4&s=460', '162', '5', '租了一本书：《平常》', null, '0', '1504657258', '1504657258');
INSERT INTO `ot_dynamic` VALUES ('269', '12143100', '无昵称', 'https://avatars0.githubusercontent.com/u/12462384?v=4&s=460', '170', '5', '租了一本书：《平常》', null, '0', '1504658278', '1504658278');
INSERT INTO `ot_dynamic` VALUES ('270', '12143100', '无昵称', 'https://avatars0.githubusercontent.com/u/12462384?v=4&s=460', '171', '5', '租了一本书：《平常》', null, '0', '1504658393', '1504658393');
INSERT INTO `ot_dynamic` VALUES ('271', '12143049', '', 'https://wx.qlogo.cn/mmopen/vi_32/Q0j4TwGTfTKRgRWWDAvicT9ywuytQzXFba8z4ljoo0X3MlUkwoGuChE6HV5yWuyxD3KMPyH22h0PDcM6r15dJ1A/0', '176', '5', '租了一本书：《womom》', null, '0', '1504658863', '1504658863');
INSERT INTO `ot_dynamic` VALUES ('272', '12143100', '无昵称', 'https://avatars0.githubusercontent.com/u/12462384?v=4&s=460', '178', '5', '租了一本书：《平常》', null, '0', '1504659545', '1504659545');
INSERT INTO `ot_dynamic` VALUES ('273', '12143100', '无昵称', 'https://avatars0.githubusercontent.com/u/12462384?v=4&s=460', '180', '5', '租了一本书：《平常》', null, '0', '1504659650', '1504659650');
INSERT INTO `ot_dynamic` VALUES ('274', '12143100', '无昵称', 'https://avatars0.githubusercontent.com/u/12462384?v=4&s=460', '183', '5', '租了一本书：《womom》', null, '0', '1504659877', '1504659877');
INSERT INTO `ot_dynamic` VALUES ('275', '12143100', '无昵称', 'https://avatars0.githubusercontent.com/u/12462384?v=4&s=460', '185', '5', '租了一本书：《聪明的投资者》', null, '0', '1504660815', '1504660815');
INSERT INTO `ot_dynamic` VALUES ('276', '12143100', '无昵称', 'https://avatars0.githubusercontent.com/u/12462384?v=4&s=460', '196', '5', '租了一本书：《平凡之路》', null, '0', '1504663005', '1504663005');
INSERT INTO `ot_dynamic` VALUES ('277', '12143100', '无昵称', 'https://avatars0.githubusercontent.com/u/12462384?v=4&s=460', '198', '5', '租了一本书：《干活哈哈》', null, '0', '1504663203', '1504663203');
INSERT INTO `ot_dynamic` VALUES ('278', '12143100', '无昵称', 'https://avatars0.githubusercontent.com/u/12462384?v=4&s=460', '200', '5', '租了一本书：《womom》', null, '0', '1504663315', '1504663315');
INSERT INTO `ot_dynamic` VALUES ('279', '12143100', '无昵称', 'https://avatars0.githubusercontent.com/u/12462384?v=4&s=460', '202', '5', '租了一本书：《womom》', null, '0', '1504663412', '1504663412');
INSERT INTO `ot_dynamic` VALUES ('280', '12143100', '无昵称', 'https://avatars0.githubusercontent.com/u/12462384?v=4&s=460', '226', '5', '租了一本书：《干活哈哈》', null, '0', '1504686428', '1504686428');
INSERT INTO `ot_dynamic` VALUES ('281', '12143024', '花无百日红', 'https://wx.qlogo.cn/mmopen/vi_32/DYAIOgq83eoKh06YN6vpArljJcmAlyasf3zgD330lLfSmgUOVNthzTibwwZeRYGFTicMZj1qO2icyVRPiaqfTgmDXA/0', '229', '5', '租了一本书：《人性的弱点》', null, '0', '1504855141', '1504855141');
INSERT INTO `ot_dynamic` VALUES ('282', '12143023', '东坡李', 'https://wx.qlogo.cn/mmopen/vi_32/XGLIdGUmJ07uIJTH4kSnCrlfQS3mXSmJ8zxxrqgz2F5uiaBLw1ancPicQnytPdV63KN4iaQHncgiciaqlibdhDobDW7w/0', '137', '3', '发布了一条心情！', null, '6', '1504856555', '1505694158');
INSERT INTO `ot_dynamic` VALUES ('283', '12143027', 'function', 'https://wx.qlogo.cn/mmopen/vi_32/Q0j4TwGTfTKL672IAaby6KiaLClVeHHjibhuaAfvyUHKYAmJZhAvdcZQeJy1h1sz8sL8XiaB5fHd8VIJickRemS3Ng/0', '138', '3', '发布了一条心情！', '海口市美兰区演丰镇演丰规划馆(海口市演丰镇委东北)', '28', '1505180782', '1505694155');
INSERT INTO `ot_dynamic` VALUES ('284', '12143049', '', 'https://wx.qlogo.cn/mmopen/vi_32/Q0j4TwGTfTKRgRWWDAvicT9ywuytQzXFba8z4ljoo0X3MlUkwoGuChE6HV5yWuyxD3KMPyH22h0PDcM6r15dJ1A/0', '143', '3', '发布了一条心情！', '海南省海口市美兰区演丰镇西河路D栋104号', '3', '1505295136', '1505296412');
INSERT INTO `ot_dynamic` VALUES ('285', '12143118', '啊咧这就是ww的微信', 'https://wx.qlogo.cn/mmopen/vi_32/Q0j4TwGTfTLfdK4TVeqMLWR8cz7qz3g3zoQmrvibU3f3iaMDBHTuavjpQ1gjfvCMLggpzCxdyDTQgTvwgyRvBxyg/0', '96', '4', '租了一本书：《程序员从入门到治疗颈椎》', null, '0', '1505297797', '1505297797');
INSERT INTO `ot_dynamic` VALUES ('286', '12143118', '啊咧这就是ww的微信', 'https://wx.qlogo.cn/mmopen/vi_32/Q0j4TwGTfTLfdK4TVeqMLWR8cz7qz3g3zoQmrvibU3f3iaMDBHTuavjpQ1gjfvCMLggpzCxdyDTQgTvwgyRvBxyg/0', '252', '5', '租了一本书：《外婆家的汤》', null, '0', '1505297969', '1505297969');
INSERT INTO `ot_dynamic` VALUES ('287', '12143027', 'function', 'https://wx.qlogo.cn/mmopen/vi_32/Q0j4TwGTfTKL672IAaby6KiaLClVeHHjibhuaAfvyUHKYAmJZhAvdcZQeJy1h1sz8sL8XiaB5fHd8VIJickRemS3Ng/0', '144', '3', '发布了一条心情！', '海口市美兰区演丰镇演丰规划馆(海口市演丰镇委东北)', '0', '1505347420', '1505347420');
INSERT INTO `ot_dynamic` VALUES ('288', '12143049', '', 'https://wx.qlogo.cn/mmopen/vi_32/Q0j4TwGTfTKRgRWWDAvicT9ywuytQzXFba8z4ljoo0X3MlUkwoGuChE6HV5yWuyxD3KMPyH22h0PDcM6r15dJ1A/0', '145', '3', '发布了一条心情！', '中国农业银行(美兰分理处)', '0', '1505460499', '1505460499');
INSERT INTO `ot_dynamic` VALUES ('289', '12143049', '', 'https://wx.qlogo.cn/mmopen/vi_32/Q0j4TwGTfTKRgRWWDAvicT9ywuytQzXFba8z4ljoo0X3MlUkwoGuChE6HV5yWuyxD3KMPyH22h0PDcM6r15dJ1A/0', '146', '3', '发布了一条心情！', '海口市美兰食品药品监督管理所', '0', '1505460829', '1505460829');
INSERT INTO `ot_dynamic` VALUES ('290', '12143049', '', 'https://wx.qlogo.cn/mmopen/vi_32/Q0j4TwGTfTKRgRWWDAvicT9ywuytQzXFba8z4ljoo0X3MlUkwoGuChE6HV5yWuyxD3KMPyH22h0PDcM6r15dJ1A/0', '65', '2', '写了一个书评！', null, '1', '1505464100', '1505888453');
INSERT INTO `ot_dynamic` VALUES ('291', '12143018', '无昵称', 'https://avatars0.githubusercontent.com/u/12462384?v=4&s=460', '147', '3', '发布了一条心情！', 'sdf', '4', '1505695247', '1505889812');
INSERT INTO `ot_dynamic` VALUES ('292', '12143049', '', 'https://wx.qlogo.cn/mmopen/vi_32/Q0j4TwGTfTKRgRWWDAvicT9ywuytQzXFba8z4ljoo0X3MlUkwoGuChE6HV5yWuyxD3KMPyH22h0PDcM6r15dJ1A/0', '259', '5', '租了一本书：《聪明的投资者》', null, '0', '1505697980', '1505697980');
INSERT INTO `ot_dynamic` VALUES ('293', '12143049', '', 'https://wx.qlogo.cn/mmopen/vi_32/Q0j4TwGTfTKRgRWWDAvicT9ywuytQzXFba8z4ljoo0X3MlUkwoGuChE6HV5yWuyxD3KMPyH22h0PDcM6r15dJ1A/0', '260', '5', '租了一本书：《平凡之路》', null, '0', '1505699812', '1505699812');
INSERT INTO `ot_dynamic` VALUES ('294', '12143023', '东坡李', 'https://wx.qlogo.cn/mmopen/vi_32/XGLIdGUmJ07uIJTH4kSnCrlfQS3mXSmJ8zxxrqgz2F5uiaBLw1ancPicQnytPdV63KN4iaQHncgiciaqlibdhDobDW7w/0', '93', '4', '租了一本书：《大冰》', null, '0', '1505717303', '1505717303');
INSERT INTO `ot_dynamic` VALUES ('295', '12143049', '', 'https://wx.qlogo.cn/mmopen/vi_32/Q0j4TwGTfTKRgRWWDAvicT9ywuytQzXFba8z4ljoo0X3MlUkwoGuChE6HV5yWuyxD3KMPyH22h0PDcM6r15dJ1A/0', '86', '2', '写了一个书评！', null, '0', '1505719975', '1505780810');
INSERT INTO `ot_dynamic` VALUES ('296', '12143018', '无昵称', 'https://avatars0.githubusercontent.com/u/12462384?v=4&s=460', '148', '3', '发布了一条心情！', 'sdf', '0', '1505732749', '1505732749');
INSERT INTO `ot_dynamic` VALUES ('297', '12143018', '无昵称', 'https://avatars0.githubusercontent.com/u/12462384?v=4&s=460', '149', '3', '发布了一条心情！', 'sdf', '1', '1505733204', '1505889522');
INSERT INTO `ot_dynamic` VALUES ('298', '12143018', '无昵称', 'https://avatars0.githubusercontent.com/u/12462384?v=4&s=460', '150', '3', '发布了一条心情！', '当前位置', '0', '1505889513', '1505889513');
INSERT INTO `ot_dynamic` VALUES ('299', '12143018', '无昵称', 'https://avatars0.githubusercontent.com/u/12462384?v=4&s=460', '151', '3', '发布了一条心情！', '当前位置', '4', '1505889535', '1505889855');

-- ----------------------------
-- Table structure for `ot_dynamic_comment`
-- ----------------------------
DROP TABLE IF EXISTS `ot_dynamic_comment`;
CREATE TABLE `ot_dynamic_comment` (
  `id` int(5) NOT NULL AUTO_INCREMENT,
  `dynamic_id` int(10) DEFAULT NULL COMMENT '源ID 【名宿ID，书本ID】',
  `user_id` int(10) DEFAULT NULL,
  `user_name` varchar(10) NOT NULL,
  `head_img` varchar(255) NOT NULL,
  `content` varchar(50) NOT NULL,
  `praise_num` tinyint(5) DEFAULT NULL,
  `create_time` int(10) DEFAULT NULL,
  PRIMARY KEY (`id`)
) ENGINE=InnoDB AUTO_INCREMENT=257 DEFAULT CHARSET=utf8 COMMENT='动态评论表';

-- ----------------------------
-- Records of ot_dynamic_comment
-- ----------------------------
INSERT INTO `ot_dynamic_comment` VALUES ('181', '58', '12143010', '『～青～  』', 'https://wx.qlogo.cn/mmopen/vi_32/R0YJ1QQMd9NX50iaAnUK5kMCPc6sqPInCeGu8JEJbZWhxmFNpHvnrCq63jIsCtJtePSkLB5pU5UyFGG68rKmv0g/0', '评论啦', null, '1501209269');
INSERT INTO `ot_dynamic_comment` VALUES ('182', '58', '12143015', 'Spencer', 'https://wx.qlogo.cn/mmopen/vi_32/DYAIOgq83erSvL5J5oqx9eLZd7rhqHXibP3rXhWMDwY0d9CAfvQgZ56fCTBVG06aZeAGNC17yay3f7bAMFY9iccg/0', '评价', null, '1501209466');
INSERT INTO `ot_dynamic_comment` VALUES ('183', '59', '12143015', 'Spencer', 'https://wx.qlogo.cn/mmopen/vi_32/DYAIOgq83erSvL5J5oqx9eLZd7rhqHXibP3rXhWMDwY0d9CAfvQgZ56fCTBVG06aZeAGNC17yay3f7bAMFY9iccg/0', '了解了', null, '1501212036');
INSERT INTO `ot_dynamic_comment` VALUES ('184', '241', '12143009', '狂野小青年', 'https://wx.qlogo.cn/mmopen/vi_32/Or35P61ibog1JYCazgLAVIFrDNAcA1Jkmc2qcTw7h8RmEoBN6Yzx57T3Wibh5Aparlia9VrnFIQiblHQib8YRhBpp6Q/0', '哦哦哦', null, '1501213015');
INSERT INTO `ot_dynamic_comment` VALUES ('185', '240', '12143009', '狂野小青年', 'https://wx.qlogo.cn/mmopen/vi_32/Or35P61ibog1JYCazgLAVIFrDNAcA1Jkmc2qcTw7h8RmEoBN6Yzx57T3Wibh5Aparlia9VrnFIQiblHQib8YRhBpp6Q/0', '对对对', null, '1501213038');
INSERT INTO `ot_dynamic_comment` VALUES ('186', '245', '12143010', '『～青～  』', 'https://wx.qlogo.cn/mmopen/vi_32/R0YJ1QQMd9NX50iaAnUK5kMCPc6sqPInCeGu8JEJbZWhxmFNpHvnrCq63jIsCtJtePSkLB5pU5UyFGG68rKmv0g/0', '；；；', null, '1501491375');
INSERT INTO `ot_dynamic_comment` VALUES ('187', '59', '12143032', '无昵称', 'https://avatars0.githubusercontent.com/u/12462384?v=4&s=460', '哈哈哈哈叫姐姐', null, '1501572340');
INSERT INTO `ot_dynamic_comment` VALUES ('188', '59', '12143032', '无昵称', 'https://avatars0.githubusercontent.com/u/12462384?v=4&s=460', '哈哈哈哈叫姐姐', null, '1501572341');
INSERT INTO `ot_dynamic_comment` VALUES ('189', '241', '12143035', '李俊宇', 'http://wx.qlogo.cn/mmopen/1xtZjUtS8uewjM0bDOnrduNXia6YbMsF9uhYq2RQ1BibuY6mZyudiac2ZS4vxWs0QynLapiaOgLgrwRz3XH7oLVzSQLQqMedYskY/0', '不会变', null, '1501604059');
INSERT INTO `ot_dynamic_comment` VALUES ('190', '241', '12143035', '李俊宇', 'http://wx.qlogo.cn/mmopen/1xtZjUtS8uewjM0bDOnrduNXia6YbMsF9uhYq2RQ1BibuY6mZyudiac2ZS4vxWs0QynLapiaOgLgrwRz3XH7oLVzSQLQqMedYskY/0', '不好喝', null, '1501604073');
INSERT INTO `ot_dynamic_comment` VALUES ('191', '245', '12143035', '李俊宇', 'http://wx.qlogo.cn/mmopen/1xtZjUtS8uewjM0bDOnrduNXia6YbMsF9uhYq2RQ1BibuY6mZyudiac2ZS4vxWs0QynLapiaOgLgrwRz3XH7oLVzSQLQqMedYskY/0', '滚滚滚', null, '1501607568');
INSERT INTO `ot_dynamic_comment` VALUES ('192', '245', '12143035', '李俊宇', 'http://wx.qlogo.cn/mmopen/1xtZjUtS8uewjM0bDOnrduNXia6YbMsF9uhYq2RQ1BibuY6mZyudiac2ZS4vxWs0QynLapiaOgLgrwRz3XH7oLVzSQLQqMedYskY/0', '喝喝酒', null, '1501607972');
INSERT INTO `ot_dynamic_comment` VALUES ('193', '243', '12143035', '李俊宇', 'http://wx.qlogo.cn/mmopen/1xtZjUtS8uewjM0bDOnrduNXia6YbMsF9uhYq2RQ1BibuY6mZyudiac2ZS4vxWs0QynLapiaOgLgrwRz3XH7oLVzSQLQqMedYskY/0', '快快快', null, '1501608003');
INSERT INTO `ot_dynamic_comment` VALUES ('194', '24', '12143035', '李俊宇', 'http://wx.qlogo.cn/mmopen/1xtZjUtS8uewjM0bDOnrduNXia6YbMsF9uhYq2RQ1BibuY6mZyudiac2ZS4vxWs0QynLapiaOgLgrwRz3XH7oLVzSQLQqMedYskY/0', '', '1', '1501640461');
INSERT INTO `ot_dynamic_comment` VALUES ('195', '21', '12143010', '『～青～  』', 'https://wx.qlogo.cn/mmopen/vi_32/R0YJ1QQMd9NX50iaAnUK5kMCPc6sqPInCeGu8JEJbZWhxmFNpHvnrCq63jIsCtJtePSkLB5pU5UyFGG68rKmv0g/0', '环境不错', '8', '1501640542');
INSERT INTO `ot_dynamic_comment` VALUES ('196', '252', '12143032', '无昵称', 'https://avatars0.githubusercontent.com/u/12462384?v=4&s=460', '方法', null, '1501655323');
INSERT INTO `ot_dynamic_comment` VALUES ('197', '252', '12143035', '李俊宇', 'http://wx.qlogo.cn/mmopen/1xtZjUtS8uewjM0bDOnrduNXia6YbMsF9uhYq2RQ1BibuY6mZyudiac2ZS4vxWs0QynLapiaOgLgrwRz3XH7oLVzSQLQqMedYskY/0', '小弟弟', null, '1501656114');
INSERT INTO `ot_dynamic_comment` VALUES ('198', '252', '12143035', '李俊宇', 'http://wx.qlogo.cn/mmopen/1xtZjUtS8uewjM0bDOnrduNXia6YbMsF9uhYq2RQ1BibuY6mZyudiac2ZS4vxWs0QynLapiaOgLgrwRz3XH7oLVzSQLQqMedYskY/0', '干活哈哈', null, '1501656259');
INSERT INTO `ot_dynamic_comment` VALUES ('199', '252', '12143035', '李俊宇', 'http://wx.qlogo.cn/mmopen/1xtZjUtS8uewjM0bDOnrduNXia6YbMsF9uhYq2RQ1BibuY6mZyudiac2ZS4vxWs0QynLapiaOgLgrwRz3XH7oLVzSQLQqMedYskY/0', '得得得', null, '1501656451');
INSERT INTO `ot_dynamic_comment` VALUES ('200', '252', '12143003', '『～青～  』', 'https://wx.qlogo.cn/mmopen/vi_32/R0YJ1QQMd9NX50iaAnUK5kMCPc6sqPInCeGu8JEJbZWhxmFNpHvnrCq63jIsCtJtePSkLB5pU5UyFGG68rKmv0g/0', '你很好', null, '1501657506');
INSERT INTO `ot_dynamic_comment` VALUES ('201', '252', '12143035', '李俊宇', 'http://wx.qlogo.cn/mmopen/1xtZjUtS8uewjM0bDOnrduNXia6YbMsF9uhYq2RQ1BibuY6mZyudiac2ZS4vxWs0QynLapiaOgLgrwRz3XH7oLVzSQLQqMedYskY/0', '我很棒', null, '1501657894');
INSERT INTO `ot_dynamic_comment` VALUES ('202', '252', '12143035', '李俊宇', 'http://wx.qlogo.cn/mmopen/1xtZjUtS8uewjM0bDOnrduNXia6YbMsF9uhYq2RQ1BibuY6mZyudiac2ZS4vxWs0QynLapiaOgLgrwRz3XH7oLVzSQLQqMedYskY/0', '不不不', null, '1501657997');
INSERT INTO `ot_dynamic_comment` VALUES ('203', '252', '12143035', '李俊宇', 'http://wx.qlogo.cn/mmopen/1xtZjUtS8uewjM0bDOnrduNXia6YbMsF9uhYq2RQ1BibuY6mZyudiac2ZS4vxWs0QynLapiaOgLgrwRz3XH7oLVzSQLQqMedYskY/0', '得到', null, '1501658278');
INSERT INTO `ot_dynamic_comment` VALUES ('204', '252', '12143035', '李俊宇', 'http://wx.qlogo.cn/mmopen/1xtZjUtS8uewjM0bDOnrduNXia6YbMsF9uhYq2RQ1BibuY6mZyudiac2ZS4vxWs0QynLapiaOgLgrwRz3XH7oLVzSQLQqMedYskY/0', '得到', null, '1501658287');
INSERT INTO `ot_dynamic_comment` VALUES ('205', '252', '12143035', '李俊宇', 'http://wx.qlogo.cn/mmopen/1xtZjUtS8uewjM0bDOnrduNXia6YbMsF9uhYq2RQ1BibuY6mZyudiac2ZS4vxWs0QynLapiaOgLgrwRz3XH7oLVzSQLQqMedYskY/0', '该喝喝', null, '1501658437');
INSERT INTO `ot_dynamic_comment` VALUES ('206', '59', '12143035', '李俊宇', 'http://wx.qlogo.cn/mmopen/1xtZjUtS8uewjM0bDOnrduNXia6YbMsF9uhYq2RQ1BibuY6mZyudiac2ZS4vxWs0QynLapiaOgLgrwRz3XH7oLVzSQLQqMedYskY/0', '刚刚干活', null, '1501658471');
INSERT INTO `ot_dynamic_comment` VALUES ('207', '59', '12143035', '李俊宇', 'http://wx.qlogo.cn/mmopen/1xtZjUtS8uewjM0bDOnrduNXia6YbMsF9uhYq2RQ1BibuY6mZyudiac2ZS4vxWs0QynLapiaOgLgrwRz3XH7oLVzSQLQqMedYskY/0', '刚刚干活', null, '1501658556');
INSERT INTO `ot_dynamic_comment` VALUES ('208', '58', '12143035', '李俊宇', 'http://wx.qlogo.cn/mmopen/1xtZjUtS8uewjM0bDOnrduNXia6YbMsF9uhYq2RQ1BibuY6mZyudiac2ZS4vxWs0QynLapiaOgLgrwRz3XH7oLVzSQLQqMedYskY/0', '吃饭饭', null, '1501658629');
INSERT INTO `ot_dynamic_comment` VALUES ('209', '60', '12143035', '李俊宇', 'http://wx.qlogo.cn/mmopen/1xtZjUtS8uewjM0bDOnrduNXia6YbMsF9uhYq2RQ1BibuY6mZyudiac2ZS4vxWs0QynLapiaOgLgrwRz3XH7oLVzSQLQqMedYskY/0', '唱歌刚刚', null, '1501658753');
INSERT INTO `ot_dynamic_comment` VALUES ('210', '58', '12143035', '李俊宇', 'http://wx.qlogo.cn/mmopen/1xtZjUtS8uewjM0bDOnrduNXia6YbMsF9uhYq2RQ1BibuY6mZyudiac2ZS4vxWs0QynLapiaOgLgrwRz3XH7oLVzSQLQqMedYskY/0', '古古怪怪', null, '1501659405');
INSERT INTO `ot_dynamic_comment` VALUES ('211', '58', '12143035', '李俊宇', 'http://wx.qlogo.cn/mmopen/1xtZjUtS8uewjM0bDOnrduNXia6YbMsF9uhYq2RQ1BibuY6mZyudiac2ZS4vxWs0QynLapiaOgLgrwRz3XH7oLVzSQLQqMedYskY/0', '方法发个', null, '1501659497');
INSERT INTO `ot_dynamic_comment` VALUES ('212', '58', '12143035', '李俊宇', 'http://wx.qlogo.cn/mmopen/1xtZjUtS8uewjM0bDOnrduNXia6YbMsF9uhYq2RQ1BibuY6mZyudiac2ZS4vxWs0QynLapiaOgLgrwRz3XH7oLVzSQLQqMedYskY/0', '发个刚刚', null, '1501659542');
INSERT INTO `ot_dynamic_comment` VALUES ('213', '58', '12143035', '李俊宇', 'http://wx.qlogo.cn/mmopen/1xtZjUtS8uewjM0bDOnrduNXia6YbMsF9uhYq2RQ1BibuY6mZyudiac2ZS4vxWs0QynLapiaOgLgrwRz3XH7oLVzSQLQqMedYskY/0', 'vvvvv', null, '1501660548');
INSERT INTO `ot_dynamic_comment` VALUES ('214', '58', '12143035', '李俊宇', 'http://wx.qlogo.cn/mmopen/1xtZjUtS8uewjM0bDOnrduNXia6YbMsF9uhYq2RQ1BibuY6mZyudiac2ZS4vxWs0QynLapiaOgLgrwRz3XH7oLVzSQLQqMedYskY/0', '哥古古怪怪', null, '1501660903');
INSERT INTO `ot_dynamic_comment` VALUES ('215', '58', '12143035', '李俊宇', 'http://wx.qlogo.cn/mmopen/1xtZjUtS8uewjM0bDOnrduNXia6YbMsF9uhYq2RQ1BibuY6mZyudiac2ZS4vxWs0QynLapiaOgLgrwRz3XH7oLVzSQLQqMedYskY/0', '哥哥', null, '1501660976');
INSERT INTO `ot_dynamic_comment` VALUES ('216', '253', '12143015', 'Spencer', 'https://wx.qlogo.cn/mmopen/vi_32/DYAIOgq83erSvL5J5oqx9eLZd7rhqHXibP3rXhWMDwY0d9CAfvQgZ56fCTBVG06aZeAGNC17yay3f7bAMFY9iccg/0', '哈哈哈', null, '1501810523');
INSERT INTO `ot_dynamic_comment` VALUES ('217', '66', '12143035', '李俊宇', 'http://wx.qlogo.cn/mmopen/1xtZjUtS8uewjM0bDOnrduNXia6YbMsF9uhYq2RQ1BibuY6mZyudiac2ZS4vxWs0QynLapiaOgLgrwRz3XH7oLVzSQLQqMedYskY/0', '古古怪怪', null, '1501818404');
INSERT INTO `ot_dynamic_comment` VALUES ('218', '60', '12143035', '李俊宇', 'http://wx.qlogo.cn/mmopen/1xtZjUtS8uewjM0bDOnrduNXia6YbMsF9uhYq2RQ1BibuY6mZyudiac2ZS4vxWs0QynLapiaOgLgrwRz3XH7oLVzSQLQqMedYskY/0', '古古怪怪', null, '1501829507');
INSERT INTO `ot_dynamic_comment` VALUES ('219', '59', '12143035', '李俊宇', 'http://wx.qlogo.cn/mmopen/1xtZjUtS8uewjM0bDOnrduNXia6YbMsF9uhYq2RQ1BibuY6mZyudiac2ZS4vxWs0QynLapiaOgLgrwRz3XH7oLVzSQLQqMedYskY/0', '发个刚刚', null, '1501829919');
INSERT INTO `ot_dynamic_comment` VALUES ('220', '59', '12143035', '李俊宇', 'http://wx.qlogo.cn/mmopen/1xtZjUtS8uewjM0bDOnrduNXia6YbMsF9uhYq2RQ1BibuY6mZyudiac2ZS4vxWs0QynLapiaOgLgrwRz3XH7oLVzSQLQqMedYskY/0', '嘎嘎嘎', null, '1501830154');
INSERT INTO `ot_dynamic_comment` VALUES ('221', '66', '12143026', 'Landom', 'https://wx.qlogo.cn/mmopen/vi_32/DYAIOgq83eo8NGFUCmeBfCSG98cPKicaLX5Wf7LIbHQjPIP9AacqxN4aqELhQo2u88EAmWs6Mic040m7qE7RiaMtQ/0', '眼前的美不是美', '1', '1502240491');
INSERT INTO `ot_dynamic_comment` VALUES ('222', '257', '12143049', '', 'https://wx.qlogo.cn/mmopen/vi_32/Q0j4TwGTfTKRgRWWDAvicT9ywuytQzXFba8z4ljoo0X3MlUkwoGuChE6HV5yWuyxD3KMPyH22h0PDcM6r15dJ1A/0', '不要紧的', null, '1503042733');
INSERT INTO `ot_dynamic_comment` VALUES ('223', '257', '12143049', '', 'https://wx.qlogo.cn/mmopen/vi_32/Q0j4TwGTfTKRgRWWDAvicT9ywuytQzXFba8z4ljoo0X3MlUkwoGuChE6HV5yWuyxD3KMPyH22h0PDcM6r15dJ1A/0', '3秒', null, '1503042756');
INSERT INTO `ot_dynamic_comment` VALUES ('224', '58', '12143049', '', 'https://wx.qlogo.cn/mmopen/vi_32/Q0j4TwGTfTKRgRWWDAvicT9ywuytQzXFba8z4ljoo0X3MlUkwoGuChE6HV5yWuyxD3KMPyH22h0PDcM6r15dJ1A/0', '贞贞，酱酱', '1', '1503650745');
INSERT INTO `ot_dynamic_comment` VALUES ('225', '58', '12143049', '', 'https://wx.qlogo.cn/mmopen/vi_32/Q0j4TwGTfTKRgRWWDAvicT9ywuytQzXFba8z4ljoo0X3MlUkwoGuChE6HV5yWuyxD3KMPyH22h0PDcM6r15dJ1A/0', '酱酱酱酱', '1', '1503651222');
INSERT INTO `ot_dynamic_comment` VALUES ('226', '58', '12143049', '', 'https://wx.qlogo.cn/mmopen/vi_32/Q0j4TwGTfTKRgRWWDAvicT9ywuytQzXFba8z4ljoo0X3MlUkwoGuChE6HV5yWuyxD3KMPyH22h0PDcM6r15dJ1A/0', '健健康康啦咯啦咯啦咯窟窿亏了哦组团去怕凑YY天哦哟哦哟下午涂卡鳄鱼恤兔兔无聊咯下午舞台剧兔兔秃头图我', '0', '1503651354');
INSERT INTO `ot_dynamic_comment` VALUES ('227', '21', '12143049', '', 'https://wx.qlogo.cn/mmopen/vi_32/Q0j4TwGTfTKRgRWWDAvicT9ywuytQzXFba8z4ljoo0X3MlUkwoGuChE6HV5yWuyxD3KMPyH22h0PDcM6r15dJ1A/0', '离我嗯弄', '1', '1503888391');
INSERT INTO `ot_dynamic_comment` VALUES ('228', '260', '12143049', '', 'https://wx.qlogo.cn/mmopen/vi_32/Q0j4TwGTfTKRgRWWDAvicT9ywuytQzXFba8z4ljoo0X3MlUkwoGuChE6HV5yWuyxD3KMPyH22h0PDcM6r15dJ1A/0', '', null, '1504688224');
INSERT INTO `ot_dynamic_comment` VALUES ('229', '266', '12143049', '', 'https://wx.qlogo.cn/mmopen/vi_32/Q0j4TwGTfTKRgRWWDAvicT9ywuytQzXFba8z4ljoo0X3MlUkwoGuChE6HV5yWuyxD3KMPyH22h0PDcM6r15dJ1A/0', '', null, '1504688252');
INSERT INTO `ot_dynamic_comment` VALUES ('230', '256', '12143049', '', 'https://wx.qlogo.cn/mmopen/vi_32/Q0j4TwGTfTKRgRWWDAvicT9ywuytQzXFba8z4ljoo0X3MlUkwoGuChE6HV5yWuyxD3KMPyH22h0PDcM6r15dJ1A/0', '某件JJ图图', null, '1504752948');
INSERT INTO `ot_dynamic_comment` VALUES ('231', '256', '12143049', '', 'https://wx.qlogo.cn/mmopen/vi_32/Q0j4TwGTfTKRgRWWDAvicT9ywuytQzXFba8z4ljoo0X3MlUkwoGuChE6HV5yWuyxD3KMPyH22h0PDcM6r15dJ1A/0', '你先洗澡在真转', null, '1504752960');
INSERT INTO `ot_dynamic_comment` VALUES ('232', '252', '12143023', '东坡李', 'https://wx.qlogo.cn/mmopen/vi_32/XGLIdGUmJ07uIJTH4kSnCrlfQS3mXSmJ8zxxrqgz2F5uiaBLw1ancPicQnytPdV63KN4iaQHncgiciaqlibdhDobDW7w/0', '啊啊啊', null, '1504851221');
INSERT INTO `ot_dynamic_comment` VALUES ('233', '283', '12143027', 'function', 'https://wx.qlogo.cn/mmopen/vi_32/Q0j4TwGTfTKL672IAaby6KiaLClVeHHjibhuaAfvyUHKYAmJZhAvdcZQeJy1h1sz8sL8XiaB5fHd8VIJickRemS3Ng/0', '我的', null, '1505180789');
INSERT INTO `ot_dynamic_comment` VALUES ('234', '282', '12143027', 'function', 'https://wx.qlogo.cn/mmopen/vi_32/Q0j4TwGTfTKL672IAaby6KiaLClVeHHjibhuaAfvyUHKYAmJZhAvdcZQeJy1h1sz8sL8XiaB5fHd8VIJickRemS3Ng/0', '可以哦', null, '1505180803');
INSERT INTO `ot_dynamic_comment` VALUES ('235', '66', '12143027', 'function', 'https://wx.qlogo.cn/mmopen/vi_32/Q0j4TwGTfTKL672IAaby6KiaLClVeHHjibhuaAfvyUHKYAmJZhAvdcZQeJy1h1sz8sL8XiaB5fHd8VIJickRemS3Ng/0', '23232', '0', '1505261969');
INSERT INTO `ot_dynamic_comment` VALUES ('236', '284', '12143049', '', 'https://wx.qlogo.cn/mmopen/vi_32/Q0j4TwGTfTKRgRWWDAvicT9ywuytQzXFba8z4ljoo0X3MlUkwoGuChE6HV5yWuyxD3KMPyH22h0PDcM6r15dJ1A/0', '某些', null, '1505295157');
INSERT INTO `ot_dynamic_comment` VALUES ('237', '66', '12143049', '', 'https://wx.qlogo.cn/mmopen/vi_32/Q0j4TwGTfTKRgRWWDAvicT9ywuytQzXFba8z4ljoo0X3MlUkwoGuChE6HV5yWuyxD3KMPyH22h0PDcM6r15dJ1A/0', '别试了，肯定不行的。相信我@qq.com', null, '1505386651');
INSERT INTO `ot_dynamic_comment` VALUES ('238', '58', '12143049', '', 'https://wx.qlogo.cn/mmopen/vi_32/Q0j4TwGTfTKRgRWWDAvicT9ywuytQzXFba8z4ljoo0X3MlUkwoGuChE6HV5yWuyxD3KMPyH22h0PDcM6r15dJ1A/0', '么么哒么么哒么么哒晚安么么哒么么哒晚安好梦晚安么么哒晚安老婆爱你老婆爱你爱你爱你爱你爱你么么哒～(^', null, '1505463813');
INSERT INTO `ot_dynamic_comment` VALUES ('239', '65', '12143049', '', 'https://wx.qlogo.cn/mmopen/vi_32/Q0j4TwGTfTKRgRWWDAvicT9ywuytQzXFba8z4ljoo0X3MlUkwoGuChE6HV5yWuyxD3KMPyH22h0PDcM6r15dJ1A/0', '木老聚聚兔子小姨子投诉兔兔KTV图么么哒么么哒么么哒么么哒～(^з^)-♡', '0', '1505464100');
INSERT INTO `ot_dynamic_comment` VALUES ('240', '65', '12143049', '', 'https://wx.qlogo.cn/mmopen/vi_32/Q0j4TwGTfTKRgRWWDAvicT9ywuytQzXFba8z4ljoo0X3MlUkwoGuChE6HV5yWuyxD3KMPyH22h0PDcM6r15dJ1A/0', '奴隶', null, '1505464289');
INSERT INTO `ot_dynamic_comment` VALUES ('241', '24', '12143049', '', 'https://wx.qlogo.cn/mmopen/vi_32/Q0j4TwGTfTKRgRWWDAvicT9ywuytQzXFba8z4ljoo0X3MlUkwoGuChE6HV5yWuyxD3KMPyH22h0PDcM6r15dJ1A/0', '你很好', null, '1505464829');
INSERT INTO `ot_dynamic_comment` VALUES ('242', '24', '12143049', '', 'https://wx.qlogo.cn/mmopen/vi_32/Q0j4TwGTfTKRgRWWDAvicT9ywuytQzXFba8z4ljoo0X3MlUkwoGuChE6HV5yWuyxD3KMPyH22h0PDcM6r15dJ1A/0', '么么啾亲爱的们摸摸头乖乖么么哒～(^з^)-♡', null, '1505465388');
INSERT INTO `ot_dynamic_comment` VALUES ('243', '24', '12143049', '', 'https://wx.qlogo.cn/mmopen/vi_32/Q0j4TwGTfTKRgRWWDAvicT9ywuytQzXFba8z4ljoo0X3MlUkwoGuChE6HV5yWuyxD3KMPyH22h0PDcM6r15dJ1A/0', '柬埔寨', null, '1505466927');
INSERT INTO `ot_dynamic_comment` VALUES ('244', '24', '12143049', '', 'https://wx.qlogo.cn/mmopen/vi_32/Q0j4TwGTfTKRgRWWDAvicT9ywuytQzXFba8z4ljoo0X3MlUkwoGuChE6HV5yWuyxD3KMPyH22h0PDcM6r15dJ1A/0', 'chl', null, '1505467102');
INSERT INTO `ot_dynamic_comment` VALUES ('245', '24', '12143049', '', 'https://wx.qlogo.cn/mmopen/vi_32/Q0j4TwGTfTKRgRWWDAvicT9ywuytQzXFba8z4ljoo0X3MlUkwoGuChE6HV5yWuyxD3KMPyH22h0PDcM6r15dJ1A/0', '柬埔寨', null, '1505467172');
INSERT INTO `ot_dynamic_comment` VALUES ('246', '24', '12143049', '', 'https://wx.qlogo.cn/mmopen/vi_32/Q0j4TwGTfTKRgRWWDAvicT9ywuytQzXFba8z4ljoo0X3MlUkwoGuChE6HV5yWuyxD3KMPyH22h0PDcM6r15dJ1A/0', '毕竟不是自己', null, '1505467227');
INSERT INTO `ot_dynamic_comment` VALUES ('247', '86', '12143049', '', 'https://wx.qlogo.cn/mmopen/vi_32/Q0j4TwGTfTKRgRWWDAvicT9ywuytQzXFba8z4ljoo0X3MlUkwoGuChE6HV5yWuyxD3KMPyH22h0PDcM6r15dJ1A/0', '不好看', null, '1505719975');
INSERT INTO `ot_dynamic_comment` VALUES ('248', '86', '12143023', '东坡李', 'https://wx.qlogo.cn/mmopen/vi_32/XGLIdGUmJ07uIJTH4kSnCrlfQS3mXSmJ8zxxrqgz2F5uiaBLw1ancPicQnytPdV63KN4iaQHncgiciaqlibdhDobDW7w/0', '很棒', null, '1505780810');
INSERT INTO `ot_dynamic_comment` VALUES ('249', '60', '12143018', '无昵称', 'https://avatars0.githubusercontent.com/u/12462384?v=4&s=460', '', null, '1505792213');
INSERT INTO `ot_dynamic_comment` VALUES ('250', null, null, '', '', '2323', null, null);
INSERT INTO `ot_dynamic_comment` VALUES ('251', '240', null, '', '', '2323', null, null);
INSERT INTO `ot_dynamic_comment` VALUES ('252', '240', null, '', '', '2323', null, '1505892396');
INSERT INTO `ot_dynamic_comment` VALUES ('253', '240', '12143018', '无昵称', 'https://avatars0.githubusercontent.com/u/12462384?v=4&s=460', '2323', null, '1505892590');
INSERT INTO `ot_dynamic_comment` VALUES ('254', '240', '12143018', '无昵称', 'https://avatars0.githubusercontent.com/u/12462384?v=4&s=460', '2323', null, '1505893632');
INSERT INTO `ot_dynamic_comment` VALUES ('255', '240', '12143018', '无昵称', 'https://avatars0.githubusercontent.com/u/12462384?v=4&s=460', '2323', null, '1505894455');
INSERT INTO `ot_dynamic_comment` VALUES ('256', '297', '12143118', '啊咧这就是ww的微信', 'https://wx.qlogo.cn/mmopen/vi_32/Q0j4TwGTfTLfdK4TVeqMLWR8cz7qz3g3zoQmrvibU3f3iaMDBHTuavjpQ1gjfvCMLggpzCxdyDTQgTvwgyRvBxyg/0', 'haha', null, '1505895239');

-- ----------------------------
-- Table structure for `ot_dynamic_comment_reply`
-- ----------------------------
DROP TABLE IF EXISTS `ot_dynamic_comment_reply`;
CREATE TABLE `ot_dynamic_comment_reply` (
  `id` int(15) NOT NULL AUTO_INCREMENT,
  `comment_id` int(10) NOT NULL,
  `user_name` varchar(10) NOT NULL COMMENT '回复者',
  `to_user_name` varchar(10) NOT NULL COMMENT '被回复者',
  `reply` varchar(225) NOT NULL,
  `create_time` int(10) NOT NULL,
  PRIMARY KEY (`id`)
) ENGINE=InnoDB AUTO_INCREMENT=54 DEFAULT CHARSET=utf8 COMMENT='动态评论回复表';

-- ----------------------------
-- Records of ot_dynamic_comment_reply
-- ----------------------------
INSERT INTO `ot_dynamic_comment_reply` VALUES ('32', '184', '狂野小青年', '狂野小青年', '订单', '1501213022');
INSERT INTO `ot_dynamic_comment_reply` VALUES ('33', '181', 'Spencer', '', '嗯哦哦', '1501463861');
INSERT INTO `ot_dynamic_comment_reply` VALUES ('34', '182', 'Spencer', '', '我吗', '1501463874');
INSERT INTO `ot_dynamic_comment_reply` VALUES ('35', '194', '李俊宇', '李俊宇', '哈哈哈', '1501642439');
INSERT INTO `ot_dynamic_comment_reply` VALUES ('36', '195', '『～青～  』', '小荣', '不想回复你', '1501657023');
INSERT INTO `ot_dynamic_comment_reply` VALUES ('37', '191', '花无百日红', '李俊宇', '这么能吹牛呢？离得近的时候，没见你这么牛气……切……', '1502065908');
INSERT INTO `ot_dynamic_comment_reply` VALUES ('38', '186', '花无百日红', '『～青～  』', '哈哈哈', '1502065918');
INSERT INTO `ot_dynamic_comment_reply` VALUES ('39', '182', '', '', '贞贞', '1503650622');
INSERT INTO `ot_dynamic_comment_reply` VALUES ('40', '185', '', '狂野小青年', '？？？', '1503982347');
INSERT INTO `ot_dynamic_comment_reply` VALUES ('41', '184', '', '狂野小青年', '啦咯啦咯考虑图咯啦', '1503982363');
INSERT INTO `ot_dynamic_comment_reply` VALUES ('42', '233', 'function', 'function', '万洲', '1505180797');
INSERT INTO `ot_dynamic_comment_reply` VALUES ('43', '185', '', '狂野小青年', '靓靓晾', '1505206461');
INSERT INTO `ot_dynamic_comment_reply` VALUES ('44', '184', '', '狂野小青年', '不可开交', '1505206476');
INSERT INTO `ot_dynamic_comment_reply` VALUES ('45', '184', '', '狂野小青年', '李玲玲李丽丽55151克', '1505211950');
INSERT INTO `ot_dynamic_comment_reply` VALUES ('46', '184', '', '狂野小青年', '哦里咯啦咯啦咯考虑兔兔图图UK路KKK路KKK图KKK就咯啦咯', '1505264844');
INSERT INTO `ot_dynamic_comment_reply` VALUES ('47', '181', '', 'Spencer', '靓靓晾么么哒～(^з^)-♡', '1505548127');
INSERT INTO `ot_dynamic_comment_reply` VALUES ('48', '195', '', '', '即刻出发了', '1505553936');
INSERT INTO `ot_dynamic_comment_reply` VALUES ('49', '195', '', '', '所以就快点上车', '1505553957');
INSERT INTO `ot_dynamic_comment_reply` VALUES ('50', '195', '', '', '我要下车这不是去幼儿园的路', '1505553980');
INSERT INTO `ot_dynamic_comment_reply` VALUES ('51', '181', '无昵称', '小荣', '不想回复你', '1505893536');
INSERT INTO `ot_dynamic_comment_reply` VALUES ('52', '181', '无昵称', '小荣', '不想回复你', '1505894677');
INSERT INTO `ot_dynamic_comment_reply` VALUES ('53', '256', '啊咧这就是ww的微信', '啊咧这就是ww的微信', '我就是我', '1505895259');

-- ----------------------------
-- Table structure for `ot_error_log`
-- ----------------------------
DROP TABLE IF EXISTS `ot_error_log`;
CREATE TABLE `ot_error_log` (
  `id` int(10) NOT NULL AUTO_INCREMENT,
  `type` tinyint(1) NOT NULL DEFAULT '0' COMMENT '0系统 1小程序 2安卓 3IOS',
  `api` varchar(100) NOT NULL,
  `msg` varchar(255) NOT NULL,
  `create_time` int(10) NOT NULL,
  PRIMARY KEY (`id`)
) ENGINE=InnoDB AUTO_INCREMENT=2540 DEFAULT CHARSET=utf8 COMMENT='错误日志表';

-- ----------------------------
-- Records of ot_error_log
-- ----------------------------
INSERT INTO `ot_error_log` VALUES ('1654', '1', 'https://qz.icloudinn.com/api/hotel_order/checkOut/NaN', 'controller not exists:HotelOrder. /phpstudy/www/ota/thinkphp/library/think/App.php. on line 388', '1501201453');
INSERT INTO `ot_error_log` VALUES ('1655', '1', 'https://qz.icloudinn.com/api/hotel_order', '该民宿在2017-7-30日期已经被预定！', '1501208355');
INSERT INTO `ot_error_log` VALUES ('1656', '1', 'https://qz.icloudinn.com/api/hotel_order', '该民宿在2017-7-31日期已经被预定！', '1501208485');
INSERT INTO `ot_error_log` VALUES ('1657', '1', 'https://qz.icloudinn.com/api/hotel_order', '该民宿在2017-7-31日期已经被预定！', '1501208492');
INSERT INTO `ot_error_log` VALUES ('1658', '1', 'https://qz.icloudinn.com/api/hotel_order', '该民宿在2017-7-31日期已经被预定！', '1501208504');
INSERT INTO `ot_error_log` VALUES ('1659', '1', 'https://qz.icloudinn.com/api/hotel_order', '该民宿在2017-7-31日期已经被预定！', '1501208507');
INSERT INTO `ot_error_log` VALUES ('1660', '1', 'https://qz.icloudinn.com/api/hotel_order', '该民宿在2017-8-1日期已经被预定！', '1501209120');
INSERT INTO `ot_error_log` VALUES ('1661', '1', 'https://qz.icloudinn.com/api/hotel_order', '该民宿在2017-8-3日期已经被预定！', '1501209240');
INSERT INTO `ot_error_log` VALUES ('1662', '1', 'https://qz.icloudinn.com/api/hotel_order', '该民宿在2017-8-3日期已经被预定！', '1501209243');
INSERT INTO `ot_error_log` VALUES ('1663', '1', 'https://qz.icloudinn.com/api/hotel_order', '该民宿在2017-8-4日期已经被预定！', '1501209987');
INSERT INTO `ot_error_log` VALUES ('1664', '1', 'https://qz.icloudinn.com/api/hotel_order', '该民宿在2017-8-4日期已经被预定！', '1501209989');
INSERT INTO `ot_error_log` VALUES ('1665', '1', 'https://qz.icloudinn.com/api/hotel_order', '该民宿在2017-8-4日期已经被预定！', '1501209990');
INSERT INTO `ot_error_log` VALUES ('1666', '1', 'https://qz.icloudinn.com/api/hotel_order', '该民宿在2017-8-4日期已经被预定！', '1501209991');
INSERT INTO `ot_error_log` VALUES ('1667', '1', 'https://qz.icloudinn.com/api/hotel_order', '该民宿在2017-8-4日期已经被预定！', '1501209992');
INSERT INTO `ot_error_log` VALUES ('1668', '1', 'https://qz.icloudinn.com/api/hotel_order', '该民宿在2017-8-4日期已经被预定！', '1501209994');
INSERT INTO `ot_error_log` VALUES ('1669', '1', 'https://qz.icloudinn.com/api/hotel_order', '该民宿在2017-8-4日期已经被预定！', '1501209995');
INSERT INTO `ot_error_log` VALUES ('1670', '1', 'https://qz.icloudinn.com/api/comment', 'content参数缺失', '1501212028');
INSERT INTO `ot_error_log` VALUES ('1671', '1', 'https://qz.icloudinn.com/api/comment', 'content参数缺失', '1501212029');
INSERT INTO `ot_error_log` VALUES ('1672', '1', 'https://qz.icloudinn.com/api/comment', 'content参数缺失', '1501212030');
INSERT INTO `ot_error_log` VALUES ('1673', '1', 'https://users.icloudinn.com/Api/concern/12143009', '不能关注自己哦！', '1501224671');
INSERT INTO `ot_error_log` VALUES ('1674', '1', 'https://users.icloudinn.com/Api/concern/12143009', '不能关注自己哦！', '1501224672');
INSERT INTO `ot_error_log` VALUES ('1675', '1', 'https://users.icloudinn.com/Api/concern/12143009', '不能关注自己哦！', '1501224673');
INSERT INTO `ot_error_log` VALUES ('1676', '1', 'https://users.icloudinn.com/Api/concern/12143009', '不能关注自己哦！', '1501224673');
INSERT INTO `ot_error_log` VALUES ('1677', '1', 'https://users.icloudinn.com/Api/concern/12143009', '不能关注自己哦！', '1501224674');
INSERT INTO `ot_error_log` VALUES ('1678', '1', 'https://qz.icloudinn.com/api/hotel_order/cancel/369', '该订单状态为：1,不满足取消条件！', '1501233763');
INSERT INTO `ot_error_log` VALUES ('1679', '1', 'https://qz.icloudinn.com/api/hotel_order/cancel/369', '该订单状态为：1,不满足取消条件！', '1501233766');
INSERT INTO `ot_error_log` VALUES ('1680', '1', 'https://qz.icloudinn.com/api/hotel_order/cancel/369', '该订单状态为：1,不满足取消条件！', '1501233768');
INSERT INTO `ot_error_log` VALUES ('1681', '1', 'https://qz.icloudinn.com/api/hotel_order/cancel/369', '该订单状态为：1,不满足取消条件！', '1501233770');
INSERT INTO `ot_error_log` VALUES ('1682', '1', 'https://qz.icloudinn.com/api/hotel_order/cancel/369', '该订单状态为：1,不满足取消条件！', '1501233772');
INSERT INTO `ot_error_log` VALUES ('1683', '1', 'https://qz.icloudinn.com/api/hotel_order/cancel/369', '该订单状态为：1,不满足取消条件！', '1501233774');
INSERT INTO `ot_error_log` VALUES ('1684', '1', 'https://qz.icloudinn.com/api/hotel_order/cancel/369', '该订单状态为：1,不满足取消条件！', '1501233776');
INSERT INTO `ot_error_log` VALUES ('1685', '1', 'https://qz.icloudinn.com/api/house', 'access-token已过期！', '1501235113');
INSERT INTO `ot_error_log` VALUES ('1686', '1', 'https://qz.icloudinn.com/api/house', 'access-token已过期！', '1501235113');
INSERT INTO `ot_error_log` VALUES ('1687', '1', 'https://users.icloudinn.com/Api/User/wxAppLogin', 'encrypted_data不能为空', '1501235114');
INSERT INTO `ot_error_log` VALUES ('1688', '1', 'https://users.icloudinn.com/Api/User/wxAppLogin', 'encrypted_data不能为空', '1501235114');
INSERT INTO `ot_error_log` VALUES ('1689', '1', 'https://qz.icloudinn.com/api/house', 'access-token已过期！', '1501235127');
INSERT INTO `ot_error_log` VALUES ('1690', '1', 'https://users.icloudinn.com/Api/User/wxAppLogin', 'encrypted_data不能为空', '1501235128');
INSERT INTO `ot_error_log` VALUES ('1691', '1', 'https://qz.icloudinn.com/api/category?resource_type=2', 'access-token已过期！', '1501235151');
INSERT INTO `ot_error_log` VALUES ('1692', '1', 'https://qz.icloudinn.com/api/book?type=hot', 'access-token已过期！', '1501235151');
INSERT INTO `ot_error_log` VALUES ('1693', '1', 'https://qz.icloudinn.com/api/dynamic/mybook', 'access-token已过期！', '1501235151');
INSERT INTO `ot_error_log` VALUES ('1694', '1', 'https://qz.icloudinn.com/api/user/bookworm', 'access-token已过期！', '1501235151');
INSERT INTO `ot_error_log` VALUES ('1695', '1', 'https://qz.icloudinn.com/api/book_write', 'access-token已过期！', '1501235151');
INSERT INTO `ot_error_log` VALUES ('1696', '1', 'https://qz.icloudinn.com/api/book/category', 'access-token已过期！', '1501235151');
INSERT INTO `ot_error_log` VALUES ('1697', '1', 'https://qz.icloudinn.com/api/dynamic/mybook', 'access-token已过期！', '1501235151');
INSERT INTO `ot_error_log` VALUES ('1698', '1', 'https://users.icloudinn.com/Api/User/wxAppLogin', 'encrypted_data不能为空', '1501235151');
INSERT INTO `ot_error_log` VALUES ('1699', '1', 'https://users.icloudinn.com/Api/User/wxAppLogin', 'encrypted_data不能为空', '1501235151');
INSERT INTO `ot_error_log` VALUES ('1700', '1', 'https://users.icloudinn.com/Api/User/wxAppLogin', 'encrypted_data不能为空', '1501235151');
INSERT INTO `ot_error_log` VALUES ('1701', '1', 'https://users.icloudinn.com/Api/User/wxAppLogin', 'encrypted_data不能为空', '1501235152');
INSERT INTO `ot_error_log` VALUES ('1702', '1', 'https://users.icloudinn.com/Api/User/wxAppLogin', 'encrypted_data不能为空', '1501235152');
INSERT INTO `ot_error_log` VALUES ('1703', '1', 'https://users.icloudinn.com/Api/User/wxAppLogin', 'encrypted_data不能为空', '1501235152');
INSERT INTO `ot_error_log` VALUES ('1704', '1', 'https://users.icloudinn.com/Api/User/wxAppLogin', 'encrypted_data不能为空', '1501235152');
INSERT INTO `ot_error_log` VALUES ('1705', '1', 'https://qz.icloudinn.com/api/dynamic', 'access-token已过期！', '1501235154');
INSERT INTO `ot_error_log` VALUES ('1706', '1', 'https://qz.icloudinn.com/api/dynamic', 'access-token已过期！', '1501235155');
INSERT INTO `ot_error_log` VALUES ('1707', '1', 'https://users.icloudinn.com/Api/User/wxAppLogin', 'encrypted_data不能为空', '1501235155');
INSERT INTO `ot_error_log` VALUES ('1708', '1', 'https://users.icloudinn.com/Api/User/wxAppLogin', 'encrypted_data不能为空', '1501235155');
INSERT INTO `ot_error_log` VALUES ('1709', '1', 'https://qz.icloudinn.com/api/dynamic', 'access-token已过期！', '1501235159');
INSERT INTO `ot_error_log` VALUES ('1710', '1', 'https://users.icloudinn.com/Api/User/wxAppLogin', 'encrypted_data不能为空', '1501235159');
INSERT INTO `ot_error_log` VALUES ('1711', '1', 'https://qz.icloudinn.com/api/dynamic', 'access-token已过期！', '1501235507');
INSERT INTO `ot_error_log` VALUES ('1712', '1', 'https://users.icloudinn.com/Api/User/wxAppLogin', 'encrypted_data不能为空', '1501235508');
INSERT INTO `ot_error_log` VALUES ('1713', '1', 'https://qz.icloudinn.com/api/dynamic', 'access-token已过期！', '1501235588');
INSERT INTO `ot_error_log` VALUES ('1714', '1', 'https://users.icloudinn.com/Api/User/wxAppLogin', 'encrypted_data不能为空', '1501235589');
INSERT INTO `ot_error_log` VALUES ('1715', '1', 'https://qz.icloudinn.com/api/house', 'access-token已过期！', '1501235590');
INSERT INTO `ot_error_log` VALUES ('1716', '1', 'https://users.icloudinn.com/Api/User/wxAppLogin', 'encrypted_data不能为空', '1501235590');
INSERT INTO `ot_error_log` VALUES ('1717', '1', 'https://qz.icloudinn.com/api/dynamic/mybook', 'access-token已过期！', '1501235591');
INSERT INTO `ot_error_log` VALUES ('1718', '1', 'https://users.icloudinn.com/Api/User/wxAppLogin', 'encrypted_data不能为空', '1501235591');
INSERT INTO `ot_error_log` VALUES ('1719', '1', 'https://qz.icloudinn.com/api/dynamic/mybook', 'access-token已过期！', '1501235599');
INSERT INTO `ot_error_log` VALUES ('1720', '1', 'https://users.icloudinn.com/Api/User/wxAppLogin', 'encrypted_data不能为空', '1501235600');
INSERT INTO `ot_error_log` VALUES ('1721', '1', 'https://qz.icloudinn.com/api/user/12143000', '不存在该用户！', '1501254488');
INSERT INTO `ot_error_log` VALUES ('1722', '1', 'https://qz.icloudinn.com/api/house', 'access-token已过期！', '1501292538');
INSERT INTO `ot_error_log` VALUES ('1723', '1', 'https://qz.icloudinn.com/api/house', 'access-token已过期！', '1501292538');
INSERT INTO `ot_error_log` VALUES ('1724', '1', 'https://users.icloudinn.com/Api/User/wxAppLogin', 'encrypted_data不能为空', '1501292539');
INSERT INTO `ot_error_log` VALUES ('1725', '1', 'https://users.icloudinn.com/Api/User/wxAppLogin', 'encrypted_data不能为空', '1501292539');
INSERT INTO `ot_error_log` VALUES ('1726', '1', 'https://qz.icloudinn.com/api/house', 'access-token已过期！', '1501298920');
INSERT INTO `ot_error_log` VALUES ('1727', '1', 'https://qz.icloudinn.com/api/house', 'access-token已过期！', '1501298920');
INSERT INTO `ot_error_log` VALUES ('1728', '1', 'https://users.icloudinn.com/Api/User/wxAppLogin', 'encrypted_data不能为空', '1501298920');
INSERT INTO `ot_error_log` VALUES ('1729', '1', 'https://users.icloudinn.com/Api/User/wxAppLogin', 'encrypted_data不能为空', '1501298921');
INSERT INTO `ot_error_log` VALUES ('1730', '1', 'https://qz.icloudinn.com/api/house', 'access-token已过期！', '1501298963');
INSERT INTO `ot_error_log` VALUES ('1731', '1', 'https://qz.icloudinn.com/api/dynamic/mybook', '该接口需要登录权限！', '1501400382');
INSERT INTO `ot_error_log` VALUES ('1732', '1', 'https://qz.icloudinn.com/api/dynamic/mybook', '该接口需要登录权限！', '1501400382');
INSERT INTO `ot_error_log` VALUES ('1733', '1', 'https://qz.icloudinn.com/api/signature/im', '该接口需要登录权限！', '1501460423');
INSERT INTO `ot_error_log` VALUES ('1734', '1', 'https://qz.icloudinn.com/api/dynamic/mybook', '该接口需要登录权限！', '1501460424');
INSERT INTO `ot_error_log` VALUES ('1735', '1', 'https://users.icloudinn.com/Api/User/bindingPhone', '该手机号已被其他账号绑定,请换一个手机号吧！', '1501463353');
INSERT INTO `ot_error_log` VALUES ('1736', '1', 'https://users.icloudinn.com/Api/User/bindingPhone', '验证码不正确！', '1501463390');
INSERT INTO `ot_error_log` VALUES ('1737', '1', 'https://qz.icloudinn.com/api/hotel_order/cancel/369', '该订单状态为：1,不满足取消条件！', '1501481243');
INSERT INTO `ot_error_log` VALUES ('1738', '1', 'https://users.icloudinn.com/Api/concern/12143015', '不能关注自己哦！', '1501486017');
INSERT INTO `ot_error_log` VALUES ('1739', '1', 'https://users.icloudinn.com/Api/User/bindingPhone', '该手机号已被其他账号绑定,请换一个手机号吧！', '1501486046');
INSERT INTO `ot_error_log` VALUES ('1740', '1', 'https://users.icloudinn.com/Api/User/bindingPhone', '验证码不正确！', '1501486046');
INSERT INTO `ot_error_log` VALUES ('1741', '1', 'https://users.icloudinn.com/Api/User/bindingPhone', '验证码不正确！', '1501486047');
INSERT INTO `ot_error_log` VALUES ('1742', '1', 'https://users.icloudinn.com/Api/User/bindingPhone', '验证码不正确！', '1501486048');
INSERT INTO `ot_error_log` VALUES ('1743', '1', 'https://users.icloudinn.com/Api/User/bindingPhone', '验证码不正确！', '1501486059');
INSERT INTO `ot_error_log` VALUES ('1744', '1', 'https://users.icloudinn.com/Api/User/bindingPhone', '验证码不正确！', '1501486059');
INSERT INTO `ot_error_log` VALUES ('1745', '1', 'https://users.icloudinn.com/Api/User/bindingPhone', '验证码不正确！', '1501486061');
INSERT INTO `ot_error_log` VALUES ('1746', '1', 'https://users.icloudinn.com/Api/User/bindingPhone', '验证码不正确！', '1501486062');
INSERT INTO `ot_error_log` VALUES ('1747', '1', 'https://users.icloudinn.com/Api/User/bindingPhone', '验证码不正确！', '1501486073');
INSERT INTO `ot_error_log` VALUES ('1748', '1', 'https://users.icloudinn.com/Api/User/bindingPhone', '验证码不正确！', '1501486074');
INSERT INTO `ot_error_log` VALUES ('1749', '1', 'https://users.icloudinn.com/Api/User/bindingPhone', '验证码不正确！', '1501486084');
INSERT INTO `ot_error_log` VALUES ('1750', '1', 'https://users.icloudinn.com/Api/User/bindingPhone', '验证码不正确！', '1501486085');
INSERT INTO `ot_error_log` VALUES ('1751', '1', 'https://users.icloudinn.com/Api/User/bindingPhone', '验证码不正确！', '1501486088');
INSERT INTO `ot_error_log` VALUES ('1752', '1', 'https://users.icloudinn.com/Api/User/bindingPhone', '该手机号已被其他账号绑定,请换一个手机号吧！', '1501486107');
INSERT INTO `ot_error_log` VALUES ('1753', '1', 'https://users.icloudinn.com/Api/User/bindingPhone', '验证码不正确！', '1501486108');
INSERT INTO `ot_error_log` VALUES ('1754', '1', 'https://users.icloudinn.com/Api/User/bindingPhone', '验证码不正确！', '1501486109');
INSERT INTO `ot_error_log` VALUES ('1755', '1', 'https://users.icloudinn.com/Api/User/bindingPhone', '验证码不正确！', '1501486110');
INSERT INTO `ot_error_log` VALUES ('1756', '1', 'https://users.icloudinn.com/Api/User/bindingPhone', '验证码不正确！', '1501486111');
INSERT INTO `ot_error_log` VALUES ('1757', '1', 'https://users.icloudinn.com/Api/User/bindingPhone', '该手机号已被其他账号绑定,请换一个手机号吧！', '1501486198');
INSERT INTO `ot_error_log` VALUES ('1758', '1', 'https://users.icloudinn.com/Api/User/bindingPhone', '该手机号已被其他账号绑定,请换一个手机号吧！', '1501486314');
INSERT INTO `ot_error_log` VALUES ('1759', '1', 'https://users.icloudinn.com/Api/User/bindingPhone', '验证码不正确！', '1501486321');
INSERT INTO `ot_error_log` VALUES ('1760', '1', 'https://users.icloudinn.com/Api/User/bindingPhone', '验证码不正确！', '1501486322');
INSERT INTO `ot_error_log` VALUES ('1761', '1', 'https://users.icloudinn.com/Api/User/bindingPhone', '验证码不正确！', '1501486323');
INSERT INTO `ot_error_log` VALUES ('1762', '1', 'https://users.icloudinn.com/Api/User/bindingPhone', '验证码不正确！', '1501486324');
INSERT INTO `ot_error_log` VALUES ('1763', '1', 'https://users.icloudinn.com/Api/User/bindingPhone', '该手机号已被其他账号绑定,请换一个手机号吧！', '1501486834');
INSERT INTO `ot_error_log` VALUES ('1764', '1', 'https://users.icloudinn.com/Api/User/bindingPhone', '该手机号已被其他账号绑定,请换一个手机号吧！', '1501487213');
INSERT INTO `ot_error_log` VALUES ('1765', '1', 'https://users.icloudinn.com/Api/User/bindingPhone', '该手机号已被其他账号绑定,请换一个手机号吧！', '1501487471');
INSERT INTO `ot_error_log` VALUES ('1766', '1', 'https://users.icloudinn.com/Api/User/bindingPhone', '该手机号已被其他账号绑定,请换一个手机号吧！', '1501487862');
INSERT INTO `ot_error_log` VALUES ('1767', '1', 'https://users.icloudinn.com/Api/User/bindingPhone', '该手机号已被其他账号绑定,请换一个手机号吧！', '1501487925');
INSERT INTO `ot_error_log` VALUES ('1768', '1', 'https://qz.icloudinn.com/api/wechat_pay/rentBookGuaranty', '书本ID不能为空！', '1501490653');
INSERT INTO `ot_error_log` VALUES ('1769', '1', 'https://qz.icloudinn.com/api/wechat_pay/rentBookGuaranty', '书本ID不能为空！', '1501490659');
INSERT INTO `ot_error_log` VALUES ('1770', '1', 'https://qz.icloudinn.com/api/wechat_pay/rentBookGuaranty', '书本ID不能为空！', '1501490665');
INSERT INTO `ot_error_log` VALUES ('1771', '1', 'https://qz.icloudinn.com/api/wechat_pay/hotelOrder', '微信服务器返回预付订单错误！', '1501578295');
INSERT INTO `ot_error_log` VALUES ('1772', '1', 'https://qz.icloudinn.com/api/hotel_order', '该民宿在2017-8-17日期已经被预定！', '1501578308');
INSERT INTO `ot_error_log` VALUES ('1773', '1', 'https://qz.icloudinn.com/api/wechat_pay/hotelOrder', '微信服务器返回预付订单错误！', '1501578318');
INSERT INTO `ot_error_log` VALUES ('1774', '1', 'https://qz.icloudinn.com/api/hotel_order', '该民宿在2017-9-6日期已经被预定！', '1501578321');
INSERT INTO `ot_error_log` VALUES ('1775', '1', 'https://qz.icloudinn.com/api/price_calendar?house_id=undefined&room_id=undefined', '没有该ID的民宿！', '1501578344');
INSERT INTO `ot_error_log` VALUES ('1776', '1', 'https://qz.icloudinn.com/api/wechat_pay/hotelOrder', '微信服务器返回预付订单错误！', '1501578359');
INSERT INTO `ot_error_log` VALUES ('1777', '1', 'https://qz.icloudinn.com/api/hotel_order', '该民宿在2017-8-19日期已经被预定！', '1501578415');
INSERT INTO `ot_error_log` VALUES ('1778', '1', 'https://qz.icloudinn.com/api/wechat_pay/hotelOrder', '微信服务器返回预付订单错误！', '1501578422');
INSERT INTO `ot_error_log` VALUES ('1779', '1', 'https://qz.icloudinn.com/api/wechat_pay/hotelOrder', '微信服务器返回预付订单错误！', '1501578573');
INSERT INTO `ot_error_log` VALUES ('1780', '1', 'https://qz.icloudinn.com/api/wechat_pay/hotelOrder', '微信服务器返回预付订单错误！', '1501578636');
INSERT INTO `ot_error_log` VALUES ('1781', '1', 'https://qz.icloudinn.com/api/wechat_pay/hotelOrder', '微信服务器返回预付订单错误！', '1501578646');
INSERT INTO `ot_error_log` VALUES ('1782', '1', 'https://qz.icloudinn.com/api/wechat_pay/hotelOrder', '微信服务器返回预付订单错误！', '1501578650');
INSERT INTO `ot_error_log` VALUES ('1783', '1', 'https://qz.icloudinn.com/api/wechat_pay/hotelOrder', '微信服务器返回预付订单错误！', '1501578671');
INSERT INTO `ot_error_log` VALUES ('1784', '1', 'https://qz.icloudinn.com/api/wechat_pay/hotelOrder', '微信服务器返回预付订单错误！', '1501578916');
INSERT INTO `ot_error_log` VALUES ('1785', '1', 'https://qz.icloudinn.com/api/wechat_pay/hotelOrder', '微信服务器返回预付订单错误！', '1501578957');
INSERT INTO `ot_error_log` VALUES ('1786', '1', 'https://qz.icloudinn.com/api/wechat_pay/hotelOrder', '微信服务器返回预付订单错误！', '1501579096');
INSERT INTO `ot_error_log` VALUES ('1787', '1', 'https://qz.icloudinn.com/api/house', 'access-token已过期！', '1501581050');
INSERT INTO `ot_error_log` VALUES ('1788', '1', 'https://qz.icloudinn.com/api/house', 'access-token已过期！', '1501581050');
INSERT INTO `ot_error_log` VALUES ('1789', '1', 'https://users.icloudinn.com/Api/User/wxAppLogin', 'encrypted_data不能为空', '1501581051');
INSERT INTO `ot_error_log` VALUES ('1790', '1', 'https://users.icloudinn.com/Api/User/wxAppLogin', 'encrypted_data不能为空', '1501581051');
INSERT INTO `ot_error_log` VALUES ('1791', '1', 'https://users.icloudinn.com/Api/User/wxAppLogin', '微信服务器返回错误信息', '1501581201');
INSERT INTO `ot_error_log` VALUES ('1792', '1', 'https://users.icloudinn.com/Api/User/wxAppLogin', '微信服务器返回错误信息', '1501581201');
INSERT INTO `ot_error_log` VALUES ('1793', '1', 'https://users.icloudinn.com/Api/User/wxAppLogin', '微信服务器返回错误信息', '1501581216');
INSERT INTO `ot_error_log` VALUES ('1794', '1', 'https://users.icloudinn.com/Api/User/wxAppLogin', '微信服务器返回错误信息', '1501581217');
INSERT INTO `ot_error_log` VALUES ('1795', '1', 'https://users.icloudinn.com/Api/User/wxAppLogin', '微信服务器返回错误信息', '1501581242');
INSERT INTO `ot_error_log` VALUES ('1796', '1', 'https://users.icloudinn.com/Api/User/wxAppLogin', '微信服务器返回错误信息', '1501581242');
INSERT INTO `ot_error_log` VALUES ('1797', '1', 'https://users.icloudinn.com/Api/User/wxAppLogin', '微信服务器返回错误信息', '1501581346');
INSERT INTO `ot_error_log` VALUES ('1798', '1', 'https://users.icloudinn.com/Api/User/wxAppLogin', '微信服务器返回错误信息', '1501581346');
INSERT INTO `ot_error_log` VALUES ('1799', '1', 'https://users.icloudinn.com/Api/User/wxAppLogin', '微信服务器返回错误信息', '1501581425');
INSERT INTO `ot_error_log` VALUES ('1800', '1', 'https://users.icloudinn.com/Api/User/wxAppLogin', '微信服务器返回错误信息', '1501581425');
INSERT INTO `ot_error_log` VALUES ('1801', '1', 'https://users.icloudinn.com/Api/User/wxAppLogin', '微信服务器返回错误信息', '1501581592');
INSERT INTO `ot_error_log` VALUES ('1802', '1', 'https://users.icloudinn.com/Api/User/wxAppLogin', '微信服务器返回错误信息', '1501581593');
INSERT INTO `ot_error_log` VALUES ('1803', '1', 'https://qz.icloudinn.com/api/wechat_pay/hotelOrder', '微信服务器返回预付订单错误！', '1501581897');
INSERT INTO `ot_error_log` VALUES ('1804', '1', 'https://qz.icloudinn.com/api/wechat_pay/hotelOrder', '微信服务器返回预付订单错误！', '1501582334');
INSERT INTO `ot_error_log` VALUES ('1805', '1', 'https://qz.icloudinn.com/api/wechat_pay/hotelOrder', 'wx_openid小程序、公众号支付，微信openID不能为空！', '1501582440');
INSERT INTO `ot_error_log` VALUES ('1806', '1', 'https://qz.icloudinn.com/api/hotel_order/checkOut/NaN', 'controller not exists:HotelOrder. /phpstudy/www/ota/thinkphp/library/think/App.php. on line 388', '1501637618');
INSERT INTO `ot_error_log` VALUES ('1807', '1', 'https://qz.icloudinn.com/api/comment', '你已经评价过了！', '1501640224');
INSERT INTO `ot_error_log` VALUES ('1808', '1', 'https://qz.icloudinn.com/api/hotel_order', '该民宿在2017-8-2日期已经被预定！', '1501663156');
INSERT INTO `ot_error_log` VALUES ('1809', '1', 'https://qz.icloudinn.com/api/hotel_order', '该民宿在2017-8-2日期已经被预定！', '1501663168');
INSERT INTO `ot_error_log` VALUES ('1810', '1', 'https://qz.icloudinn.com/api/hotel_order', '该民宿在2017-8-2日期已经被预定！', '1501663169');
INSERT INTO `ot_error_log` VALUES ('1811', '1', 'https://qz.icloudinn.com/api/hotel_order', '该民宿在2017-8-2日期已经被预定！', '1501663170');
INSERT INTO `ot_error_log` VALUES ('1812', '1', 'https://qz.icloudinn.com/api/hotel_order', '该民宿在2017-8-2日期已经被预定！', '1501663171');
INSERT INTO `ot_error_log` VALUES ('1813', '1', 'https://qz.icloudinn.com/api/hotel_order', '该民宿在2017-8-2日期已经被预定！', '1501663171');
INSERT INTO `ot_error_log` VALUES ('1814', '1', 'https://qz.icloudinn.com/api/hotel_order', '该民宿在2017-8-2日期已经被预定！', '1501663173');
INSERT INTO `ot_error_log` VALUES ('1815', '1', 'https://qz.icloudinn.com/api/book_rent?user_id=12143010', '', '1501665510');
INSERT INTO `ot_error_log` VALUES ('1816', '1', 'https://qz.icloudinn.com/api/book_rent?user_id=12143010', '', '1501665519');
INSERT INTO `ot_error_log` VALUES ('1817', '1', 'https://qz.icloudinn.com/api/dynamic/mybook', '该接口需要登录权限！', '1501899595');
INSERT INTO `ot_error_log` VALUES ('1818', '1', 'https://qz.icloudinn.com/api/dynamic/mybook', '该接口需要登录权限！', '1501899595');
INSERT INTO `ot_error_log` VALUES ('1819', '1', 'https://qz.icloudinn.com/api/signature/im', '该接口需要登录权限！', '1501899597');
INSERT INTO `ot_error_log` VALUES ('1820', '1', 'https://qz.icloudinn.com/api/house', 'access-token已过期！', '1501995201');
INSERT INTO `ot_error_log` VALUES ('1821', '1', 'https://qz.icloudinn.com/api/house', 'access-token已过期！', '1501995201');
INSERT INTO `ot_error_log` VALUES ('1822', '1', 'https://users.icloudinn.com/Api/User/wxAppLogin', 'encrypted_data不能为空', '1501995202');
INSERT INTO `ot_error_log` VALUES ('1823', '1', 'https://users.icloudinn.com/Api/User/wxAppLogin', 'encrypted_data不能为空', '1501995202');
INSERT INTO `ot_error_log` VALUES ('1824', '1', 'https://qz.icloudinn.com/api/dynamic/mybook', '该接口需要登录权限！', '1502090541');
INSERT INTO `ot_error_log` VALUES ('1825', '1', 'https://qz.icloudinn.com/api/dynamic/mybook', '该接口需要登录权限！', '1502090541');
INSERT INTO `ot_error_log` VALUES ('1826', '1', 'https://qz.icloudinn.com/api/signature/im', '该接口需要登录权限！', '1502090549');
INSERT INTO `ot_error_log` VALUES ('1827', '1', 'https://qz.icloudinn.com/api/dynamic/mybook', '该接口需要登录权限！', '1502254281');
INSERT INTO `ot_error_log` VALUES ('1828', '1', 'https://qz.icloudinn.com/api/dynamic/mybook', '该接口需要登录权限！', '1502254281');
INSERT INTO `ot_error_log` VALUES ('1829', '1', 'https://qz.icloudinn.com/api/signature/im', '该接口需要登录权限！', '1502254286');
INSERT INTO `ot_error_log` VALUES ('1830', '1', 'https://users.icloudinn.com/Api/User/bindingPhone', '该手机号已被其他账号绑定,请换一个手机号吧！', '1502272062');
INSERT INTO `ot_error_log` VALUES ('1831', '1', 'https://users.icloudinn.com/Api/User/bindingPhone', '验证码不正确！', '1502272070');
INSERT INTO `ot_error_log` VALUES ('1832', '1', 'https://users.icloudinn.com/Api/User/bindingPhone', '验证码不正确！', '1502272071');
INSERT INTO `ot_error_log` VALUES ('1833', '1', 'https://users.icloudinn.com/Api/User/bindingPhone', '验证码不正确！', '1502272361');
INSERT INTO `ot_error_log` VALUES ('1834', '1', 'https://users.icloudinn.com/Api/User/bindingPhone', '验证码不正确！', '1502272362');
INSERT INTO `ot_error_log` VALUES ('1835', '1', 'https://qz.icloudinn.com/api/book/http://weixin.qq.com/r/yUxJUZ7EPMNDrdoy9xnb', 'controller not exists:Book. /phpstudy/www/ota/thinkphp/library/think/App.php. on line 388', '1502272385');
INSERT INTO `ot_error_log` VALUES ('1836', '1', 'https://qz.icloudinn.com/api/dynamic/mybook', '该接口需要登录权限！', '1502273917');
INSERT INTO `ot_error_log` VALUES ('1837', '1', 'https://qz.icloudinn.com/api/dynamic/mybook', '该接口需要登录权限！', '1502273917');
INSERT INTO `ot_error_log` VALUES ('1838', '1', 'https://qz.icloudinn.com/api/dynamic/mybook', '该接口需要登录权限！', '1502273922');
INSERT INTO `ot_error_log` VALUES ('1839', '1', 'https://qz.icloudinn.com/api/signature/im', '该接口需要登录权限！', '1502273924');
INSERT INTO `ot_error_log` VALUES ('1840', '1', 'https://qz.icloudinn.com/api/book_rent?user_id=NaN', '该接口需要登录权限！', '1502273947');
INSERT INTO `ot_error_log` VALUES ('1841', '1', 'https://qz.icloudinn.com/api/dynamic/mybook', '该接口需要登录权限！', '1502320297');
INSERT INTO `ot_error_log` VALUES ('1842', '1', 'https://qz.icloudinn.com/api/dynamic/mybook', '该接口需要登录权限！', '1502320297');
INSERT INTO `ot_error_log` VALUES ('1843', '1', 'https://qz.icloudinn.com/api/signature/im', '该接口需要登录权限！', '1502320305');
INSERT INTO `ot_error_log` VALUES ('1844', '1', 'https://qz.icloudinn.com/api/dynamic/mybook', '该接口需要登录权限！', '1502945643');
INSERT INTO `ot_error_log` VALUES ('1845', '1', 'https://qz.icloudinn.com/api/dynamic/mybook', '该接口需要登录权限！', '1502945643');
INSERT INTO `ot_error_log` VALUES ('1846', '1', 'https://qz.icloudinn.com/api/signature/im', '该接口需要登录权限！', '1502945646');
INSERT INTO `ot_error_log` VALUES ('1847', '1', 'https://users.icloudinn.com/Api/User/bindingPhone', '该手机号已被其他账号绑定,请换一个手机号吧！', '1503021477');
INSERT INTO `ot_error_log` VALUES ('1848', '1', 'https://qz.icloudinn.com/api/house', 'unlink(/phpstudy/www/ota/runtime/cache/69/28a0185beb16853ba9eda306b460ea.php): No such file or directory. /phpstudy/www/ota/thinkphp/library/think/cache/driver/File.php. on line 245', '1503049295');
INSERT INTO `ot_error_log` VALUES ('1849', '1', 'https://qz.icloudinn.com/api/house', 'access-token已过期！', '1503049295');
INSERT INTO `ot_error_log` VALUES ('1850', '1', 'https://users.icloudinn.com/Api/User/wxAppLogin', 'encrypted_data不能为空', '1503049295');
INSERT INTO `ot_error_log` VALUES ('1851', '1', 'https://qz.icloudinn.com/api/book?type=hot', 'access-token已过期！', '1503049299');
INSERT INTO `ot_error_log` VALUES ('1852', '1', 'https://qz.icloudinn.com/api/book_write', 'access-token已过期！', '1503049299');
INSERT INTO `ot_error_log` VALUES ('1853', '1', 'https://qz.icloudinn.com/api/dynamic/mybook', 'access-token已过期！', '1503049299');
INSERT INTO `ot_error_log` VALUES ('1854', '1', 'https://qz.icloudinn.com/api/user/bookworm', 'access-token已过期！', '1503049299');
INSERT INTO `ot_error_log` VALUES ('1855', '1', 'https://qz.icloudinn.com/api/category?resource_type=2', 'access-token已过期！', '1503049299');
INSERT INTO `ot_error_log` VALUES ('1856', '1', 'https://qz.icloudinn.com/api/dynamic/mybook', 'access-token已过期！', '1503049299');
INSERT INTO `ot_error_log` VALUES ('1857', '1', 'https://qz.icloudinn.com/api/book/category', 'access-token已过期！', '1503049299');
INSERT INTO `ot_error_log` VALUES ('1858', '1', 'https://users.icloudinn.com/Api/User/wxAppLogin', 'encrypted_data不能为空', '1503049300');
INSERT INTO `ot_error_log` VALUES ('1859', '1', 'https://users.icloudinn.com/Api/User/wxAppLogin', 'encrypted_data不能为空', '1503049300');
INSERT INTO `ot_error_log` VALUES ('1860', '1', 'https://users.icloudinn.com/Api/User/wxAppLogin', 'encrypted_data不能为空', '1503049300');
INSERT INTO `ot_error_log` VALUES ('1861', '1', 'https://users.icloudinn.com/Api/User/wxAppLogin', 'encrypted_data不能为空', '1503049301');
INSERT INTO `ot_error_log` VALUES ('1862', '1', 'https://users.icloudinn.com/Api/User/wxAppLogin', 'encrypted_data不能为空', '1503049301');
INSERT INTO `ot_error_log` VALUES ('1863', '1', 'https://users.icloudinn.com/Api/User/wxAppLogin', 'encrypted_data不能为空', '1503049301');
INSERT INTO `ot_error_log` VALUES ('1864', '1', 'https://users.icloudinn.com/Api/User/wxAppLogin', 'encrypted_data不能为空', '1503049302');
INSERT INTO `ot_error_log` VALUES ('1865', '1', 'https://qz.icloudinn.com/api/dynamic', 'access-token已过期！', '1503049304');
INSERT INTO `ot_error_log` VALUES ('1866', '1', 'https://qz.icloudinn.com/api/dynamic', 'access-token已过期！', '1503049304');
INSERT INTO `ot_error_log` VALUES ('1867', '1', 'https://users.icloudinn.com/Api/User/wxAppLogin', 'encrypted_data不能为空', '1503049305');
INSERT INTO `ot_error_log` VALUES ('1868', '1', 'https://users.icloudinn.com/Api/User/wxAppLogin', 'encrypted_data不能为空', '1503049305');
INSERT INTO `ot_error_log` VALUES ('1869', '1', 'https://qz.icloudinn.com/api/book_donate?user_id=NaN', 'access-token已过期！', '1503049307');
INSERT INTO `ot_error_log` VALUES ('1870', '1', 'https://qz.icloudinn.com/api/book_rent?user_id=NaN', 'access-token已过期！', '1503049308');
INSERT INTO `ot_error_log` VALUES ('1871', '1', 'https://users.icloudinn.com/Api/User/wxAppLogin', 'encrypted_data不能为空', '1503049308');
INSERT INTO `ot_error_log` VALUES ('1872', '1', 'https://users.icloudinn.com/Api/User/wxAppLogin', 'encrypted_data不能为空', '1503049308');
INSERT INTO `ot_error_log` VALUES ('1873', '1', 'https://qz.icloudinn.com/api/dynamic', 'access-token已过期！', '1503049311');
INSERT INTO `ot_error_log` VALUES ('1874', '1', 'https://users.icloudinn.com/Api/User/wxAppLogin', 'encrypted_data不能为空', '1503049311');
INSERT INTO `ot_error_log` VALUES ('1875', '1', 'https://qz.icloudinn.com/api/dynamic/mybook', '该接口需要登录权限！', '1503051368');
INSERT INTO `ot_error_log` VALUES ('1876', '1', 'https://qz.icloudinn.com/api/dynamic/mybook', '该接口需要登录权限！', '1503051370');
INSERT INTO `ot_error_log` VALUES ('1877', '1', 'https://qz.icloudinn.com/api/signature/im', '该接口需要登录权限！', '1503051386');
INSERT INTO `ot_error_log` VALUES ('1878', '1', 'https://qz.icloudinn.com/api/dynamic/mybook', '该接口需要登录权限！', '1503066466');
INSERT INTO `ot_error_log` VALUES ('1879', '1', 'https://qz.icloudinn.com/api/dynamic/mybook', '该接口需要登录权限！', '1503066466');
INSERT INTO `ot_error_log` VALUES ('1880', '1', 'https://qz.icloudinn.com/api/signature/im', '该接口需要登录权限！', '1503066508');
INSERT INTO `ot_error_log` VALUES ('1881', '1', 'https://qz.icloudinn.com/api/dynamic/mybook', '该接口需要登录权限！', '1503212840');
INSERT INTO `ot_error_log` VALUES ('1882', '1', 'https://qz.icloudinn.com/api/dynamic/mybook', '该接口需要登录权限！', '1503212840');
INSERT INTO `ot_error_log` VALUES ('1883', '1', 'https://qz.icloudinn.com/api/signature/im', '该接口需要登录权限！', '1503212843');
INSERT INTO `ot_error_log` VALUES ('1884', '1', 'https://qz.icloudinn.com/api/dynamic/mybook', '该接口需要登录权限！', '1503298832');
INSERT INTO `ot_error_log` VALUES ('1885', '1', 'https://qz.icloudinn.com/api/dynamic/mybook', '该接口需要登录权限！', '1503298832');
INSERT INTO `ot_error_log` VALUES ('1886', '1', 'https://qz.icloudinn.com/api/dynamic/mybook', '该接口需要登录权限！', '1503307357');
INSERT INTO `ot_error_log` VALUES ('1887', '1', 'https://qz.icloudinn.com/api/dynamic/mybook', '该接口需要登录权限！', '1503307357');
INSERT INTO `ot_error_log` VALUES ('1888', '1', 'https://users.icloudinn.com/Api/concern/12143049', '不能关注自己哦！', '1503359986');
INSERT INTO `ot_error_log` VALUES ('1889', '1', 'https://users.icloudinn.com/Api/concern/12143049', '不能关注自己哦！', '1503359988');
INSERT INTO `ot_error_log` VALUES ('1890', '1', 'https://users.icloudinn.com/Api/concern/12143049', '不能关注自己哦！', '1503359989');
INSERT INTO `ot_error_log` VALUES ('1891', '1', 'https://users.icloudinn.com/Api/concern/12143049', '不能关注自己哦！', '1503359990');
INSERT INTO `ot_error_log` VALUES ('1892', '1', 'https://users.icloudinn.com/Api/concern/12143049', '不能关注自己哦！', '1503359991');
INSERT INTO `ot_error_log` VALUES ('1893', '1', 'https://qz.icloudinn.com/api/dynamic/mybook', '该接口需要登录权限！', '1503387608');
INSERT INTO `ot_error_log` VALUES ('1894', '1', 'https://qz.icloudinn.com/api/dynamic/mybook', '该接口需要登录权限！', '1503387609');
INSERT INTO `ot_error_log` VALUES ('1895', '1', 'https://qz.icloudinn.com/api/dynamic/mybook', '该接口需要登录权限！', '1503387651');
INSERT INTO `ot_error_log` VALUES ('1896', '1', 'https://qz.icloudinn.com/api/dynamic/mybook', '该接口需要登录权限！', '1503387655');
INSERT INTO `ot_error_log` VALUES ('1897', '1', 'https://qz.icloudinn.com/api/dynamic/mybook', '该接口需要登录权限！', '1503387696');
INSERT INTO `ot_error_log` VALUES ('1898', '1', 'https://qz.icloudinn.com/api/signature/im', '该接口需要登录权限！', '1503387698');
INSERT INTO `ot_error_log` VALUES ('1899', '1', 'https://qz.icloudinn.com/api/collect?type=2', '该接口需要登录权限！', '1503387765');
INSERT INTO `ot_error_log` VALUES ('1900', '1', 'https://qz.icloudinn.com/api/collect?type=2', '该接口需要登录权限！', '1503387765');
INSERT INTO `ot_error_log` VALUES ('1901', '1', 'https://qz.icloudinn.com/api/book_rent?user_id=NaN', '该接口需要登录权限！', '1503387770');
INSERT INTO `ot_error_log` VALUES ('1902', '1', 'https://qz.icloudinn.com/api/collect?type=2', '该接口需要登录权限！', '1503387773');
INSERT INTO `ot_error_log` VALUES ('1903', '1', 'https://qz.icloudinn.com/api/book_rent?user_id=NaN', '该接口需要登录权限！', '1503387781');
INSERT INTO `ot_error_log` VALUES ('1904', '1', 'https://qz.icloudinn.com/api/dynamic/mybook', '该接口需要登录权限！', '1503387789');
INSERT INTO `ot_error_log` VALUES ('1905', '1', 'https://qz.icloudinn.com/api/dynamic/mybook', '该接口需要登录权限！', '1503404043');
INSERT INTO `ot_error_log` VALUES ('1906', '1', 'https://qz.icloudinn.com/api/dynamic/mybook', '该接口需要登录权限！', '1503404044');
INSERT INTO `ot_error_log` VALUES ('1907', '1', 'https://qz.icloudinn.com/api/signature/im', '该接口需要登录权限！', '1503404064');
INSERT INTO `ot_error_log` VALUES ('1908', '1', 'https://qz.icloudinn.com/api/user/12143024', '该接口需要登录权限！', '1503404077');
INSERT INTO `ot_error_log` VALUES ('1909', '1', 'https://qz.icloudinn.com/api/dynamic/mybook', '该接口需要登录权限！', '1503450833');
INSERT INTO `ot_error_log` VALUES ('1910', '1', 'https://qz.icloudinn.com/api/dynamic/mybook', '该接口需要登录权限！', '1503450833');
INSERT INTO `ot_error_log` VALUES ('1911', '1', 'https://qz.icloudinn.com/api/dynamic/mybook', '该接口需要登录权限！', '1503458395');
INSERT INTO `ot_error_log` VALUES ('1912', '1', 'https://qz.icloudinn.com/api/dynamic/mybook', '该接口需要登录权限！', '1503458395');
INSERT INTO `ot_error_log` VALUES ('1913', '1', 'https://qz.icloudinn.com/api/signature/im', '该接口需要登录权限！', '1503458418');
INSERT INTO `ot_error_log` VALUES ('1914', '1', 'https://qz.icloudinn.com/api/signature/im', '该接口需要登录权限！', '1503572553');
INSERT INTO `ot_error_log` VALUES ('1915', '1', 'https://qz.icloudinn.com/api/dynamic/mybook', '该接口需要登录权限！', '1503572556');
INSERT INTO `ot_error_log` VALUES ('1916', '1', 'https://qz.icloudinn.com/api/dynamic/mybook', '该接口需要登录权限！', '1503572556');
INSERT INTO `ot_error_log` VALUES ('1917', '1', 'https://qz.icloudinn.com/api/dynamic/mybook', '该接口需要登录权限！', '1503586447');
INSERT INTO `ot_error_log` VALUES ('1918', '1', 'https://qz.icloudinn.com/api/dynamic/mybook', '该接口需要登录权限！', '1503586448');
INSERT INTO `ot_error_log` VALUES ('1919', '1', 'https://qz.icloudinn.com/api/signature/im', '该接口需要登录权限！', '1503586449');
INSERT INTO `ot_error_log` VALUES ('1920', '1', 'https://qz.icloudinn.com/api/dynamic/mybook', '该接口需要登录权限！', '1503629030');
INSERT INTO `ot_error_log` VALUES ('1921', '1', 'https://qz.icloudinn.com/api/dynamic/mybook', '该接口需要登录权限！', '1503629030');
INSERT INTO `ot_error_log` VALUES ('1922', '1', 'https://qz.icloudinn.com/api/dynamic/mybook', '该接口需要登录权限！', '1503777811');
INSERT INTO `ot_error_log` VALUES ('1923', '1', 'https://qz.icloudinn.com/api/dynamic/mybook', '该接口需要登录权限！', '1503777811');
INSERT INTO `ot_error_log` VALUES ('1924', '1', 'https://qz.icloudinn.com/api/signature/im', '该接口需要登录权限！', '1503777823');
INSERT INTO `ot_error_log` VALUES ('1925', '1', 'https://users.icloudinn.com/Api/concern/12143049', '不能关注自己哦！', '1503863000');
INSERT INTO `ot_error_log` VALUES ('1926', '1', 'https://users.icloudinn.com/Api/concern/12143049', '不能关注自己哦！', '1503863001');
INSERT INTO `ot_error_log` VALUES ('1927', '1', 'https://users.icloudinn.com/Api/concern/12143049', '不能关注自己哦！', '1503879007');
INSERT INTO `ot_error_log` VALUES ('1928', '1', 'https://users.icloudinn.com/Api/concern/12143049', '不能关注自己哦！', '1503879009');
INSERT INTO `ot_error_log` VALUES ('1929', '1', 'https://users.icloudinn.com/Api/concern/12143049', '不能关注自己哦！', '1503879010');
INSERT INTO `ot_error_log` VALUES ('1930', '1', 'https://users.icloudinn.com/Api/concern/12143049', '不能关注自己哦！', '1503879011');
INSERT INTO `ot_error_log` VALUES ('1931', '1', 'https://users.icloudinn.com/Api/concern/12143049', '不能关注自己哦！', '1503879011');
INSERT INTO `ot_error_log` VALUES ('1932', '1', 'https://users.icloudinn.com/Api/concern/12143049', '不能关注自己哦！', '1503879012');
INSERT INTO `ot_error_log` VALUES ('1933', '1', 'https://users.icloudinn.com/Api/concern/12143049', '不能关注自己哦！', '1503879014');
INSERT INTO `ot_error_log` VALUES ('1934', '1', 'https://qz.icloudinn.com/api/house', 'access-token已过期！', '1503984395');
INSERT INTO `ot_error_log` VALUES ('1935', '1', 'https://qz.icloudinn.com/api/house', 'access-token已过期！', '1503984395');
INSERT INTO `ot_error_log` VALUES ('1936', '1', 'https://users.icloudinn.com/Api/User/wxAppLogin', 'encrypted_data不能为空', '1503984398');
INSERT INTO `ot_error_log` VALUES ('1937', '1', 'https://users.icloudinn.com/Api/User/wxAppLogin', 'encrypted_data不能为空', '1503984398');
INSERT INTO `ot_error_log` VALUES ('1938', '1', 'https://qz.icloudinn.com/api/dynamic/mybook', 'access-token已过期！', '1503984411');
INSERT INTO `ot_error_log` VALUES ('1939', '1', 'https://qz.icloudinn.com/api/book?type=hot', 'access-token已过期！', '1503984411');
INSERT INTO `ot_error_log` VALUES ('1940', '1', 'https://qz.icloudinn.com/api/book_write', 'unlink(/phpstudy/www/ota/runtime/cache/fe/3c6093b0000f13230bd3c233f51d9d.php): No such file or directory. /phpstudy/www/ota/thinkphp/library/think/cache/driver/File.php. on line 245', '1503984411');
INSERT INTO `ot_error_log` VALUES ('1941', '1', 'https://qz.icloudinn.com/api/user/bookworm', 'unlink(/phpstudy/www/users.icloudinn.com/runtime/cache/fe/3c6093b0000f13230bd3c233f51d9d.php): No such file or directory', '1503984411');
INSERT INTO `ot_error_log` VALUES ('1942', '1', 'https://qz.icloudinn.com/api/book/category', 'access-token已过期！', '1503984411');
INSERT INTO `ot_error_log` VALUES ('1943', '1', 'https://qz.icloudinn.com/api/category?resource_type=2', 'access-token已过期！', '1503984411');
INSERT INTO `ot_error_log` VALUES ('1944', '1', 'https://qz.icloudinn.com/api/book?type=hot', 'access-token已过期！', '1503984411');
INSERT INTO `ot_error_log` VALUES ('1945', '1', 'https://qz.icloudinn.com/api/book_write', 'access-token已过期！', '1503984411');
INSERT INTO `ot_error_log` VALUES ('1946', '1', 'https://qz.icloudinn.com/api/user/bookworm', 'access-token已过期！', '1503984411');
INSERT INTO `ot_error_log` VALUES ('1947', '1', 'https://qz.icloudinn.com/api/dynamic/mybook', 'access-token已过期！', '1503984411');
INSERT INTO `ot_error_log` VALUES ('1948', '1', 'https://qz.icloudinn.com/api/book/category', 'access-token已过期！', '1503984411');
INSERT INTO `ot_error_log` VALUES ('1949', '1', 'https://qz.icloudinn.com/api/category?resource_type=2', 'access-token已过期！', '1503984411');
INSERT INTO `ot_error_log` VALUES ('1950', '1', 'https://qz.icloudinn.com/api/dynamic', 'access-token已过期！', '1503984413');
INSERT INTO `ot_error_log` VALUES ('1951', '1', 'https://qz.icloudinn.com/api/signature/im', 'access-token已过期！', '1503984413');
INSERT INTO `ot_error_log` VALUES ('1952', '1', 'https://qz.icloudinn.com/api/dynamic', 'access-token已过期！', '1503984413');
INSERT INTO `ot_error_log` VALUES ('1953', '1', 'https://qz.icloudinn.com/api/dynamic/mybook', '该接口需要登录权限！', '1504082415');
INSERT INTO `ot_error_log` VALUES ('1954', '1', 'https://qz.icloudinn.com/api/dynamic/mybook', '该接口需要登录权限！', '1504082415');
INSERT INTO `ot_error_log` VALUES ('1955', '1', 'https://qz.icloudinn.com/api/dynamic/mybook', '该接口需要登录权限！', '1504203393');
INSERT INTO `ot_error_log` VALUES ('1956', '1', 'https://qz.icloudinn.com/api/dynamic/mybook', '该接口需要登录权限！', '1504203393');
INSERT INTO `ot_error_log` VALUES ('1957', '1', 'https://qz.icloudinn.com/api/signature/im', '该接口需要登录权限！', '1504203409');
INSERT INTO `ot_error_log` VALUES ('1958', '1', 'https://qz.icloudinn.com/api/book_rent?user_id=NaN', '该接口需要登录权限！', '1504203412');
INSERT INTO `ot_error_log` VALUES ('1959', '1', 'https://qz.icloudinn.com/api/collect?type=2', '该接口需要登录权限！', '1504203415');
INSERT INTO `ot_error_log` VALUES ('1960', '1', 'https://qz.icloudinn.com/api/collect?type=2', '该接口需要登录权限！', '1504203415');
INSERT INTO `ot_error_log` VALUES ('1961', '1', 'https://qz.icloudinn.com/api/user/concern?type=0', '该接口需要登录权限！', '1504203419');
INSERT INTO `ot_error_log` VALUES ('1962', '1', 'https://qz.icloudinn.com/api/user/concern?type=1', '该接口需要登录权限！', '1504203419');
INSERT INTO `ot_error_log` VALUES ('1963', '1', 'https://qz.icloudinn.com/api/user/concern?type=0', '该接口需要登录权限！', '1504203419');
INSERT INTO `ot_error_log` VALUES ('1964', '1', 'https://qz.icloudinn.com/api/user/concern?type=1', '该接口需要登录权限！', '1504203419');
INSERT INTO `ot_error_log` VALUES ('1965', '1', 'https://qz.icloudinn.com/api/dynamic/mybook', '该接口需要登录权限！', '1504203451');
INSERT INTO `ot_error_log` VALUES ('1966', '1', 'https://qz.icloudinn.com/api/dynamic/mybook', '该接口需要登录权限！', '1504203473');
INSERT INTO `ot_error_log` VALUES ('1967', '1', 'https://qz.icloudinn.com/api/dynamic/mybook', '该接口需要登录权限！', '1504203495');
INSERT INTO `ot_error_log` VALUES ('1968', '1', 'https://qz.icloudinn.com/api/book?type=hot', 'access-token已过期！', '1504492952');
INSERT INTO `ot_error_log` VALUES ('1969', '1', 'https://qz.icloudinn.com/api/book_write', 'access-token已过期！', '1504492952');
INSERT INTO `ot_error_log` VALUES ('1970', '1', 'https://qz.icloudinn.com/api/category?resource_type=2', 'access-token已过期！', '1504492952');
INSERT INTO `ot_error_log` VALUES ('1971', '1', 'https://qz.icloudinn.com/api/dynamic/mybook', 'access-token已过期！', '1504492952');
INSERT INTO `ot_error_log` VALUES ('1972', '1', 'https://qz.icloudinn.com/api/user/bookworm', 'access-token已过期！', '1504492952');
INSERT INTO `ot_error_log` VALUES ('1973', '1', 'https://qz.icloudinn.com/api/book/category', 'access-token已过期！', '1504492953');
INSERT INTO `ot_error_log` VALUES ('1974', '1', 'https://qz.icloudinn.com/api/user/bookworm', 'access-token已过期！', '1504492953');
INSERT INTO `ot_error_log` VALUES ('1975', '1', 'https://qz.icloudinn.com/api/book?type=hot', 'access-token已过期！', '1504492953');
INSERT INTO `ot_error_log` VALUES ('1976', '1', 'https://qz.icloudinn.com/api/dynamic/mybook', 'access-token已过期！', '1504492953');
INSERT INTO `ot_error_log` VALUES ('1977', '1', 'https://qz.icloudinn.com/api/book_write', 'access-token已过期！', '1504492953');
INSERT INTO `ot_error_log` VALUES ('1978', '1', 'https://qz.icloudinn.com/api/signature/im', 'access-token已过期！', '1504492954');
INSERT INTO `ot_error_log` VALUES ('1979', '1', 'https://qz.icloudinn.com/api/dynamic', 'access-token已过期！', '1504492954');
INSERT INTO `ot_error_log` VALUES ('1980', '1', 'https://qz.icloudinn.com/api/dynamic', 'access-token已过期！', '1504492954');
INSERT INTO `ot_error_log` VALUES ('1981', '1', 'https://qz.icloudinn.com/api/book?type=hot', 'access-token已过期！', '1504492954');
INSERT INTO `ot_error_log` VALUES ('1982', '1', 'https://qz.icloudinn.com/api/book_write', 'access-token已过期！', '1504492954');
INSERT INTO `ot_error_log` VALUES ('1983', '1', 'https://qz.icloudinn.com/api/book/category', 'access-token已过期！', '1504492954');
INSERT INTO `ot_error_log` VALUES ('1984', '1', 'https://qz.icloudinn.com/api/dynamic/mybook', 'access-token已过期！', '1504492954');
INSERT INTO `ot_error_log` VALUES ('1985', '1', 'https://qz.icloudinn.com/api/category?resource_type=2', 'access-token已过期！', '1504492954');
INSERT INTO `ot_error_log` VALUES ('1986', '1', 'https://qz.icloudinn.com/api/user/bookworm', 'access-token已过期！', '1504492955');
INSERT INTO `ot_error_log` VALUES ('1987', '1', 'https://qz.icloudinn.com/api/hotel_order', '该民宿在2017-9-20日期已经被预定！', '1504492979');
INSERT INTO `ot_error_log` VALUES ('1988', '1', 'https://qz.icloudinn.com/api/hotel_order', '该民宿在2017-9-20日期已经被预定！', '1504492980');
INSERT INTO `ot_error_log` VALUES ('1989', '1', 'https://qz.icloudinn.com/api/hotel_order', '该民宿在2017-9-20日期已经被预定！', '1504492981');
INSERT INTO `ot_error_log` VALUES ('1990', '1', 'https://users.icloudinn.com/Api/User/bindingPhone', '该手机号已被其他账号绑定,请换一个手机号吧！', '1504493057');
INSERT INTO `ot_error_log` VALUES ('1991', '1', 'https://qz.icloudinn.com/api/dynamic/mybook', '该接口需要登录权限！', '1504513745');
INSERT INTO `ot_error_log` VALUES ('1992', '1', 'https://qz.icloudinn.com/api/dynamic/mybook', '该接口需要登录权限！', '1504513745');
INSERT INTO `ot_error_log` VALUES ('1993', '1', 'https://qz.icloudinn.com/api/signature/im', '该接口需要登录权限！', '1504513766');
INSERT INTO `ot_error_log` VALUES ('1994', '1', 'https://users.icloudinn.com/Api/concern/12143049', '不能关注自己哦！', '1504599867');
INSERT INTO `ot_error_log` VALUES ('1995', '1', 'https://users.icloudinn.com/Api/concern/12143049', '不能关注自己哦！', '1504599869');
INSERT INTO `ot_error_log` VALUES ('1996', '1', 'https://users.icloudinn.com/Api/concern/12143049', '不能关注自己哦！', '1504599870');
INSERT INTO `ot_error_log` VALUES ('1997', '1', 'https://users.icloudinn.com/Api/User/bindingPhone', '该手机号已被其他账号绑定,请换一个手机号吧！', '1504631475');
INSERT INTO `ot_error_log` VALUES ('1998', '1', 'https://users.icloudinn.com/Api/User/bindingPhone', '该手机号已被其他账号绑定,请换一个手机号吧！', '1504631561');
INSERT INTO `ot_error_log` VALUES ('1999', '1', 'https://users.icloudinn.com/Api/User/bindingPhone', '该手机号已被其他账号绑定,请换一个手机号吧！', '1504631909');
INSERT INTO `ot_error_log` VALUES ('2000', '1', 'https://qz.icloudinn.com/api/dynamic', 'access-token已过期！', '1504749692');
INSERT INTO `ot_error_log` VALUES ('2001', '1', 'https://qz.icloudinn.com/api/dynamic/mybook', '该接口需要登录权限！', '1504796279');
INSERT INTO `ot_error_log` VALUES ('2002', '1', 'https://qz.icloudinn.com/api/dynamic/mybook', '该接口需要登录权限！', '1504796279');
INSERT INTO `ot_error_log` VALUES ('2003', '1', 'https://qz.icloudinn.com/api/signature/im', '该接口需要登录权限！', '1504796297');
INSERT INTO `ot_error_log` VALUES ('2004', '1', 'https://qz.icloudinn.com/api/user/bookworm', 'access-token已过期！', '1504850786');
INSERT INTO `ot_error_log` VALUES ('2005', '1', 'https://qz.icloudinn.com/api/category?resource_type=2', 'access-token已过期！', '1504850786');
INSERT INTO `ot_error_log` VALUES ('2006', '1', 'https://qz.icloudinn.com/api/book/category', 'access-token已过期！', '1504850786');
INSERT INTO `ot_error_log` VALUES ('2007', '1', 'https://qz.icloudinn.com/api/dynamic/mybook', 'access-token已过期！', '1504850786');
INSERT INTO `ot_error_log` VALUES ('2008', '1', 'https://qz.icloudinn.com/api/book_write', 'access-token已过期！', '1504850786');
INSERT INTO `ot_error_log` VALUES ('2009', '1', 'https://qz.icloudinn.com/api/book?type=hot', 'access-token已过期！', '1504850786');
INSERT INTO `ot_error_log` VALUES ('2010', '1', 'https://qz.icloudinn.com/api/book?type=hot', 'access-token已过期！', '1504850786');
INSERT INTO `ot_error_log` VALUES ('2011', '1', 'https://qz.icloudinn.com/api/book_write', 'access-token已过期！', '1504850786');
INSERT INTO `ot_error_log` VALUES ('2012', '1', 'https://qz.icloudinn.com/api/dynamic/mybook', 'access-token已过期！', '1504850786');
INSERT INTO `ot_error_log` VALUES ('2013', '1', 'https://qz.icloudinn.com/api/category?resource_type=2', 'access-token已过期！', '1504850786');
INSERT INTO `ot_error_log` VALUES ('2014', '1', 'https://qz.icloudinn.com/api/user/bookworm', 'access-token已过期！', '1504850786');
INSERT INTO `ot_error_log` VALUES ('2015', '1', 'https://qz.icloudinn.com/api/book/category', 'access-token已过期！', '1504850786');
INSERT INTO `ot_error_log` VALUES ('2016', '1', 'https://users.icloudinn.com/Api/User/bindingPhone', '该手机号已被其他账号绑定,请换一个手机号吧！', '1504850985');
INSERT INTO `ot_error_log` VALUES ('2017', '1', 'https://qz.icloudinn.com/api/dynamic/mybook', '该接口需要登录权限！', '1504860229');
INSERT INTO `ot_error_log` VALUES ('2018', '1', 'https://qz.icloudinn.com/api/dynamic/mybook', '该接口需要登录权限！', '1504860229');
INSERT INTO `ot_error_log` VALUES ('2019', '1', 'https://qz.icloudinn.com/api/signature/im', '该接口需要登录权限！', '1504860232');
INSERT INTO `ot_error_log` VALUES ('2020', '1', 'https://qz.icloudinn.com/api/dynamic/mybook', '该接口需要登录权限！', '1504860291');
INSERT INTO `ot_error_log` VALUES ('2021', '1', 'https://qz.icloudinn.com/api/dynamic/mybook', '该接口需要登录权限！', '1504892991');
INSERT INTO `ot_error_log` VALUES ('2022', '1', 'https://qz.icloudinn.com/api/dynamic/mybook', '该接口需要登录权限！', '1504892991');
INSERT INTO `ot_error_log` VALUES ('2023', '1', 'https://qz.icloudinn.com/api/dynamic', 'unlink(/phpstudy/www/ota/runtime/cache/9c/9fad325011f6a3598b1e379532821c.php): No such file or directory. /phpstudy/www/ota/thinkphp/library/think/cache/driver/File.php. on line 245', '1504992717');
INSERT INTO `ot_error_log` VALUES ('2024', '1', 'https://qz.icloudinn.com/api/signature/im', 'unlink(/phpstudy/www/ota/runtime/cache/9c/9fad325011f6a3598b1e379532821c.php): No such file or directory. /phpstudy/www/ota/thinkphp/library/think/cache/driver/File.php. on line 245', '1504992717');
INSERT INTO `ot_error_log` VALUES ('2025', '1', 'https://qz.icloudinn.com/api/dynamic/mybook', '该接口需要登录权限！', '1505141708');
INSERT INTO `ot_error_log` VALUES ('2026', '1', 'https://qz.icloudinn.com/api/dynamic/mybook', '该接口需要登录权限！', '1505141708');
INSERT INTO `ot_error_log` VALUES ('2027', '1', 'https://qz.icloudinn.com/api/signature/im', '该接口需要登录权限！', '1505141711');
INSERT INTO `ot_error_log` VALUES ('2028', '1', 'https://qz.icloudinn.com/api/dynamic/mybook', '该接口需要登录权限！', '1505197738');
INSERT INTO `ot_error_log` VALUES ('2029', '1', 'https://qz.icloudinn.com/api/dynamic/mybook', '该接口需要登录权限！', '1505197738');
INSERT INTO `ot_error_log` VALUES ('2030', '1', 'https://qz.icloudinn.com/api/book/[object Object]', '你没权限操作或该记录已经被删除！', '1505198875');
INSERT INTO `ot_error_log` VALUES ('2031', '1', 'https://qz.icloudinn.com/api/book/[object Object]', '你没权限操作或该记录已经被删除！', '1505198875');
INSERT INTO `ot_error_log` VALUES ('2032', '1', 'https://users.icloudinn.com/Api/User/bindingPhone', '该手机号已被其他账号绑定,请换一个手机号吧！', '1505199829');
INSERT INTO `ot_error_log` VALUES ('2033', '1', 'https://qz.icloudinn.com/api/dynamic/mybook', '该接口需要登录权限！', '1505199845');
INSERT INTO `ot_error_log` VALUES ('2034', '1', 'https://qz.icloudinn.com/api/dynamic/mybook', '该接口需要登录权限！', '1505216401');
INSERT INTO `ot_error_log` VALUES ('2035', '1', 'https://qz.icloudinn.com/api/comment', 'content参数缺失', '1505216527');
INSERT INTO `ot_error_log` VALUES ('2036', '1', 'https://qz.icloudinn.com/api/dynamic/mybook', '该接口需要登录权限！', '1505262944');
INSERT INTO `ot_error_log` VALUES ('2037', '1', 'https://qz.icloudinn.com/api/book_write/NaN', '你没权限操作或该记录已经被删除！', '1505269078');
INSERT INTO `ot_error_log` VALUES ('2038', '1', 'https://qz.icloudinn.com/api/book_write/NaN', '你没权限操作或该记录已经被删除！', '1505269090');
INSERT INTO `ot_error_log` VALUES ('2039', '1', 'https://qz.icloudinn.com/api/book_write/NaN', '你没权限操作或该记录已经被删除！', '1505269287');
INSERT INTO `ot_error_log` VALUES ('2040', '1', 'https://qz.icloudinn.com/api/book_write/NaN', '你没权限操作或该记录已经被删除！', '1505269331');
INSERT INTO `ot_error_log` VALUES ('2041', '1', 'https://qz.icloudinn.com/api/book_write/NaN', '你没权限操作或该记录已经被删除！', '1505269657');
INSERT INTO `ot_error_log` VALUES ('2042', '1', 'https://qz.icloudinn.com/api/dynamic/mybook', '该接口需要登录权限！', '1505269738');
INSERT INTO `ot_error_log` VALUES ('2043', '1', 'https://qz.icloudinn.com/api/book_write/NaN', '你没权限操作或该记录已经被删除！', '1505270816');
INSERT INTO `ot_error_log` VALUES ('2044', '1', 'https://qz.icloudinn.com/api/book_write/NaN', '你没权限操作或该记录已经被删除！', '1505270832');
INSERT INTO `ot_error_log` VALUES ('2045', '1', 'https://qz.icloudinn.com/api/book_write/NaN', '你没权限操作或该记录已经被删除！', '1505270860');
INSERT INTO `ot_error_log` VALUES ('2046', '1', 'https://qz.icloudinn.com/api/book_write/NaN', '你没权限操作或该记录已经被删除！', '1505270892');
INSERT INTO `ot_error_log` VALUES ('2047', '1', 'https://qz.icloudinn.com/api/book_write/NaN', '你没权限操作或该记录已经被删除！', '1505270957');
INSERT INTO `ot_error_log` VALUES ('2048', '1', 'https://qz.icloudinn.com/api/book_write/NaN', '你没权限操作或该记录已经被删除！', '1505271052');
INSERT INTO `ot_error_log` VALUES ('2049', '1', 'https://qz.icloudinn.com/api/book_write/NaN', '你没权限操作或该记录已经被删除！', '1505271168');
INSERT INTO `ot_error_log` VALUES ('2050', '1', 'https://qz.icloudinn.com/api/book_write/NaN', '你没权限操作或该记录已经被删除！', '1505271368');
INSERT INTO `ot_error_log` VALUES ('2051', '1', 'https://users.icloudinn.com/Api/User/bindingPhone', '该手机号已被其他账号绑定,请换一个手机号吧！', '1505271611');
INSERT INTO `ot_error_log` VALUES ('2052', '1', 'https://qz.icloudinn.com/api/dynamic/mybook', '该接口需要登录权限！', '1505282780');
INSERT INTO `ot_error_log` VALUES ('2053', '1', 'https://qz.icloudinn.com/api/dynamic/mybook', '该接口需要登录权限！', '1505288280');
INSERT INTO `ot_error_log` VALUES ('2054', '1', 'https://qz.icloudinn.com/api/book_write/undefined', '你没权限操作或该记录已经被删除！', '1505294207');
INSERT INTO `ot_error_log` VALUES ('2055', '1', 'https://qz.icloudinn.com/api/book_write/undefined', '你没权限操作或该记录已经被删除！', '1505294213');
INSERT INTO `ot_error_log` VALUES ('2056', '1', 'https://qz.icloudinn.com/api/book_write/undefined', '你没权限操作或该记录已经被删除！', '1505294252');
INSERT INTO `ot_error_log` VALUES ('2057', '1', 'https://qz.icloudinn.com/api/book_write/undefined', '你没权限操作或该记录已经被删除！', '1505294290');
INSERT INTO `ot_error_log` VALUES ('2058', '1', 'https://qz.icloudinn.com/api/book_write/undefined', '你没权限操作或该记录已经被删除！', '1505294398');
INSERT INTO `ot_error_log` VALUES ('2059', '1', 'https://qz.icloudinn.com/api/book_write/undefined', '你没权限操作或该记录已经被删除！', '1505294469');
INSERT INTO `ot_error_log` VALUES ('2060', '1', 'https://qz.icloudinn.com/api/book_write/undefined', '你没权限操作或该记录已经被删除！', '1505294505');
INSERT INTO `ot_error_log` VALUES ('2061', '1', 'https://qz.icloudinn.com/api/book_write/undefined', '你没权限操作或该记录已经被删除！', '1505294506');
INSERT INTO `ot_error_log` VALUES ('2062', '1', 'https://qz.icloudinn.com/api/book_write/undefined', '你没权限操作或该记录已经被删除！', '1505294559');
INSERT INTO `ot_error_log` VALUES ('2063', '1', 'https://qz.icloudinn.com/api/book_write/undefined', '你没权限操作或该记录已经被删除！', '1505294560');
INSERT INTO `ot_error_log` VALUES ('2064', '1', 'https://qz.icloudinn.com/api/book_write/undefined', '你没权限操作或该记录已经被删除！', '1505294562');
INSERT INTO `ot_error_log` VALUES ('2065', '1', 'https://qz.icloudinn.com/api/book_write/undefined', '你没权限操作或该记录已经被删除！', '1505294562');
INSERT INTO `ot_error_log` VALUES ('2066', '1', 'https://qz.icloudinn.com/api/book_write/undefined', '你没权限操作或该记录已经被删除！', '1505294564');
INSERT INTO `ot_error_log` VALUES ('2067', '1', 'https://qz.icloudinn.com/api/book_write/undefined', '你没权限操作或该记录已经被删除！', '1505294565');
INSERT INTO `ot_error_log` VALUES ('2068', '1', 'https://qz.icloudinn.com/api/book_write/undefined', '你没权限操作或该记录已经被删除！', '1505294565');
INSERT INTO `ot_error_log` VALUES ('2069', '1', 'https://qz.icloudinn.com/api/book_write/undefined', '你没权限操作或该记录已经被删除！', '1505294570');
INSERT INTO `ot_error_log` VALUES ('2070', '1', 'https://qz.icloudinn.com/api/book_write/undefined', '你没权限操作或该记录已经被删除！', '1505294652');
INSERT INTO `ot_error_log` VALUES ('2071', '1', 'https://qz.icloudinn.com/api/book_write/undefined', '你没权限操作或该记录已经被删除！', '1505294819');
INSERT INTO `ot_error_log` VALUES ('2072', '1', 'https://qz.icloudinn.com/api/book_write/undefined', '你没权限操作或该记录已经被删除！', '1505294820');
INSERT INTO `ot_error_log` VALUES ('2073', '1', 'https://qz.icloudinn.com/api/book_write/undefined', '你没权限操作或该记录已经被删除！', '1505295601');
INSERT INTO `ot_error_log` VALUES ('2074', '1', 'https://qz.icloudinn.com/api/book_write/undefined', '你没权限操作或该记录已经被删除！', '1505295603');
INSERT INTO `ot_error_log` VALUES ('2075', '1', 'https://qz.icloudinn.com/api/book_write/undefined', '你没权限操作或该记录已经被删除！', '1505295604');
INSERT INTO `ot_error_log` VALUES ('2076', '1', 'https://qz.icloudinn.com/api/book_write/undefined', '你没权限操作或该记录已经被删除！', '1505295719');
INSERT INTO `ot_error_log` VALUES ('2077', '1', 'https://qz.icloudinn.com/api/book_write/undefined', '你没权限操作或该记录已经被删除！', '1505295722');
INSERT INTO `ot_error_log` VALUES ('2078', '1', 'https://qz.icloudinn.com/api/book_write/undefined', '你没权限操作或该记录已经被删除！', '1505295722');
INSERT INTO `ot_error_log` VALUES ('2079', '1', 'https://qz.icloudinn.com/api/book_write/undefined', '你没权限操作或该记录已经被删除！', '1505295723');
INSERT INTO `ot_error_log` VALUES ('2080', '1', 'https://qz.icloudinn.com/api/book_write/undefined', '你没权限操作或该记录已经被删除！', '1505295724');
INSERT INTO `ot_error_log` VALUES ('2081', '1', 'https://qz.icloudinn.com/api/book_write/undefined', '你没权限操作或该记录已经被删除！', '1505295724');
INSERT INTO `ot_error_log` VALUES ('2082', '1', 'https://qz.icloudinn.com/api/book_write/undefined', '你没权限操作或该记录已经被删除！', '1505295725');
INSERT INTO `ot_error_log` VALUES ('2083', '1', 'https://qz.icloudinn.com/api/book_write/undefined', '你没权限操作或该记录已经被删除！', '1505295725');
INSERT INTO `ot_error_log` VALUES ('2084', '1', 'https://qz.icloudinn.com/api/book_write/undefined', '你没权限操作或该记录已经被删除！', '1505295726');
INSERT INTO `ot_error_log` VALUES ('2085', '1', 'https://qz.icloudinn.com/api/book_write/undefined', '你没权限操作或该记录已经被删除！', '1505295726');
INSERT INTO `ot_error_log` VALUES ('2086', '1', 'https://qz.icloudinn.com/api/book_write/undefined', '你没权限操作或该记录已经被删除！', '1505295726');
INSERT INTO `ot_error_log` VALUES ('2087', '1', 'https://qz.icloudinn.com/api/book_write/undefined', '你没权限操作或该记录已经被删除！', '1505295726');
INSERT INTO `ot_error_log` VALUES ('2088', '1', 'https://qz.icloudinn.com/api/book_write/undefined', '你没权限操作或该记录已经被删除！', '1505295726');
INSERT INTO `ot_error_log` VALUES ('2089', '1', 'https://qz.icloudinn.com/api/book_write/undefined', '你没权限操作或该记录已经被删除！', '1505295727');
INSERT INTO `ot_error_log` VALUES ('2090', '1', 'https://qz.icloudinn.com/api/book_write/undefined', '你没权限操作或该记录已经被删除！', '1505295727');
INSERT INTO `ot_error_log` VALUES ('2091', '1', 'https://qz.icloudinn.com/api/book_write/undefined', '你没权限操作或该记录已经被删除！', '1505295727');
INSERT INTO `ot_error_log` VALUES ('2092', '1', 'https://qz.icloudinn.com/api/book_write/undefined', '你没权限操作或该记录已经被删除！', '1505295727');
INSERT INTO `ot_error_log` VALUES ('2093', '1', 'https://qz.icloudinn.com/api/book_write/undefined', '你没权限操作或该记录已经被删除！', '1505295728');
INSERT INTO `ot_error_log` VALUES ('2094', '1', 'https://qz.icloudinn.com/api/book_write/undefined', '你没权限操作或该记录已经被删除！', '1505295781');
INSERT INTO `ot_error_log` VALUES ('2095', '1', 'https://qz.icloudinn.com/api/book_write/undefined', '你没权限操作或该记录已经被删除！', '1505296184');
INSERT INTO `ot_error_log` VALUES ('2096', '1', 'https://qz.icloudinn.com/api/book_write/undefined', '你没权限操作或该记录已经被删除！', '1505296185');
INSERT INTO `ot_error_log` VALUES ('2097', '1', 'https://qz.icloudinn.com/api/book_write/undefined', '你没权限操作或该记录已经被删除！', '1505296185');
INSERT INTO `ot_error_log` VALUES ('2098', '1', 'https://qz.icloudinn.com/api/book_write/undefined', '你没权限操作或该记录已经被删除！', '1505296185');
INSERT INTO `ot_error_log` VALUES ('2099', '1', 'https://qz.icloudinn.com/api/book_write/undefined', '你没权限操作或该记录已经被删除！', '1505296405');
INSERT INTO `ot_error_log` VALUES ('2100', '1', 'https://qz.icloudinn.com/api/book_write/undefined', '你没权限操作或该记录已经被删除！', '1505296407');
INSERT INTO `ot_error_log` VALUES ('2101', '1', 'https://qz.icloudinn.com/api/book_write/undefined', '你没权限操作或该记录已经被删除！', '1505296409');
INSERT INTO `ot_error_log` VALUES ('2102', '1', 'https://qz.icloudinn.com/api/book_write/undefined', '你没权限操作或该记录已经被删除！', '1505296442');
INSERT INTO `ot_error_log` VALUES ('2103', '1', 'https://qz.icloudinn.com/api/book_write/undefined', '你没权限操作或该记录已经被删除！', '1505296443');
INSERT INTO `ot_error_log` VALUES ('2104', '1', 'https://qz.icloudinn.com/api/book_write/undefined', '你没权限操作或该记录已经被删除！', '1505296444');
INSERT INTO `ot_error_log` VALUES ('2105', '1', 'https://qz.icloudinn.com/api/book_write/undefined', '你没权限操作或该记录已经被删除！', '1505296445');
INSERT INTO `ot_error_log` VALUES ('2106', '1', 'https://qz.icloudinn.com/api/book_write/undefined', '你没权限操作或该记录已经被删除！', '1505296445');
INSERT INTO `ot_error_log` VALUES ('2107', '1', 'https://qz.icloudinn.com/api/book_write/undefined', '你没权限操作或该记录已经被删除！', '1505296601');
INSERT INTO `ot_error_log` VALUES ('2108', '1', 'https://qz.icloudinn.com/api/book_write/undefined', '你没权限操作或该记录已经被删除！', '1505296602');
INSERT INTO `ot_error_log` VALUES ('2109', '1', 'https://qz.icloudinn.com/api/book_write/undefined', '你没权限操作或该记录已经被删除！', '1505296603');
INSERT INTO `ot_error_log` VALUES ('2110', '1', 'https://qz.icloudinn.com/api/book_write/undefined', '你没权限操作或该记录已经被删除！', '1505296604');
INSERT INTO `ot_error_log` VALUES ('2111', '1', 'https://qz.icloudinn.com/api/book_write/undefined', '你没权限操作或该记录已经被删除！', '1505296605');
INSERT INTO `ot_error_log` VALUES ('2112', '1', 'https://qz.icloudinn.com/api/book_write/undefined', '你没权限操作或该记录已经被删除！', '1505296606');
INSERT INTO `ot_error_log` VALUES ('2113', '1', 'https://qz.icloudinn.com/api/book_write/undefined', '你没权限操作或该记录已经被删除！', '1505296657');
INSERT INTO `ot_error_log` VALUES ('2114', '1', 'https://qz.icloudinn.com/api/book_write/undefined', '你没权限操作或该记录已经被删除！', '1505296659');
INSERT INTO `ot_error_log` VALUES ('2115', '1', 'https://qz.icloudinn.com/api/book_write/undefined', '你没权限操作或该记录已经被删除！', '1505296874');
INSERT INTO `ot_error_log` VALUES ('2116', '1', 'https://qz.icloudinn.com/api/book_write/undefined', '你没权限操作或该记录已经被删除！', '1505296874');
INSERT INTO `ot_error_log` VALUES ('2117', '1', 'https://qz.icloudinn.com/api/book_donate', 'book_name,第1本书，书名长度不能超过 30', '1505297476');
INSERT INTO `ot_error_log` VALUES ('2118', '1', 'https://qz.icloudinn.com/api/book_donate', 'book_name,第1本书，书名长度不能超过 30', '1505297478');
INSERT INTO `ot_error_log` VALUES ('2119', '1', 'https://qz.icloudinn.com/api/book_donate', 'book_name,第1本书，书名长度不能超过 30', '1505297479');
INSERT INTO `ot_error_log` VALUES ('2120', '1', 'https://qz.icloudinn.com/api/book_donate', 'book_name,第1本书，书名长度不能超过 30', '1505297479');
INSERT INTO `ot_error_log` VALUES ('2121', '1', 'https://qz.icloudinn.com/api/book_donate', 'book_name,第1本书，书名长度不能超过 30', '1505297480');
INSERT INTO `ot_error_log` VALUES ('2122', '1', 'https://qz.icloudinn.com/api/book_donate', 'book_name,第1本书，书名长度不能超过 30', '1505297480');
INSERT INTO `ot_error_log` VALUES ('2123', '1', 'https://qz.icloudinn.com/api/book_donate', 'book_name,第1本书，书名长度不能超过 30', '1505297481');
INSERT INTO `ot_error_log` VALUES ('2124', '1', 'https://qz.icloudinn.com/api/book_donate', 'book_name,第1本书，书名长度不能超过 30', '1505297482');
INSERT INTO `ot_error_log` VALUES ('2125', '1', 'https://users.icloudinn.com/Api/User/bindingPhone', '该手机号已被其他账号绑定,请换一个手机号吧！', '1505297922');
INSERT INTO `ot_error_log` VALUES ('2126', '1', 'https://users.icloudinn.com/Api/User/bindingPhone', '验证码不正确！', '1505297929');
INSERT INTO `ot_error_log` VALUES ('2127', '1', 'https://qz.icloudinn.com/api/book_write/undefined', '你没权限操作或该记录已经被删除！', '1505348965');
INSERT INTO `ot_error_log` VALUES ('2128', '1', 'https://qz.icloudinn.com/api/book_write/undefined', '你没权限操作或该记录已经被删除！', '1505348966');
INSERT INTO `ot_error_log` VALUES ('2129', '1', 'https://qz.icloudinn.com/api/book_write/undefined', '你没权限操作或该记录已经被删除！', '1505349565');
INSERT INTO `ot_error_log` VALUES ('2130', '1', 'https://qz.icloudinn.com/api/book_write/undefined', '你没权限操作或该记录已经被删除！', '1505349567');
INSERT INTO `ot_error_log` VALUES ('2131', '1', 'https://qz.icloudinn.com/api/book_write/undefined', '你没权限操作或该记录已经被删除！', '1505349569');
INSERT INTO `ot_error_log` VALUES ('2132', '1', 'https://qz.icloudinn.com/api/book_write/undefined', '你没权限操作或该记录已经被删除！', '1505349570');
INSERT INTO `ot_error_log` VALUES ('2133', '1', 'https://qz.icloudinn.com/api/book_write/undefined', '你没权限操作或该记录已经被删除！', '1505349572');
INSERT INTO `ot_error_log` VALUES ('2134', '1', 'https://qz.icloudinn.com/api/book_write/undefined', '你没权限操作或该记录已经被删除！', '1505349573');
INSERT INTO `ot_error_log` VALUES ('2135', '1', 'https://qz.icloudinn.com/api/book_write/undefined', '你没权限操作或该记录已经被删除！', '1505349573');
INSERT INTO `ot_error_log` VALUES ('2136', '1', 'https://qz.icloudinn.com/api/book_write/undefined', '你没权限操作或该记录已经被删除！', '1505349574');
INSERT INTO `ot_error_log` VALUES ('2137', '1', 'https://qz.icloudinn.com/api/book_write/undefined', '你没权限操作或该记录已经被删除！', '1505349574');
INSERT INTO `ot_error_log` VALUES ('2138', '1', 'https://qz.icloudinn.com/api/book_write/undefined', '你没权限操作或该记录已经被删除！', '1505349574');
INSERT INTO `ot_error_log` VALUES ('2139', '1', 'https://qz.icloudinn.com/api/book_write/undefined', '你没权限操作或该记录已经被删除！', '1505349575');
INSERT INTO `ot_error_log` VALUES ('2140', '1', 'https://qz.icloudinn.com/api/book_write/undefined', '你没权限操作或该记录已经被删除！', '1505349575');
INSERT INTO `ot_error_log` VALUES ('2141', '1', 'https://qz.icloudinn.com/api/book_write/undefined', '你没权限操作或该记录已经被删除！', '1505349575');
INSERT INTO `ot_error_log` VALUES ('2142', '1', 'https://qz.icloudinn.com/api/book_write/undefined', '你没权限操作或该记录已经被删除！', '1505349575');
INSERT INTO `ot_error_log` VALUES ('2143', '1', 'https://qz.icloudinn.com/api/book_write/undefined', '你没权限操作或该记录已经被删除！', '1505349575');
INSERT INTO `ot_error_log` VALUES ('2144', '1', 'https://qz.icloudinn.com/api/book_write/undefined', '你没权限操作或该记录已经被删除！', '1505349576');
INSERT INTO `ot_error_log` VALUES ('2145', '1', 'https://qz.icloudinn.com/api/book_write/undefined', '你没权限操作或该记录已经被删除！', '1505349576');
INSERT INTO `ot_error_log` VALUES ('2146', '1', 'https://qz.icloudinn.com/api/book_write/undefined', '你没权限操作或该记录已经被删除！', '1505349576');
INSERT INTO `ot_error_log` VALUES ('2147', '1', 'https://qz.icloudinn.com/api/book_write/undefined', '你没权限操作或该记录已经被删除！', '1505349576');
INSERT INTO `ot_error_log` VALUES ('2148', '1', 'https://qz.icloudinn.com/api/book_write/undefined', '你没权限操作或该记录已经被删除！', '1505349576');
INSERT INTO `ot_error_log` VALUES ('2149', '1', 'https://qz.icloudinn.com/api/book_write/undefined', '你没权限操作或该记录已经被删除！', '1505349577');
INSERT INTO `ot_error_log` VALUES ('2150', '1', 'https://qz.icloudinn.com/api/book_write/undefined', '你没权限操作或该记录已经被删除！', '1505349577');
INSERT INTO `ot_error_log` VALUES ('2151', '1', 'https://qz.icloudinn.com/api/book_write/undefined', '你没权限操作或该记录已经被删除！', '1505349586');
INSERT INTO `ot_error_log` VALUES ('2152', '1', 'https://qz.icloudinn.com/api/book_write/undefined', '你没权限操作或该记录已经被删除！', '1505349896');
INSERT INTO `ot_error_log` VALUES ('2153', '1', 'https://qz.icloudinn.com/api/price_calendar?house_id=undefined&room_id=undefined', '没有该ID的民宿！', '1505351959');
INSERT INTO `ot_error_log` VALUES ('2154', '1', 'https://qz.icloudinn.com/api/book_write_chapter/find[object Object]', 'method not exists:app\\api\\controller\\v1\\BookWriteChapter->find[object Object](). /phpstudy/www/ota/thinkphp/library/think/App.php. on line 403', '1505352101');
INSERT INTO `ot_error_log` VALUES ('2155', '1', 'https://qz.icloudinn.com/api/book_write_chapter/find?', 'book_write_id不能为空', '1505352470');
INSERT INTO `ot_error_log` VALUES ('2156', '1', 'https://qz.icloudinn.com/api/book_write_chapter/find', 'book_write_id不能为空', '1505352590');
INSERT INTO `ot_error_log` VALUES ('2157', '1', 'https://qz.icloudinn.com/api/book_write_chapter/find', 'book_write_id不能为空', '1505352674');
INSERT INTO `ot_error_log` VALUES ('2158', '1', 'https://qz.icloudinn.com/api/book_write_chapter/find', 'book_write_id不能为空', '1505352789');
INSERT INTO `ot_error_log` VALUES ('2159', '1', 'https://qz.icloudinn.com/api/book_write_chapter/find', 'book_write_id不能为空', '1505352817');
INSERT INTO `ot_error_log` VALUES ('2160', '1', 'https://qz.icloudinn.com/api/book_write_chapter/find', 'book_write_id不能为空', '1505352831');
INSERT INTO `ot_error_log` VALUES ('2161', '1', 'https://qz.icloudinn.com/api/book_write_chapter/find', 'book_write_id不能为空', '1505352937');
INSERT INTO `ot_error_log` VALUES ('2162', '1', 'https://qz.icloudinn.com/api/book_write_chapter/find', 'book_write_id不能为空', '1505353081');
INSERT INTO `ot_error_log` VALUES ('2163', '1', 'https://qz.icloudinn.com/api/book_write_chapter/find?book_write_id=1&sequence=5', '该章节不存在！', '1505355412');
INSERT INTO `ot_error_log` VALUES ('2164', '1', 'https://qz.icloudinn.com/api/book_write_chapter/find?book_write_id=undefined&sequence=NaN', 'sequence必须是数字', '1505355423');
INSERT INTO `ot_error_log` VALUES ('2165', '1', 'https://qz.icloudinn.com/api/book_write_chapter/find?book_write_id=1&sequence=5', '该章节不存在！', '1505355431');
INSERT INTO `ot_error_log` VALUES ('2166', '1', 'https://qz.icloudinn.com/api/dynamic/mybook', '该接口需要登录权限！', '1505373063');
INSERT INTO `ot_error_log` VALUES ('2167', '1', 'https://users.icloudinn.com/Api/User/wxAppLogin', '微信服务器返回错误信息', '1505373067');
INSERT INTO `ot_error_log` VALUES ('2168', '1', 'https://qz.icloudinn.com/api/hotel_order', '该民宿在2017-9-22日期已经被预定！', '1505383233');
INSERT INTO `ot_error_log` VALUES ('2169', '1', 'https://qz.icloudinn.com/api/https://api.weixin.qq.com/cgi-bin/token?grant_type=client_credential&ap', 'controller not exists:Https:. /phpstudy/www/ota/thinkphp/library/think/App.php. on line 388', '1505445370');
INSERT INTO `ot_error_log` VALUES ('2170', '1', 'https://qz.icloudinn.com/api/https://api.weixin.qq.com/cgi-bin/token?grant_type=client_credential&ap', 'controller not exists:Https:. /phpstudy/www/ota/thinkphp/library/think/App.php. on line 388', '1505445393');
INSERT INTO `ot_error_log` VALUES ('2171', '1', 'https://qz.icloudinn.com/api/https://api.weixin.qq.com/cgi-bin/message/wxopen/template/send', 'controller not exists:Https:. /phpstudy/www/ota/thinkphp/library/think/App.php. on line 388', '1505445843');
INSERT INTO `ot_error_log` VALUES ('2172', '1', 'https://qz.icloudinn.com/api/https://api.weixin.qq.com/cgi-bin/message/wxopen/template/send', 'controller not exists:Https:. /phpstudy/www/ota/thinkphp/library/think/App.php. on line 388', '1505446648');
INSERT INTO `ot_error_log` VALUES ('2173', '1', 'https://api.weixin.qq.com/cgi-bin/message/wxopen/template/send', '', '1505447741');
INSERT INTO `ot_error_log` VALUES ('2174', '1', 'https://api.weixin.qq.com/cgi-bin/message/wxopen/template/send', '', '1505448432');
INSERT INTO `ot_error_log` VALUES ('2175', '1', 'https://qz.icloudinn.com/api/hotel_order', '该民宿在2017-9-15日期已经被预定！', '1505455573');
INSERT INTO `ot_error_log` VALUES ('2176', '1', 'https://api.weixin.qq.com/cgi-bin/message/wxopen/template/send', '', '1505455626');
INSERT INTO `ot_error_log` VALUES ('2177', '1', 'https://api.weixin.qq.com/cgi-bin/message/wxopen/template/send', '', '1505459218');
INSERT INTO `ot_error_log` VALUES ('2178', '1', 'https://qz.icloudinn.com/api/http://users.icloudinn.com/api/wechat/templateMsg', 'controller not exists:Http:. /phpstudy/www/ota/thinkphp/library/think/App.php. on line 388', '1505461468');
INSERT INTO `ot_error_log` VALUES ('2179', '1', 'https://qz.icloudinn.com/api/hotel_order', '该民宿在2017-9-27日期已经被预定！', '1505461534');
INSERT INTO `ot_error_log` VALUES ('2180', '1', 'https://qz.icloudinn.com/api/http://users.icloudinn.com/api/wechat/templateMsg', 'controller not exists:Http:. /phpstudy/www/ota/thinkphp/library/think/App.php. on line 388', '1505461555');
INSERT INTO `ot_error_log` VALUES ('2181', '1', 'https://qz.icloudinn.com/api/dynamic/mybook', '该接口需要登录权限！', '1505481583');
INSERT INTO `ot_error_log` VALUES ('2182', '1', 'https://qz.icloudinn.com/api/dynamic/mybook', '该接口需要登录权限！', '1505525102');
INSERT INTO `ot_error_log` VALUES ('2183', '1', 'https://qz.icloudinn.com/api/house', 'access-token已过期！', '1505608620');
INSERT INTO `ot_error_log` VALUES ('2184', '1', 'https://qz.icloudinn.com/api/dynamic/mybook', '该接口需要登录权限！', '1505628989');
INSERT INTO `ot_error_log` VALUES ('2185', '1', 'https://qz.icloudinn.com/api/dynamic/mybook', '该接口需要登录权限！', '1505661693');
INSERT INTO `ot_error_log` VALUES ('2186', '1', 'https://qz.icloudinn.com/api/dynamic/mybook', '该接口需要登录权限！', '1505668355');
INSERT INTO `ot_error_log` VALUES ('2187', '1', 'https://qz.icloudinn.com/api/dynamic/mybook', '该接口需要登录权限！', '1505695168');
INSERT INTO `ot_error_log` VALUES ('2188', '1', 'https://qz.icloudinn.com/api/hotel_order', '该民宿在2017-9-20日期已经被预定！', '1505700009');
INSERT INTO `ot_error_log` VALUES ('2189', '1', 'https://qz.icloudinn.com/api/house', 'access-token已过期！', '1505702515');
INSERT INTO `ot_error_log` VALUES ('2190', '1', 'https://users.icloudinn.com/Api/User/wxAppLogin', '', '1505702515');
INSERT INTO `ot_error_log` VALUES ('2191', '1', 'https://qz.icloudinn.com/api/dynamic/mybook', 'access-token已过期！', '1505702519');
INSERT INTO `ot_error_log` VALUES ('2192', '1', 'https://qz.icloudinn.com/api/book_write', 'access-token已过期！', '1505702519');
INSERT INTO `ot_error_log` VALUES ('2193', '1', 'https://qz.icloudinn.com/api/book?type=hot', 'access-token已过期！', '1505702519');
INSERT INTO `ot_error_log` VALUES ('2194', '1', 'https://qz.icloudinn.com/api/user/bookworm', 'access-token已过期！', '1505702519');
INSERT INTO `ot_error_log` VALUES ('2195', '1', 'https://users.icloudinn.com/Api/User/wxAppLogin', '', '1505702520');
INSERT INTO `ot_error_log` VALUES ('2196', '1', 'https://users.icloudinn.com/Api/User/wxAppLogin', '', '1505702521');
INSERT INTO `ot_error_log` VALUES ('2197', '1', 'https://users.icloudinn.com/Api/User/wxAppLogin', '', '1505702521');
INSERT INTO `ot_error_log` VALUES ('2198', '1', 'https://users.icloudinn.com/Api/User/wxAppLogin', '', '1505702521');
INSERT INTO `ot_error_log` VALUES ('2199', '1', 'https://qz.icloudinn.com/api/dynamic', 'access-token已过期！', '1505702550');
INSERT INTO `ot_error_log` VALUES ('2200', '1', 'https://qz.icloudinn.com/api/dynamic', 'access-token已过期！', '1505702550');
INSERT INTO `ot_error_log` VALUES ('2201', '1', 'https://qz.icloudinn.com/api/signature/im', 'access-token已过期！', '1505702550');
INSERT INTO `ot_error_log` VALUES ('2202', '1', 'https://users.icloudinn.com/Api/User/wxAppLogin', '', '1505702552');
INSERT INTO `ot_error_log` VALUES ('2203', '1', 'https://users.icloudinn.com/Api/User/wxAppLogin', '', '1505702552');
INSERT INTO `ot_error_log` VALUES ('2204', '1', 'https://users.icloudinn.com/Api/User/wxAppLogin', '', '1505702552');
INSERT INTO `ot_error_log` VALUES ('2205', '1', 'https://qz.icloudinn.com/api/dynamic', 'access-token已过期！', '1505702555');
INSERT INTO `ot_error_log` VALUES ('2206', '1', 'https://users.icloudinn.com/Api/User/wxAppLogin', '', '1505702556');
INSERT INTO `ot_error_log` VALUES ('2207', '1', 'https://qz.icloudinn.com/api/dynamic', 'access-token已过期！', '1505702559');
INSERT INTO `ot_error_log` VALUES ('2208', '1', 'https://users.icloudinn.com/Api/User/wxAppLogin', '', '1505702559');
INSERT INTO `ot_error_log` VALUES ('2209', '1', 'https://qz.icloudinn.com/api/user/concern?type=1', 'access-token已过期！', '1505702562');
INSERT INTO `ot_error_log` VALUES ('2210', '1', 'https://qz.icloudinn.com/api/user/concern?type=0', 'access-token已过期！', '1505702562');
INSERT INTO `ot_error_log` VALUES ('2211', '1', 'https://qz.icloudinn.com/api/signature/im', 'access-token已过期！', '1505702562');
INSERT INTO `ot_error_log` VALUES ('2212', '1', 'https://qz.icloudinn.com/api/user/concern?type=1', 'access-token已过期！', '1505702562');
INSERT INTO `ot_error_log` VALUES ('2213', '1', 'https://qz.icloudinn.com/api/user/concern?type=0', 'access-token已过期！', '1505702562');
INSERT INTO `ot_error_log` VALUES ('2214', '1', 'https://users.icloudinn.com/Api/User/wxAppLogin', '', '1505702564');
INSERT INTO `ot_error_log` VALUES ('2215', '1', 'https://users.icloudinn.com/Api/User/wxAppLogin', '', '1505702564');
INSERT INTO `ot_error_log` VALUES ('2216', '1', 'https://users.icloudinn.com/Api/User/wxAppLogin', '', '1505702564');
INSERT INTO `ot_error_log` VALUES ('2217', '1', 'https://users.icloudinn.com/Api/User/wxAppLogin', '', '1505702564');
INSERT INTO `ot_error_log` VALUES ('2218', '1', 'https://qz.icloudinn.com/api/dynamic', 'access-token已过期！', '1505702564');
INSERT INTO `ot_error_log` VALUES ('2219', '1', 'https://users.icloudinn.com/Api/User/wxAppLogin', '', '1505702564');
INSERT INTO `ot_error_log` VALUES ('2220', '1', 'https://users.icloudinn.com/Api/User/wxAppLogin', '', '1505702565');
INSERT INTO `ot_error_log` VALUES ('2221', '1', 'https://qz.icloudinn.com/api/user/concern?type=0', 'access-token已过期！', '1505702566');
INSERT INTO `ot_error_log` VALUES ('2222', '1', 'https://qz.icloudinn.com/api/user/concern?type=1', 'access-token已过期！', '1505702566');
INSERT INTO `ot_error_log` VALUES ('2223', '1', 'https://qz.icloudinn.com/api/signature/im', 'access-token已过期！', '1505702566');
INSERT INTO `ot_error_log` VALUES ('2224', '1', 'https://qz.icloudinn.com/api/user/concern?type=0', 'access-token已过期！', '1505702567');
INSERT INTO `ot_error_log` VALUES ('2225', '1', 'https://qz.icloudinn.com/api/user/concern?type=1', 'access-token已过期！', '1505702567');
INSERT INTO `ot_error_log` VALUES ('2226', '1', 'https://users.icloudinn.com/Api/User/wxAppLogin', '', '1505702568');
INSERT INTO `ot_error_log` VALUES ('2227', '1', 'https://users.icloudinn.com/Api/User/wxAppLogin', '', '1505702568');
INSERT INTO `ot_error_log` VALUES ('2228', '1', 'https://users.icloudinn.com/Api/User/wxAppLogin', '', '1505702568');
INSERT INTO `ot_error_log` VALUES ('2229', '1', 'https://users.icloudinn.com/Api/User/wxAppLogin', '', '1505702569');
INSERT INTO `ot_error_log` VALUES ('2230', '1', 'https://users.icloudinn.com/Api/User/wxAppLogin', '', '1505702569');
INSERT INTO `ot_error_log` VALUES ('2231', '1', 'https://qz.icloudinn.com/api/user/concern?type=0', 'access-token已过期！', '1505702571');
INSERT INTO `ot_error_log` VALUES ('2232', '1', 'https://qz.icloudinn.com/api/user/concern?type=0', 'access-token已过期！', '1505702571');
INSERT INTO `ot_error_log` VALUES ('2233', '1', 'https://users.icloudinn.com/Api/User/wxAppLogin', '', '1505702572');
INSERT INTO `ot_error_log` VALUES ('2234', '1', 'https://users.icloudinn.com/Api/User/wxAppLogin', '', '1505702572');
INSERT INTO `ot_error_log` VALUES ('2235', '1', 'https://qz.icloudinn.com/api/signature/im', 'access-token已过期！', '1505702573');
INSERT INTO `ot_error_log` VALUES ('2236', '1', 'https://qz.icloudinn.com/api/dynamic', 'access-token已过期！', '1505702574');
INSERT INTO `ot_error_log` VALUES ('2237', '1', 'https://users.icloudinn.com/Api/User/wxAppLogin', '', '1505702574');
INSERT INTO `ot_error_log` VALUES ('2238', '1', 'https://users.icloudinn.com/Api/User/wxAppLogin', '', '1505702575');
INSERT INTO `ot_error_log` VALUES ('2239', '1', 'https://qz.icloudinn.com/api/house', 'access-token已过期！', '1505702596');
INSERT INTO `ot_error_log` VALUES ('2240', '1', 'https://users.icloudinn.com/Api/User/wxAppLogin', '', '1505702597');
INSERT INTO `ot_error_log` VALUES ('2241', '1', 'https://qz.icloudinn.com/api/hotel_order', '该民宿在2017-9-18日期已经被预定！', '1505703682');
INSERT INTO `ot_error_log` VALUES ('2242', '1', 'https://qz.icloudinn.com/api/hotel_order', '该民宿在2017-9-18日期已经被预定！', '1505703683');
INSERT INTO `ot_error_log` VALUES ('2243', '1', 'https://qz.icloudinn.com/api/hotel_order', '该民宿在2017-9-20日期已经被预定！', '1505703696');
INSERT INTO `ot_error_log` VALUES ('2244', '1', 'https://qz.icloudinn.com/api/hotel_order', '该民宿在2017-9-24日期已经被预定！', '1505705080');
INSERT INTO `ot_error_log` VALUES ('2245', '1', 'https://qz.icloudinn.com/api/house', 'access-token已过期！', '1505705799');
INSERT INTO `ot_error_log` VALUES ('2246', '1', 'https://users.icloudinn.com/Api/User/wxAppLogin', '', '1505705801');
INSERT INTO `ot_error_log` VALUES ('2247', '1', 'https://qz.icloudinn.com/api/dynamic/mybook', 'access-token已过期！', '1505705818');
INSERT INTO `ot_error_log` VALUES ('2248', '1', 'https://qz.icloudinn.com/api/user/bookworm', 'access-token已过期！', '1505705818');
INSERT INTO `ot_error_log` VALUES ('2249', '1', 'https://qz.icloudinn.com/api/book?type=hot', 'access-token已过期！', '1505705818');
INSERT INTO `ot_error_log` VALUES ('2250', '1', 'https://qz.icloudinn.com/api/book_write', 'access-token已过期！', '1505705818');
INSERT INTO `ot_error_log` VALUES ('2251', '1', 'https://users.icloudinn.com/Api/User/wxAppLogin', '', '1505705820');
INSERT INTO `ot_error_log` VALUES ('2252', '1', 'https://users.icloudinn.com/Api/User/wxAppLogin', '', '1505705820');
INSERT INTO `ot_error_log` VALUES ('2253', '1', 'https://users.icloudinn.com/Api/User/wxAppLogin', '', '1505705821');
INSERT INTO `ot_error_log` VALUES ('2254', '1', 'https://users.icloudinn.com/Api/User/wxAppLogin', '', '1505705821');
INSERT INTO `ot_error_log` VALUES ('2255', '1', 'https://qz.icloudinn.com/api/dynamic', 'access-token已过期！', '1505705842');
INSERT INTO `ot_error_log` VALUES ('2256', '1', 'https://qz.icloudinn.com/api/dynamic', 'access-token已过期！', '1505705842');
INSERT INTO `ot_error_log` VALUES ('2257', '1', 'https://qz.icloudinn.com/api/signature/im', 'access-token已过期！', '1505705842');
INSERT INTO `ot_error_log` VALUES ('2258', '1', 'https://users.icloudinn.com/Api/User/wxAppLogin', '', '1505705843');
INSERT INTO `ot_error_log` VALUES ('2259', '1', 'https://users.icloudinn.com/Api/User/wxAppLogin', '', '1505705843');
INSERT INTO `ot_error_log` VALUES ('2260', '1', 'https://users.icloudinn.com/Api/User/wxAppLogin', '', '1505705843');
INSERT INTO `ot_error_log` VALUES ('2261', '1', 'https://qz.icloudinn.com/api/dynamic', 'access-token已过期！', '1505705847');
INSERT INTO `ot_error_log` VALUES ('2262', '1', 'https://users.icloudinn.com/Api/User/wxAppLogin', '', '1505705848');
INSERT INTO `ot_error_log` VALUES ('2263', '1', 'https://qz.icloudinn.com/api/hotel_order', 'access-token已过期！', '1505705852');
INSERT INTO `ot_error_log` VALUES ('2264', '1', 'https://qz.icloudinn.com/api/hotel_order', 'access-token已过期！', '1505705852');
INSERT INTO `ot_error_log` VALUES ('2265', '1', 'https://users.icloudinn.com/Api/User/wxAppLogin', '', '1505705853');
INSERT INTO `ot_error_log` VALUES ('2266', '1', 'https://users.icloudinn.com/Api/User/wxAppLogin', '', '1505705853');
INSERT INTO `ot_error_log` VALUES ('2267', '1', 'https://qz.icloudinn.com/api/dynamic', 'access-token已过期！', '1505705854');
INSERT INTO `ot_error_log` VALUES ('2268', '1', 'https://users.icloudinn.com/Api/User/wxAppLogin', '', '1505705854');
INSERT INTO `ot_error_log` VALUES ('2269', '1', 'https://qz.icloudinn.com/api/dynamic', 'access-token已过期！', '1505705865');
INSERT INTO `ot_error_log` VALUES ('2270', '1', 'https://users.icloudinn.com/Api/User/wxAppLogin', '', '1505705865');
INSERT INTO `ot_error_log` VALUES ('2271', '1', 'https://qz.icloudinn.com/api/house', 'access-token已过期！', '1505705901');
INSERT INTO `ot_error_log` VALUES ('2272', '1', 'https://users.icloudinn.com/Api/User/wxAppLogin', '', '1505705902');
INSERT INTO `ot_error_log` VALUES ('2273', '1', 'https://qz.icloudinn.com/api/book?type=hot', 'access-token已过期！', '1505705915');
INSERT INTO `ot_error_log` VALUES ('2274', '1', 'https://qz.icloudinn.com/api/dynamic/mybook', 'access-token已过期！', '1505705916');
INSERT INTO `ot_error_log` VALUES ('2275', '1', 'https://qz.icloudinn.com/api/book_write', 'access-token已过期！', '1505705916');
INSERT INTO `ot_error_log` VALUES ('2276', '1', 'https://qz.icloudinn.com/api/user/bookworm', 'access-token已过期！', '1505705916');
INSERT INTO `ot_error_log` VALUES ('2277', '1', 'https://qz.icloudinn.com/api/dynamic', 'access-token已过期！', '1505705918');
INSERT INTO `ot_error_log` VALUES ('2278', '1', 'https://qz.icloudinn.com/api/dynamic', 'access-token已过期！', '1505705918');
INSERT INTO `ot_error_log` VALUES ('2279', '1', 'https://qz.icloudinn.com/api/signature/im', 'access-token已过期！', '1505705918');
INSERT INTO `ot_error_log` VALUES ('2280', '1', 'https://users.icloudinn.com/Api/User/wxAppLogin', '', '1505705919');
INSERT INTO `ot_error_log` VALUES ('2281', '1', 'https://users.icloudinn.com/Api/User/wxAppLogin', '', '1505705919');
INSERT INTO `ot_error_log` VALUES ('2282', '1', 'https://users.icloudinn.com/Api/User/wxAppLogin', '', '1505705920');
INSERT INTO `ot_error_log` VALUES ('2283', '1', 'https://users.icloudinn.com/Api/User/wxAppLogin', '', '1505705921');
INSERT INTO `ot_error_log` VALUES ('2284', '1', 'https://users.icloudinn.com/Api/User/wxAppLogin', '', '1505705921');
INSERT INTO `ot_error_log` VALUES ('2285', '1', 'https://users.icloudinn.com/Api/User/wxAppLogin', '', '1505705921');
INSERT INTO `ot_error_log` VALUES ('2286', '1', 'https://users.icloudinn.com/Api/User/wxAppLogin', '', '1505705922');
INSERT INTO `ot_error_log` VALUES ('2287', '1', 'https://qz.icloudinn.com/api/dynamic', 'access-token已过期！', '1505705945');
INSERT INTO `ot_error_log` VALUES ('2288', '1', 'https://users.icloudinn.com/Api/User/wxAppLogin', '', '1505705946');
INSERT INTO `ot_error_log` VALUES ('2289', '1', 'https://qz.icloudinn.com/api/dynamic', 'access-token已过期！', '1505705949');
INSERT INTO `ot_error_log` VALUES ('2290', '1', 'https://users.icloudinn.com/Api/User/wxAppLogin', '', '1505705950');
INSERT INTO `ot_error_log` VALUES ('2291', '1', 'https://qz.icloudinn.com/api/dynamic/mybook', '', '1505721670');
INSERT INTO `ot_error_log` VALUES ('2292', '1', 'https://qz.icloudinn.com/api/dynamic/mybook', '该接口需要登录权限！', '1505723382');
INSERT INTO `ot_error_log` VALUES ('2293', '1', 'https://qz.icloudinn.com/api/collect', 'SQLSTATE[23000]: Integrity constraint violation: 1048 Column \'user_id\' cannot be null. /phpstudy/www/ota/thinkphp/library/think/db/Connection.php. on line 451', '1505723536');
INSERT INTO `ot_error_log` VALUES ('2294', '1', 'https://qz.icloudinn.com/api/comment', 'content参数缺失', '1505723613');
INSERT INTO `ot_error_log` VALUES ('2295', '1', 'https://qz.icloudinn.com/api/dynamic/mybook', '该接口需要登录权限！', '1505723818');
INSERT INTO `ot_error_log` VALUES ('2296', '1', 'https://qz.icloudinn.com/api/collect', 'SQLSTATE[23000]: Integrity constraint violation: 1048 Column \'user_id\' cannot be null. /phpstudy/www/ota/thinkphp/library/think/db/Connection.php. on line 451', '1505723991');
INSERT INTO `ot_error_log` VALUES ('2297', '1', 'https://qz.icloudinn.com/api/collect', 'SQLSTATE[23000]: Integrity constraint violation: 1048 Column \'user_id\' cannot be null. /phpstudy/www/ota/thinkphp/library/think/db/Connection.php. on line 451', '1505724024');
INSERT INTO `ot_error_log` VALUES ('2298', '1', 'https://qz.icloudinn.com/api/book?type=hot', '', '1505724172');
INSERT INTO `ot_error_log` VALUES ('2299', '1', 'https://qz.icloudinn.com/api/dynamic/mybook', '', '1505724172');
INSERT INTO `ot_error_log` VALUES ('2300', '1', 'https://qz.icloudinn.com/api/house', 'access-token已过期！', '1505726722');
INSERT INTO `ot_error_log` VALUES ('2301', '1', 'https://users.icloudinn.com/Api/User/wxAppLogin', '', '1505726724');
INSERT INTO `ot_error_log` VALUES ('2302', '1', 'https://qz.icloudinn.com/api/book?type=hot', 'access-token已过期！', '1505726730');
INSERT INTO `ot_error_log` VALUES ('2303', '1', 'https://qz.icloudinn.com/api/book_write', 'access-token已过期！', '1505726730');
INSERT INTO `ot_error_log` VALUES ('2304', '1', 'https://qz.icloudinn.com/api/dynamic/mybook', 'access-token已过期！', '1505726730');
INSERT INTO `ot_error_log` VALUES ('2305', '1', 'https://qz.icloudinn.com/api/user/bookworm', 'access-token已过期！', '1505726730');
INSERT INTO `ot_error_log` VALUES ('2306', '1', 'https://users.icloudinn.com/Api/User/wxAppLogin', '', '1505726731');
INSERT INTO `ot_error_log` VALUES ('2307', '1', 'https://users.icloudinn.com/Api/User/wxAppLogin', '', '1505726732');
INSERT INTO `ot_error_log` VALUES ('2308', '1', 'https://users.icloudinn.com/Api/User/wxAppLogin', '', '1505726732');
INSERT INTO `ot_error_log` VALUES ('2309', '1', 'https://users.icloudinn.com/Api/User/wxAppLogin', '', '1505726732');
INSERT INTO `ot_error_log` VALUES ('2310', '1', 'https://qz.icloudinn.com/api/dynamic', 'access-token已过期！', '1505726736');
INSERT INTO `ot_error_log` VALUES ('2311', '1', 'https://qz.icloudinn.com/api/signature/im', 'access-token已过期！', '1505726736');
INSERT INTO `ot_error_log` VALUES ('2312', '1', 'https://qz.icloudinn.com/api/dynamic', 'access-token已过期！', '1505726736');
INSERT INTO `ot_error_log` VALUES ('2313', '1', 'https://users.icloudinn.com/Api/User/wxAppLogin', '', '1505726737');
INSERT INTO `ot_error_log` VALUES ('2314', '1', 'https://users.icloudinn.com/Api/User/wxAppLogin', '', '1505726737');
INSERT INTO `ot_error_log` VALUES ('2315', '1', 'https://users.icloudinn.com/Api/User/wxAppLogin', '', '1505726738');
INSERT INTO `ot_error_log` VALUES ('2316', '1', 'https://qz.icloudinn.com/api/dynamic', 'access-token已过期！', '1505726739');
INSERT INTO `ot_error_log` VALUES ('2317', '1', 'https://users.icloudinn.com/Api/User/wxAppLogin', '', '1505726740');
INSERT INTO `ot_error_log` VALUES ('2318', '1', 'https://qz.icloudinn.com/api/user/concern?type=0', 'access-token已过期！', '1505726740');
INSERT INTO `ot_error_log` VALUES ('2319', '1', 'https://qz.icloudinn.com/api/user/concern?type=1', 'access-token已过期！', '1505726740');
INSERT INTO `ot_error_log` VALUES ('2320', '1', 'https://qz.icloudinn.com/api/signature/im', 'access-token已过期！', '1505726740');
INSERT INTO `ot_error_log` VALUES ('2321', '1', 'https://qz.icloudinn.com/api/user/concern?type=0', 'access-token已过期！', '1505726740');
INSERT INTO `ot_error_log` VALUES ('2322', '1', 'https://qz.icloudinn.com/api/user/concern?type=1', 'access-token已过期！', '1505726740');
INSERT INTO `ot_error_log` VALUES ('2323', '1', 'https://users.icloudinn.com/Api/User/wxAppLogin', '', '1505726742');
INSERT INTO `ot_error_log` VALUES ('2324', '1', 'https://qz.icloudinn.com/api/dynamic', 'access-token已过期！', '1505726742');
INSERT INTO `ot_error_log` VALUES ('2325', '1', 'https://users.icloudinn.com/Api/User/wxAppLogin', '', '1505726742');
INSERT INTO `ot_error_log` VALUES ('2326', '1', 'https://users.icloudinn.com/Api/User/wxAppLogin', '', '1505726742');
INSERT INTO `ot_error_log` VALUES ('2327', '1', 'https://users.icloudinn.com/Api/User/wxAppLogin', '', '1505726743');
INSERT INTO `ot_error_log` VALUES ('2328', '1', 'https://users.icloudinn.com/Api/User/wxAppLogin', '', '1505726743');
INSERT INTO `ot_error_log` VALUES ('2329', '1', 'https://users.icloudinn.com/Api/User/wxAppLogin', '', '1505726744');
INSERT INTO `ot_error_log` VALUES ('2330', '1', 'https://qz.icloudinn.com/api/hotel_order', 'access-token已过期！', '1505726746');
INSERT INTO `ot_error_log` VALUES ('2331', '1', 'https://qz.icloudinn.com/api/hotel_order', 'access-token已过期！', '1505726746');
INSERT INTO `ot_error_log` VALUES ('2332', '1', 'https://users.icloudinn.com/Api/User/wxAppLogin', '', '1505726747');
INSERT INTO `ot_error_log` VALUES ('2333', '1', 'https://users.icloudinn.com/Api/User/wxAppLogin', '', '1505726747');
INSERT INTO `ot_error_log` VALUES ('2334', '1', 'https://qz.icloudinn.com/api/dynamic', 'access-token已过期！', '1505726747');
INSERT INTO `ot_error_log` VALUES ('2335', '1', 'https://users.icloudinn.com/Api/User/wxAppLogin', '', '1505726748');
INSERT INTO `ot_error_log` VALUES ('2336', '1', 'https://qz.icloudinn.com/api/hotel_order', 'access-token已过期！', '1505726748');
INSERT INTO `ot_error_log` VALUES ('2337', '1', 'https://qz.icloudinn.com/api/hotel_order', 'access-token已过期！', '1505726748');
INSERT INTO `ot_error_log` VALUES ('2338', '1', 'https://users.icloudinn.com/Api/User/wxAppLogin', '', '1505726749');
INSERT INTO `ot_error_log` VALUES ('2339', '1', 'https://users.icloudinn.com/Api/User/wxAppLogin', '', '1505726750');
INSERT INTO `ot_error_log` VALUES ('2340', '1', 'https://qz.icloudinn.com/api/dynamic', 'access-token已过期！', '1505726751');
INSERT INTO `ot_error_log` VALUES ('2341', '1', 'https://users.icloudinn.com/Api/User/wxAppLogin', '', '1505726752');
INSERT INTO `ot_error_log` VALUES ('2342', '1', 'https://qz.icloudinn.com/api/book_donate?user_id=12143009', 'access-token已过期！', '1505726754');
INSERT INTO `ot_error_log` VALUES ('2343', '1', 'https://qz.icloudinn.com/api/book_rent?user_id=12143009', 'access-token已过期！', '1505726754');
INSERT INTO `ot_error_log` VALUES ('2344', '1', 'https://users.icloudinn.com/Api/User/wxAppLogin', '', '1505726755');
INSERT INTO `ot_error_log` VALUES ('2345', '1', 'https://users.icloudinn.com/Api/User/wxAppLogin', '', '1505726755');
INSERT INTO `ot_error_log` VALUES ('2346', '1', 'https://qz.icloudinn.com/api/dynamic', 'access-token已过期！', '1505726756');
INSERT INTO `ot_error_log` VALUES ('2347', '1', 'https://users.icloudinn.com/Api/User/wxAppLogin', '', '1505726757');
INSERT INTO `ot_error_log` VALUES ('2348', '1', 'https://qz.icloudinn.com/api/dynamic', 'access-token已过期！', '1505726758');
INSERT INTO `ot_error_log` VALUES ('2349', '1', 'https://users.icloudinn.com/Api/User/wxAppLogin', '', '1505726759');
INSERT INTO `ot_error_log` VALUES ('2350', '1', 'https://qz.icloudinn.com/api/user/concern?type=0', 'access-token已过期！', '1505726760');
INSERT INTO `ot_error_log` VALUES ('2351', '1', 'https://qz.icloudinn.com/api/user/concern?type=1', 'access-token已过期！', '1505726760');
INSERT INTO `ot_error_log` VALUES ('2352', '1', 'https://qz.icloudinn.com/api/signature/im', 'access-token已过期！', '1505726760');
INSERT INTO `ot_error_log` VALUES ('2353', '1', 'https://qz.icloudinn.com/api/user/concern?type=0', 'access-token已过期！', '1505726760');
INSERT INTO `ot_error_log` VALUES ('2354', '1', 'https://qz.icloudinn.com/api/user/concern?type=1', 'access-token已过期！', '1505726760');
INSERT INTO `ot_error_log` VALUES ('2355', '1', 'https://qz.icloudinn.com/api/dynamic', 'access-token已过期！', '1505726761');
INSERT INTO `ot_error_log` VALUES ('2356', '1', 'https://users.icloudinn.com/Api/User/wxAppLogin', '', '1505726762');
INSERT INTO `ot_error_log` VALUES ('2357', '1', 'https://users.icloudinn.com/Api/User/wxAppLogin', '', '1505726762');
INSERT INTO `ot_error_log` VALUES ('2358', '1', 'https://users.icloudinn.com/Api/User/wxAppLogin', '', '1505726762');
INSERT INTO `ot_error_log` VALUES ('2359', '1', 'https://users.icloudinn.com/Api/User/wxAppLogin', '', '1505726763');
INSERT INTO `ot_error_log` VALUES ('2360', '1', 'https://users.icloudinn.com/Api/User/wxAppLogin', '', '1505726763');
INSERT INTO `ot_error_log` VALUES ('2361', '1', 'https://users.icloudinn.com/Api/User/wxAppLogin', '', '1505726763');
INSERT INTO `ot_error_log` VALUES ('2362', '1', 'https://qz.icloudinn.com/api/dynamic', 'access-token已过期！', '1505726767');
INSERT INTO `ot_error_log` VALUES ('2363', '1', 'https://users.icloudinn.com/Api/User/wxAppLogin', '', '1505726768');
INSERT INTO `ot_error_log` VALUES ('2364', '1', 'https://qz.icloudinn.com/api/dynamic', 'access-token已过期！', '1505726771');
INSERT INTO `ot_error_log` VALUES ('2365', '1', 'https://users.icloudinn.com/Api/User/wxAppLogin', '', '1505726772');
INSERT INTO `ot_error_log` VALUES ('2366', '1', 'https://qz.icloudinn.com/api/dynamic', 'access-token已过期！', '1505726798');
INSERT INTO `ot_error_log` VALUES ('2367', '1', 'https://users.icloudinn.com/Api/User/wxAppLogin', '', '1505726799');
INSERT INTO `ot_error_log` VALUES ('2368', '1', 'https://qz.icloudinn.com/api/book_rent?user_id=12143009', 'access-token已过期！', '1505726800');
INSERT INTO `ot_error_log` VALUES ('2369', '1', 'https://qz.icloudinn.com/api/book_donate?user_id=12143009', 'access-token已过期！', '1505726800');
INSERT INTO `ot_error_log` VALUES ('2370', '1', 'https://users.icloudinn.com/Api/User/wxAppLogin', '', '1505726801');
INSERT INTO `ot_error_log` VALUES ('2371', '1', 'https://users.icloudinn.com/Api/User/wxAppLogin', '', '1505726801');
INSERT INTO `ot_error_log` VALUES ('2372', '1', 'https://qz.icloudinn.com/api/dynamic', 'access-token已过期！', '1505726819');
INSERT INTO `ot_error_log` VALUES ('2373', '1', 'https://users.icloudinn.com/Api/User/wxAppLogin', '', '1505726820');
INSERT INTO `ot_error_log` VALUES ('2374', '1', 'https://qz.icloudinn.com/api/book_rent?user_id=12143009', 'access-token已过期！', '1505726821');
INSERT INTO `ot_error_log` VALUES ('2375', '1', 'https://qz.icloudinn.com/api/book_donate?user_id=12143009', 'access-token已过期！', '1505726821');
INSERT INTO `ot_error_log` VALUES ('2376', '1', 'https://users.icloudinn.com/Api/User/wxAppLogin', '', '1505726822');
INSERT INTO `ot_error_log` VALUES ('2377', '1', 'https://users.icloudinn.com/Api/User/wxAppLogin', '', '1505726823');
INSERT INTO `ot_error_log` VALUES ('2378', '1', 'https://qz.icloudinn.com/api/dynamic', 'access-token已过期！', '1505726826');
INSERT INTO `ot_error_log` VALUES ('2379', '1', 'https://users.icloudinn.com/Api/User/wxAppLogin', '', '1505726827');
INSERT INTO `ot_error_log` VALUES ('2380', '1', 'https://qz.icloudinn.com/api/dynamic', 'access-token已过期！', '1505726829');
INSERT INTO `ot_error_log` VALUES ('2381', '1', 'https://users.icloudinn.com/Api/User/wxAppLogin', '', '1505726830');
INSERT INTO `ot_error_log` VALUES ('2382', '1', 'https://qz.icloudinn.com/api/user/concern?type=0', 'access-token已过期！', '1505726831');
INSERT INTO `ot_error_log` VALUES ('2383', '1', 'https://qz.icloudinn.com/api/signature/im', 'access-token已过期！', '1505726831');
INSERT INTO `ot_error_log` VALUES ('2384', '1', 'https://qz.icloudinn.com/api/user/concern?type=1', 'access-token已过期！', '1505726831');
INSERT INTO `ot_error_log` VALUES ('2385', '1', 'https://qz.icloudinn.com/api/user/concern?type=0', 'access-token已过期！', '1505726831');
INSERT INTO `ot_error_log` VALUES ('2386', '1', 'https://qz.icloudinn.com/api/user/concern?type=1', 'access-token已过期！', '1505726831');
INSERT INTO `ot_error_log` VALUES ('2387', '1', 'https://qz.icloudinn.com/api/user/concern?type=1', 'access-token已过期！', '1505726832');
INSERT INTO `ot_error_log` VALUES ('2388', '1', 'https://users.icloudinn.com/Api/User/wxAppLogin', '', '1505726833');
INSERT INTO `ot_error_log` VALUES ('2389', '1', 'https://users.icloudinn.com/Api/User/wxAppLogin', '', '1505726834');
INSERT INTO `ot_error_log` VALUES ('2390', '1', 'https://users.icloudinn.com/Api/User/wxAppLogin', '', '1505726834');
INSERT INTO `ot_error_log` VALUES ('2391', '1', 'https://qz.icloudinn.com/api/signature/im', 'access-token已过期！', '1505726834');
INSERT INTO `ot_error_log` VALUES ('2392', '1', 'https://users.icloudinn.com/Api/User/wxAppLogin', '', '1505726834');
INSERT INTO `ot_error_log` VALUES ('2393', '1', 'https://users.icloudinn.com/Api/User/wxAppLogin', '', '1505726835');
INSERT INTO `ot_error_log` VALUES ('2394', '1', 'https://qz.icloudinn.com/api/dynamic', 'access-token已过期！', '1505726835');
INSERT INTO `ot_error_log` VALUES ('2395', '1', 'https://users.icloudinn.com/Api/User/wxAppLogin', '', '1505726835');
INSERT INTO `ot_error_log` VALUES ('2396', '1', 'https://users.icloudinn.com/Api/User/wxAppLogin', '', '1505726836');
INSERT INTO `ot_error_log` VALUES ('2397', '1', 'https://users.icloudinn.com/Api/User/wxAppLogin', '', '1505726836');
INSERT INTO `ot_error_log` VALUES ('2398', '1', 'https://qz.icloudinn.com/api/house', 'access-token已过期！', '1505726857');
INSERT INTO `ot_error_log` VALUES ('2399', '1', 'https://users.icloudinn.com/Api/User/wxAppLogin', '', '1505726857');
INSERT INTO `ot_error_log` VALUES ('2400', '1', 'https://qz.icloudinn.com/api/house', 'access-token已过期！', '1505727377');
INSERT INTO `ot_error_log` VALUES ('2401', '1', 'https://qz.icloudinn.com/api/dynamic', 'access-token已过期！', '1505727381');
INSERT INTO `ot_error_log` VALUES ('2402', '1', 'https://qz.icloudinn.com/api/signature/im', 'access-token已过期！', '1505727381');
INSERT INTO `ot_error_log` VALUES ('2403', '1', 'https://qz.icloudinn.com/api/dynamic', 'access-token已过期！', '1505727381');
INSERT INTO `ot_error_log` VALUES ('2404', '1', 'https://qz.icloudinn.com/api/user/bookworm', 'access-token已过期！', '1505727386');
INSERT INTO `ot_error_log` VALUES ('2405', '1', 'https://qz.icloudinn.com/api/book_write', 'access-token已过期！', '1505727386');
INSERT INTO `ot_error_log` VALUES ('2406', '1', 'https://qz.icloudinn.com/api/book?type=hot', 'access-token已过期！', '1505727386');
INSERT INTO `ot_error_log` VALUES ('2407', '1', 'https://qz.icloudinn.com/api/dynamic/mybook', 'access-token已过期！', '1505727386');
INSERT INTO `ot_error_log` VALUES ('2408', '1', 'https://qz.icloudinn.com/api/dynamic', 'access-token已过期！', '1505727391');
INSERT INTO `ot_error_log` VALUES ('2409', '1', 'https://qz.icloudinn.com/api/dynamic/mybook', '该接口需要登录权限！', '1505727478');
INSERT INTO `ot_error_log` VALUES ('2410', '1', 'https://qz.icloudinn.com/api/signature/im', 'user_id不能为空', '1505727486');
INSERT INTO `ot_error_log` VALUES ('2411', '1', 'https://qz.icloudinn.com/api/user/concern?type=0', '该接口需要登录权限！', '1505727614');
INSERT INTO `ot_error_log` VALUES ('2412', '1', 'https://qz.icloudinn.com/api/user/concern?type=1', '该接口需要登录权限！', '1505727614');
INSERT INTO `ot_error_log` VALUES ('2413', '1', 'https://qz.icloudinn.com/api/user/concern?type=0', '该接口需要登录权限！', '1505727615');
INSERT INTO `ot_error_log` VALUES ('2414', '1', 'https://qz.icloudinn.com/api/user/concern?type=1', '该接口需要登录权限！', '1505727615');
INSERT INTO `ot_error_log` VALUES ('2415', '1', 'https://qz.icloudinn.com/api//book/search/keyword/我w', '没有查询到该条件的书哦！', '1505728476');
INSERT INTO `ot_error_log` VALUES ('2416', '1', 'https://qz.icloudinn.com/api//book/search/keyword/我wa', '没有查询到该条件的书哦！', '1505728476');
INSERT INTO `ot_error_log` VALUES ('2417', '1', 'https://qz.icloudinn.com/api//book/search/keyword/我wai', '没有查询到该条件的书哦！', '1505728476');
INSERT INTO `ot_error_log` VALUES ('2418', '1', 'https://qz.icloudinn.com/api//book/search/keyword/我waip', '没有查询到该条件的书哦！', '1505728477');
INSERT INTO `ot_error_log` VALUES ('2419', '1', 'https://qz.icloudinn.com/api//book/search/keyword/我waipo', '没有查询到该条件的书哦！', '1505728477');
INSERT INTO `ot_error_log` VALUES ('2420', '1', 'https://qz.icloudinn.com/api//book/search/keyword/我外婆', '没有查询到该条件的书哦！', '1505728480');
INSERT INTO `ot_error_log` VALUES ('2421', '1', 'https://qz.icloudinn.com/api/dynamic/mybook', '该接口需要登录权限！', '1505729060');
INSERT INTO `ot_error_log` VALUES ('2422', '1', 'https://qz.icloudinn.com/api/signature/im', 'user_id不能为空', '1505729062');
INSERT INTO `ot_error_log` VALUES ('2423', '1', 'https://qz.icloudinn.com/api/dynamic/mybook', '该接口需要登录权限！', '1505729066');
INSERT INTO `ot_error_log` VALUES ('2424', '1', 'https://qz.icloudinn.com/api/signature/im', 'user_id不能为空', '1505729067');
INSERT INTO `ot_error_log` VALUES ('2425', '1', 'https://qz.icloudinn.com/api/collect', 'SQLSTATE[23000]: Integrity constraint violation: 1048 Column \'user_id\' cannot be null. /phpstudy/www/ota/thinkphp/library/think/db/Connection.php. on line 451', '1505729877');
INSERT INTO `ot_error_log` VALUES ('2426', '1', 'https://qz.icloudinn.com/api/collect', 'SQLSTATE[23000]: Integrity constraint violation: 1048 Column \'user_id\' cannot be null. /phpstudy/www/ota/thinkphp/library/think/db/Connection.php. on line 451', '1505729879');
INSERT INTO `ot_error_log` VALUES ('2427', '1', 'https://qz.icloudinn.com/api/collect', 'SQLSTATE[23000]: Integrity constraint violation: 1048 Column \'user_id\' cannot be null. /phpstudy/www/ota/thinkphp/library/think/db/Connection.php. on line 451', '1505729879');
INSERT INTO `ot_error_log` VALUES ('2428', '1', 'https://qz.icloudinn.com/api/collect', 'SQLSTATE[23000]: Integrity constraint violation: 1048 Column \'user_id\' cannot be null. /phpstudy/www/ota/thinkphp/library/think/db/Connection.php. on line 451', '1505729879');
INSERT INTO `ot_error_log` VALUES ('2429', '1', 'https://qz.icloudinn.com/api/collect', 'SQLSTATE[23000]: Integrity constraint violation: 1048 Column \'user_id\' cannot be null. /phpstudy/www/ota/thinkphp/library/think/db/Connection.php. on line 451', '1505729880');
INSERT INTO `ot_error_log` VALUES ('2430', '1', 'https://qz.icloudinn.com/api/collect', 'SQLSTATE[23000]: Integrity constraint violation: 1048 Column \'user_id\' cannot be null. /phpstudy/www/ota/thinkphp/library/think/db/Connection.php. on line 451', '1505729880');
INSERT INTO `ot_error_log` VALUES ('2431', '1', 'https://qz.icloudinn.com/api/collect', 'SQLSTATE[23000]: Integrity constraint violation: 1048 Column \'user_id\' cannot be null. /phpstudy/www/ota/thinkphp/library/think/db/Connection.php. on line 451', '1505729880');
INSERT INTO `ot_error_log` VALUES ('2432', '1', 'https://qz.icloudinn.com/api/collect', 'SQLSTATE[23000]: Integrity constraint violation: 1048 Column \'user_id\' cannot be null. /phpstudy/www/ota/thinkphp/library/think/db/Connection.php. on line 451', '1505729881');
INSERT INTO `ot_error_log` VALUES ('2433', '1', 'https://qz.icloudinn.com/api/collect', 'SQLSTATE[23000]: Integrity constraint violation: 1048 Column \'user_id\' cannot be null. /phpstudy/www/ota/thinkphp/library/think/db/Connection.php. on line 451', '1505729921');
INSERT INTO `ot_error_log` VALUES ('2434', '1', 'https://qz.icloudinn.com/api/collect', 'SQLSTATE[23000]: Integrity constraint violation: 1048 Column \'user_id\' cannot be null. /phpstudy/www/ota/thinkphp/library/think/db/Connection.php. on line 451', '1505729924');
INSERT INTO `ot_error_log` VALUES ('2435', '1', 'https://qz.icloudinn.com/api/collect', 'SQLSTATE[23000]: Integrity constraint violation: 1048 Column \'user_id\' cannot be null. /phpstudy/www/ota/thinkphp/library/think/db/Connection.php. on line 451', '1505729925');
INSERT INTO `ot_error_log` VALUES ('2436', '1', 'https://qz.icloudinn.com/api/collect', 'SQLSTATE[23000]: Integrity constraint violation: 1048 Column \'user_id\' cannot be null. /phpstudy/www/ota/thinkphp/library/think/db/Connection.php. on line 451', '1505729925');
INSERT INTO `ot_error_log` VALUES ('2437', '1', 'https://qz.icloudinn.com/api/collect', 'SQLSTATE[23000]: Integrity constraint violation: 1048 Column \'user_id\' cannot be null. /phpstudy/www/ota/thinkphp/library/think/db/Connection.php. on line 451', '1505729943');
INSERT INTO `ot_error_log` VALUES ('2438', '1', 'https://qz.icloudinn.com/api/collect', 'SQLSTATE[23000]: Integrity constraint violation: 1048 Column \'user_id\' cannot be null. /phpstudy/www/ota/thinkphp/library/think/db/Connection.php. on line 451', '1505729943');
INSERT INTO `ot_error_log` VALUES ('2439', '1', 'https://qz.icloudinn.com/api/collect', 'SQLSTATE[23000]: Integrity constraint violation: 1048 Column \'user_id\' cannot be null. /phpstudy/www/ota/thinkphp/library/think/db/Connection.php. on line 451', '1505729943');
INSERT INTO `ot_error_log` VALUES ('2440', '1', 'https://qz.icloudinn.com/api/collect', 'SQLSTATE[23000]: Integrity constraint violation: 1048 Column \'user_id\' cannot be null. /phpstudy/www/ota/thinkphp/library/think/db/Connection.php. on line 451', '1505729944');
INSERT INTO `ot_error_log` VALUES ('2441', '1', 'https://qz.icloudinn.com/api/collect', 'SQLSTATE[23000]: Integrity constraint violation: 1048 Column \'user_id\' cannot be null. /phpstudy/www/ota/thinkphp/library/think/db/Connection.php. on line 451', '1505729944');
INSERT INTO `ot_error_log` VALUES ('2442', '1', 'https://qz.icloudinn.com/api/collect', 'SQLSTATE[23000]: Integrity constraint violation: 1048 Column \'user_id\' cannot be null. /phpstudy/www/ota/thinkphp/library/think/db/Connection.php. on line 451', '1505730041');
INSERT INTO `ot_error_log` VALUES ('2443', '1', 'https://qz.icloudinn.com/api/collect', 'SQLSTATE[23000]: Integrity constraint violation: 1048 Column \'user_id\' cannot be null. /phpstudy/www/ota/thinkphp/library/think/db/Connection.php. on line 451', '1505730063');
INSERT INTO `ot_error_log` VALUES ('2444', '1', 'https://qz.icloudinn.com/api/collect', 'SQLSTATE[23000]: Integrity constraint violation: 1048 Column \'user_id\' cannot be null. /phpstudy/www/ota/thinkphp/library/think/db/Connection.php. on line 451', '1505730063');
INSERT INTO `ot_error_log` VALUES ('2445', '1', 'https://qz.icloudinn.com/api/collect', 'SQLSTATE[23000]: Integrity constraint violation: 1048 Column \'user_id\' cannot be null. /phpstudy/www/ota/thinkphp/library/think/db/Connection.php. on line 451', '1505730063');
INSERT INTO `ot_error_log` VALUES ('2446', '1', 'https://qz.icloudinn.com/api/collect', 'SQLSTATE[23000]: Integrity constraint violation: 1048 Column \'user_id\' cannot be null. /phpstudy/www/ota/thinkphp/library/think/db/Connection.php. on line 451', '1505730063');
INSERT INTO `ot_error_log` VALUES ('2447', '1', 'https://qz.icloudinn.com/api/collect', 'SQLSTATE[23000]: Integrity constraint violation: 1048 Column \'user_id\' cannot be null. /phpstudy/www/ota/thinkphp/library/think/db/Connection.php. on line 451', '1505730063');
INSERT INTO `ot_error_log` VALUES ('2448', '1', 'https://qz.icloudinn.com/api/collect', 'SQLSTATE[23000]: Integrity constraint violation: 1048 Column \'user_id\' cannot be null. /phpstudy/www/ota/thinkphp/library/think/db/Connection.php. on line 451', '1505730064');
INSERT INTO `ot_error_log` VALUES ('2449', '1', 'https://qz.icloudinn.com/api/collect', 'SQLSTATE[23000]: Integrity constraint violation: 1048 Column \'user_id\' cannot be null. /phpstudy/www/ota/thinkphp/library/think/db/Connection.php. on line 451', '1505730068');
INSERT INTO `ot_error_log` VALUES ('2450', '1', 'https://qz.icloudinn.com/api/collect', 'SQLSTATE[23000]: Integrity constraint violation: 1048 Column \'user_id\' cannot be null. /phpstudy/www/ota/thinkphp/library/think/db/Connection.php. on line 451', '1505730070');
INSERT INTO `ot_error_log` VALUES ('2451', '1', 'https://qz.icloudinn.com/api/collect', 'SQLSTATE[23000]: Integrity constraint violation: 1048 Column \'user_id\' cannot be null. /phpstudy/www/ota/thinkphp/library/think/db/Connection.php. on line 451', '1505730331');
INSERT INTO `ot_error_log` VALUES ('2452', '1', 'https://qz.icloudinn.com/api/collect', 'SQLSTATE[23000]: Integrity constraint violation: 1048 Column \'user_id\' cannot be null. /phpstudy/www/ota/thinkphp/library/think/db/Connection.php. on line 451', '1505730331');
INSERT INTO `ot_error_log` VALUES ('2453', '1', 'https://qz.icloudinn.com/api/collect', 'SQLSTATE[23000]: Integrity constraint violation: 1048 Column \'user_id\' cannot be null. /phpstudy/www/ota/thinkphp/library/think/db/Connection.php. on line 451', '1505730331');
INSERT INTO `ot_error_log` VALUES ('2454', '1', 'https://qz.icloudinn.com/api/collect', 'SQLSTATE[23000]: Integrity constraint violation: 1048 Column \'user_id\' cannot be null. /phpstudy/www/ota/thinkphp/library/think/db/Connection.php. on line 451', '1505730333');
INSERT INTO `ot_error_log` VALUES ('2455', '1', 'https://qz.icloudinn.com/api/collect', 'SQLSTATE[23000]: Integrity constraint violation: 1048 Column \'user_id\' cannot be null. /phpstudy/www/ota/thinkphp/library/think/db/Connection.php. on line 451', '1505730333');
INSERT INTO `ot_error_log` VALUES ('2456', '1', 'https://qz.icloudinn.com/api/collect', 'SQLSTATE[23000]: Integrity constraint violation: 1048 Column \'user_id\' cannot be null. /phpstudy/www/ota/thinkphp/library/think/db/Connection.php. on line 451', '1505730333');
INSERT INTO `ot_error_log` VALUES ('2457', '1', 'https://qz.icloudinn.com/api/collect', 'SQLSTATE[23000]: Integrity constraint violation: 1048 Column \'user_id\' cannot be null. /phpstudy/www/ota/thinkphp/library/think/db/Connection.php. on line 451', '1505730334');
INSERT INTO `ot_error_log` VALUES ('2458', '1', 'https://qz.icloudinn.com/api/collect', 'SQLSTATE[23000]: Integrity constraint violation: 1048 Column \'user_id\' cannot be null. /phpstudy/www/ota/thinkphp/library/think/db/Connection.php. on line 451', '1505730334');
INSERT INTO `ot_error_log` VALUES ('2459', '1', 'https://qz.icloudinn.com/api/collect', 'SQLSTATE[23000]: Integrity constraint violation: 1048 Column \'user_id\' cannot be null. /phpstudy/www/ota/thinkphp/library/think/db/Connection.php. on line 451', '1505730334');
INSERT INTO `ot_error_log` VALUES ('2460', '1', 'https://qz.icloudinn.com/api/collect', 'SQLSTATE[23000]: Integrity constraint violation: 1048 Column \'user_id\' cannot be null. /phpstudy/www/ota/thinkphp/library/think/db/Connection.php. on line 451', '1505730334');
INSERT INTO `ot_error_log` VALUES ('2461', '1', 'https://qz.icloudinn.com/api/collect', 'SQLSTATE[23000]: Integrity constraint violation: 1048 Column \'user_id\' cannot be null. /phpstudy/www/ota/thinkphp/library/think/db/Connection.php. on line 451', '1505730334');
INSERT INTO `ot_error_log` VALUES ('2462', '1', 'https://qz.icloudinn.com/api/collect', 'SQLSTATE[23000]: Integrity constraint violation: 1048 Column \'user_id\' cannot be null. /phpstudy/www/ota/thinkphp/library/think/db/Connection.php. on line 451', '1505730334');
INSERT INTO `ot_error_log` VALUES ('2463', '1', 'https://qz.icloudinn.com/api/collect', 'SQLSTATE[23000]: Integrity constraint violation: 1048 Column \'user_id\' cannot be null. /phpstudy/www/ota/thinkphp/library/think/db/Connection.php. on line 451', '1505730334');
INSERT INTO `ot_error_log` VALUES ('2464', '1', 'https://qz.icloudinn.com/api/collect', 'SQLSTATE[23000]: Integrity constraint violation: 1048 Column \'user_id\' cannot be null. /phpstudy/www/ota/thinkphp/library/think/db/Connection.php. on line 451', '1505730335');
INSERT INTO `ot_error_log` VALUES ('2465', '1', 'https://qz.icloudinn.com/api/collect', 'SQLSTATE[23000]: Integrity constraint violation: 1048 Column \'user_id\' cannot be null. /phpstudy/www/ota/thinkphp/library/think/db/Connection.php. on line 451', '1505730352');
INSERT INTO `ot_error_log` VALUES ('2466', '1', 'https://qz.icloudinn.com/api/price_calendar?house_id=undefined&room_id=undefined', '没有该ID的民宿！', '1505733133');
INSERT INTO `ot_error_log` VALUES ('2467', '1', 'https://qz.icloudinn.com/api/dynamic/mybook', '该接口需要登录权限！', '1505736712');
INSERT INTO `ot_error_log` VALUES ('2468', '1', 'https://qz.icloudinn.com/api/signature/im', 'user_id不能为空', '1505750316');
INSERT INTO `ot_error_log` VALUES ('2469', '1', 'https://qz.icloudinn.com/api/dynamic/mybook', '该接口需要登录权限！', '1505750317');
INSERT INTO `ot_error_log` VALUES ('2470', '1', 'https://qz.icloudinn.com/api/price_calendar?house_id=undefined&room_id=undefined', '没有该ID的民宿！', '1505753915');
INSERT INTO `ot_error_log` VALUES ('2471', '1', 'https://qz.icloudinn.com/api/price_calendar?house_id=undefined&room_id=undefined', '没有该ID的民宿！', '1505753920');
INSERT INTO `ot_error_log` VALUES ('2472', '1', 'https://qz.icloudinn.com/api/price_calendar?house_id=undefined&room_id=undefined', '没有该ID的民宿！', '1505761138');
INSERT INTO `ot_error_log` VALUES ('2473', '1', 'https://qz.icloudinn.com/api/dynamic/mybook', '该接口需要登录权限！', '1505774925');
INSERT INTO `ot_error_log` VALUES ('2474', '1', 'https://qz.icloudinn.com/api//book/search/keyword/x', '没有查询到该条件的书哦！', '1505779514');
INSERT INTO `ot_error_log` VALUES ('2475', '1', 'https://qz.icloudinn.com/api/dynamic/mybook', '该接口需要登录权限！', '1505779906');
INSERT INTO `ot_error_log` VALUES ('2476', '1', 'https://qz.icloudinn.com/api/signature/im', 'user_id不能为空', '1505780151');
INSERT INTO `ot_error_log` VALUES ('2477', '1', 'https://qz.icloudinn.com/api/user/concern?type=1', 'Undefined index: data. /phpstudy/www/ota/extend/common/controller/ApiBaseController.php. on line 131', '1505780889');
INSERT INTO `ot_error_log` VALUES ('2478', '1', 'https://qz.icloudinn.com/api/user/concern?type=1', 'Undefined index: data. /phpstudy/www/ota/extend/common/controller/ApiBaseController.php. on line 131', '1505780902');
INSERT INTO `ot_error_log` VALUES ('2479', '1', 'https://qz.icloudinn.com/api/user/concern?type=1', 'Undefined index: data. /phpstudy/www/ota/extend/common/controller/ApiBaseController.php. on line 131', '1505780903');
INSERT INTO `ot_error_log` VALUES ('2480', '1', 'https://qz.icloudinn.com/api/book/NaN', '你没权限操作或该记录已经被删除！', '1505782480');
INSERT INTO `ot_error_log` VALUES ('2481', '1', 'https://qz.icloudinn.com/api/book/NaN', '你没权限操作或该记录已经被删除！', '1505782480');
INSERT INTO `ot_error_log` VALUES ('2482', '1', 'https://qz.icloudinn.com/api/book/NaN', '你没权限操作或该记录已经被删除！', '1505782492');
INSERT INTO `ot_error_log` VALUES ('2483', '1', 'https://qz.icloudinn.com/api/book/NaN', '你没权限操作或该记录已经被删除！', '1505782492');
INSERT INTO `ot_error_log` VALUES ('2484', '1', 'https://qz.icloudinn.com/api/book/NaN', '你没权限操作或该记录已经被删除！', '1505782526');
INSERT INTO `ot_error_log` VALUES ('2485', '1', 'https://qz.icloudinn.com/api/book/NaN', '你没权限操作或该记录已经被删除！', '1505782526');
INSERT INTO `ot_error_log` VALUES ('2486', '1', 'https://qz.icloudinn.com/api/book/NaN', '你没权限操作或该记录已经被删除！', '1505782683');
INSERT INTO `ot_error_log` VALUES ('2487', '1', 'https://qz.icloudinn.com/api/book/NaN', '你没权限操作或该记录已经被删除！', '1505782683');
INSERT INTO `ot_error_log` VALUES ('2488', '1', 'https://qz.icloudinn.com/api/book/NaN', '你没权限操作或该记录已经被删除！', '1505782769');
INSERT INTO `ot_error_log` VALUES ('2489', '1', 'https://qz.icloudinn.com/api/book/NaN', '你没权限操作或该记录已经被删除！', '1505782769');
INSERT INTO `ot_error_log` VALUES ('2490', '1', 'https://qz.icloudinn.com/api/book/NaN', '你没权限操作或该记录已经被删除！', '1505782952');
INSERT INTO `ot_error_log` VALUES ('2491', '1', 'https://qz.icloudinn.com/api/book/NaN', '你没权限操作或该记录已经被删除！', '1505782952');
INSERT INTO `ot_error_log` VALUES ('2492', '1', 'https://qz.icloudinn.com/api/book/NaN', '你没权限操作或该记录已经被删除！', '1505783068');
INSERT INTO `ot_error_log` VALUES ('2493', '1', 'https://qz.icloudinn.com/api/book/NaN', '你没权限操作或该记录已经被删除！', '1505783068');
INSERT INTO `ot_error_log` VALUES ('2494', '1', 'https://qz.icloudinn.com/api/book/NaN', '你没权限操作或该记录已经被删除！', '1505783324');
INSERT INTO `ot_error_log` VALUES ('2495', '1', 'https://qz.icloudinn.com/api/book/NaN', '你没权限操作或该记录已经被删除！', '1505783324');
INSERT INTO `ot_error_log` VALUES ('2496', '1', 'https://qz.icloudinn.com/api/book/29', '你没权限操作或该记录已经被删除！', '1505783675');
INSERT INTO `ot_error_log` VALUES ('2497', '1', 'https://qz.icloudinn.com/api/book/29', '你没权限操作或该记录已经被删除！', '1505783675');
INSERT INTO `ot_error_log` VALUES ('2498', '1', 'https://qz.icloudinn.com/api/book/30', '你没权限操作或该记录已经被删除！', '1505783802');
INSERT INTO `ot_error_log` VALUES ('2499', '1', 'https://qz.icloudinn.com/api/book/30', '你没权限操作或该记录已经被删除！', '1505783802');
INSERT INTO `ot_error_log` VALUES ('2500', '1', 'https://qz.icloudinn.com/api/book/29', '你没权限操作或该记录已经被删除！', '1505783910');
INSERT INTO `ot_error_log` VALUES ('2501', '1', 'https://qz.icloudinn.com/api/book/29', '你没权限操作或该记录已经被删除！', '1505783910');
INSERT INTO `ot_error_log` VALUES ('2502', '1', 'https://qz.icloudinn.com/api/book/29', '你没权限操作或该记录已经被删除！', '1505783912');
INSERT INTO `ot_error_log` VALUES ('2503', '1', 'https://qz.icloudinn.com/api/book/29', '你没权限操作或该记录已经被删除！', '1505783912');
INSERT INTO `ot_error_log` VALUES ('2504', '1', 'https://qz.icloudinn.com/api/dynamic/mybook', '该接口需要登录权限！', '1505787912');
INSERT INTO `ot_error_log` VALUES ('2505', '1', 'https://qz.icloudinn.com/api/signature/im', 'user_id不能为空', '1505787920');
INSERT INTO `ot_error_log` VALUES ('2506', '1', 'https://qz.icloudinn.com/api/price_calendar?house_id=undefined&room_id=undefined', '没有该ID的民宿！', '1505788893');
INSERT INTO `ot_error_log` VALUES ('2507', '1', 'https://qz.icloudinn.com/api/price_calendar?house_id=undefined&room_id=undefined', '没有该ID的民宿！', '1505797269');
INSERT INTO `ot_error_log` VALUES ('2508', '1', 'https://qz.icloudinn.com/api/price_calendar?house_id=undefined&room_id=undefined', '没有该ID的民宿！', '1505797278');
INSERT INTO `ot_error_log` VALUES ('2509', '1', 'https://qz.icloudinn.com/api/book/NaN', '你没权限操作或该记录已经被删除！', '1505805196');
INSERT INTO `ot_error_log` VALUES ('2510', '1', 'https://qz.icloudinn.com/api/book/NaN', '你没权限操作或该记录已经被删除！', '1505805196');
INSERT INTO `ot_error_log` VALUES ('2511', '1', 'https://qz.icloudinn.com/api/price_calendar?house_id=undefined&room_id=undefined', '没有该ID的民宿！', '1505805792');
INSERT INTO `ot_error_log` VALUES ('2512', '1', 'https://qz.icloudinn.com/api/price_calendar?house_id=undefined&room_id=undefined', '没有该ID的民宿！', '1505805902');
INSERT INTO `ot_error_log` VALUES ('2513', '1', 'https://qz.icloudinn.com/api/dynamic/mybook', '该接口需要登录权限！', '1505812968');
INSERT INTO `ot_error_log` VALUES ('2514', '1', 'https://qz.icloudinn.com/api/dynamic/mybook', '该接口需要登录权限！', '1505817639');
INSERT INTO `ot_error_log` VALUES ('2515', '1', 'https://qz.icloudinn.com/api/dynamic/mybook', '该接口需要登录权限！', '1505828445');
INSERT INTO `ot_error_log` VALUES ('2516', '1', 'https://qz.icloudinn.com/api/dynamic/mybook', '该接口需要登录权限！', '1505864105');
INSERT INTO `ot_error_log` VALUES ('2517', '1', 'https://qz.icloudinn.com/api//book/search/keyword/哈哈哈', '没有查询到该条件的书哦！', '1505866408');
INSERT INTO `ot_error_log` VALUES ('2518', '1', 'https://qz.icloudinn.com/api/dynamic/mybook', '该接口需要登录权限！', '1505869551');
INSERT INTO `ot_error_log` VALUES ('2519', '1', 'https://qz.icloudinn.com/api/signature/im', 'user_id不能为空', '1505870261');
INSERT INTO `ot_error_log` VALUES ('2520', '1', 'https://qz.icloudinn.com/api/dynamic/mybook', '该接口需要登录权限！', '1505874787');
INSERT INTO `ot_error_log` VALUES ('2521', '1', 'https://qz.icloudinn.com/api/dynamic/mybook', '该接口需要登录权限！', '1505880443');
INSERT INTO `ot_error_log` VALUES ('2522', '1', 'https://qz.icloudinn.com/api/dynamic', 'Class \'common\\model\\DynamicComment\' not found. /phpstudy/www/ota/thinkphp/library/think/model/relation/HasMany.php. on line 35', '1505881668');
INSERT INTO `ot_error_log` VALUES ('2523', '1', 'https://qz.icloudinn.com/api/dynamic', 'Class \'common\\model\\DynamicComment\' not found. /phpstudy/www/ota/thinkphp/library/think/model/relation/HasMany.php. on line 35', '1505882605');
INSERT INTO `ot_error_log` VALUES ('2524', '1', 'https://qz.icloudinn.com/api/dynamic', 'SQLSTATE[42S22]: Column not found: 1054 Unknown column \'hotel_id\' in \'where clause\'. /phpstudy/www/ota/thinkphp/library/think/db/Connection.php. on line 388', '1505894267');
INSERT INTO `ot_error_log` VALUES ('2525', '1', 'https://qz.icloudinn.com/api/dynamic', 'SQLSTATE[42S22]: Column not found: 1054 Unknown column \'hotel_id\' in \'where clause\'. /phpstudy/www/ota/thinkphp/library/think/db/Connection.php. on line 388', '1505894267');
INSERT INTO `ot_error_log` VALUES ('2526', '1', 'https://qz.icloudinn.com/api/dynamic', 'SQLSTATE[42S22]: Column not found: 1054 Unknown column \'hotel_id\' in \'where clause\'. /phpstudy/www/ota/thinkphp/library/think/db/Connection.php. on line 388', '1505894271');
INSERT INTO `ot_error_log` VALUES ('2527', '1', 'https://qz.icloudinn.com/api/dynamic', 'SQLSTATE[42S22]: Column not found: 1054 Unknown column \'hotel_id\' in \'where clause\'. /phpstudy/www/ota/thinkphp/library/think/db/Connection.php. on line 388', '1505894279');
INSERT INTO `ot_error_log` VALUES ('2528', '1', 'https://qz.icloudinn.com/api/dynamic', 'SQLSTATE[42S22]: Column not found: 1054 Unknown column \'hotel_id\' in \'where clause\'. /phpstudy/www/ota/thinkphp/library/think/db/Connection.php. on line 388', '1505894343');
INSERT INTO `ot_error_log` VALUES ('2529', '1', 'https://qz.icloudinn.com/api/dynamic', 'SQLSTATE[42S22]: Column not found: 1054 Unknown column \'hotel_id\' in \'where clause\'. /phpstudy/www/ota/thinkphp/library/think/db/Connection.php. on line 388', '1505894351');
INSERT INTO `ot_error_log` VALUES ('2530', '1', 'https://qz.icloudinn.com/api/dynamic', 'SQLSTATE[42S22]: Column not found: 1054 Unknown column \'hotel_id\' in \'where clause\'. /phpstudy/www/ota/thinkphp/library/think/db/Connection.php. on line 388', '1505894351');
INSERT INTO `ot_error_log` VALUES ('2531', '1', 'https://qz.icloudinn.com/api/dynamic', 'SQLSTATE[42S22]: Column not found: 1054 Unknown column \'hotel_id\' in \'where clause\'. /phpstudy/www/ota/thinkphp/library/think/db/Connection.php. on line 388', '1505894509');
INSERT INTO `ot_error_log` VALUES ('2532', '1', 'https://qz.icloudinn.com/api/dynamic', 'SQLSTATE[42S22]: Column not found: 1054 Unknown column \'hotel_id\' in \'where clause\'. /phpstudy/www/ota/thinkphp/library/think/db/Connection.php. on line 388', '1505894509');
INSERT INTO `ot_error_log` VALUES ('2533', '1', 'https://qz.icloudinn.com/api/dynamic', 'SQLSTATE[42S22]: Column not found: 1054 Unknown column \'hotel_id\' in \'where clause\'. /phpstudy/www/ota/thinkphp/library/think/db/Connection.php. on line 388', '1505894557');
INSERT INTO `ot_error_log` VALUES ('2534', '1', 'https://qz.icloudinn.com/api/dynamic', 'SQLSTATE[42S22]: Column not found: 1054 Unknown column \'hotel_id\' in \'where clause\'. /phpstudy/www/ota/thinkphp/library/think/db/Connection.php. on line 388', '1505894557');
INSERT INTO `ot_error_log` VALUES ('2535', '1', 'https://qz.icloudinn.com/api/dynamic', 'SQLSTATE[42S22]: Column not found: 1054 Unknown column \'hotel_id\' in \'where clause\'. /phpstudy/www/ota/thinkphp/library/think/db/Connection.php. on line 388', '1505894625');
INSERT INTO `ot_error_log` VALUES ('2536', '1', 'https://qz.icloudinn.com/api/dynamic', 'SQLSTATE[42S22]: Column not found: 1054 Unknown column \'hotel_id\' in \'where clause\'. /phpstudy/www/ota/thinkphp/library/think/db/Connection.php. on line 388', '1505894625');
INSERT INTO `ot_error_log` VALUES ('2537', '1', 'https://qz.icloudinn.com/api/dynamic', 'SQLSTATE[42S22]: Column not found: 1054 Unknown column \'hotel_id\' in \'where clause\'. /phpstudy/www/ota/thinkphp/library/think/db/Connection.php. on line 388', '1505894945');
INSERT INTO `ot_error_log` VALUES ('2538', '1', 'https://qz.icloudinn.com/api/dynamic', 'SQLSTATE[42S22]: Column not found: 1054 Unknown column \'hotel_id\' in \'where clause\'. /phpstudy/www/ota/thinkphp/library/think/db/Connection.php. on line 388', '1505894945');
INSERT INTO `ot_error_log` VALUES ('2539', '1', 'https://qz.icloudinn.com/api/dynamic/mybook', '该接口需要登录权限！', '1505895855');

-- ----------------------------
-- Table structure for `ot_heart_feeling`
-- ----------------------------
DROP TABLE IF EXISTS `ot_heart_feeling`;
CREATE TABLE `ot_heart_feeling` (
  `id` int(15) NOT NULL AUTO_INCREMENT,
  `user_id` int(10) NOT NULL,
  `type` int(1) DEFAULT NULL,
  `title` varchar(100) DEFAULT NULL,
  `imgs` varchar(2048) DEFAULT NULL,
  `create_time` int(10) DEFAULT NULL,
  PRIMARY KEY (`id`),
  UNIQUE KEY `heart_feeling_id` (`id`)
) ENGINE=InnoDB AUTO_INCREMENT=152 DEFAULT CHARSET=utf8 COMMENT='心情表—文本，视频，图片';

-- ----------------------------
-- Records of ot_heart_feeling
-- ----------------------------
INSERT INTO `ot_heart_feeling` VALUES ('114', '12143009', null, '发个动态', '[\"\\/uploads\\/20170728\\/deddf89eb22e584506ee68c0741657c0.png\"]', '1501213403');
INSERT INTO `ot_heart_feeling` VALUES ('115', '12143004', null, '觉得觉得就看到', '[\"\\/uploads\\/20170728\\/0d39eec416f773c73705e00d897c7ce6.jpg\",\"\\/uploads\\/20170728\\/ba5511b84e7755fd497d215d2c846505.jpg\",\"\\/uploads\\/20170728\\/1bffb17302b57c056feb27286720470f.jpg\",\"\\/uploads\\/20170728\\/3056bd3133792d97ac08dcbb70f0f216.jpg\",\"\\/uploads\\/20170728\\/8d4c71f6be34fcd1987f00c632c16bfe.jpg\",\"\\/uploads\\/20170728\\/d6de5c6595fc4e4a5d8985d746a1bfbf.jpg\"]', '1501236380');
INSERT INTO `ot_heart_feeling` VALUES ('116', '12143004', null, '觉得觉得就看到', '[\"\\/uploads\\/20170728\\/0d39eec416f773c73705e00d897c7ce6.jpg\",\"\\/uploads\\/20170728\\/ba5511b84e7755fd497d215d2c846505.jpg\",\"\\/uploads\\/20170728\\/1bffb17302b57c056feb27286720470f.jpg\",\"\\/uploads\\/20170728\\/3056bd3133792d97ac08dcbb70f0f216.jpg\",\"\\/uploads\\/20170728\\/8d4c71f6be34fcd1987f00c632c16bfe.jpg\",\"\\/uploads\\/20170728\\/d6de5c6595fc4e4a5d8985d746a1bfbf.jpg\"]', '1501236381');
INSERT INTO `ot_heart_feeling` VALUES ('117', '12143004', null, '觉得觉得就看到', '[\"\\/uploads\\/20170728\\/0d39eec416f773c73705e00d897c7ce6.jpg\",\"\\/uploads\\/20170728\\/ba5511b84e7755fd497d215d2c846505.jpg\",\"\\/uploads\\/20170728\\/1bffb17302b57c056feb27286720470f.jpg\",\"\\/uploads\\/20170728\\/3056bd3133792d97ac08dcbb70f0f216.jpg\",\"\\/uploads\\/20170728\\/8d4c71f6be34fcd1987f00c632c16bfe.jpg\",\"\\/uploads\\/20170728\\/d6de5c6595fc4e4a5d8985d746a1bfbf.jpg\"]', '1501236382');
INSERT INTO `ot_heart_feeling` VALUES ('118', '12143004', null, '觉得觉得就看到', '[\"\\/uploads\\/20170728\\/0d39eec416f773c73705e00d897c7ce6.jpg\",\"\\/uploads\\/20170728\\/ba5511b84e7755fd497d215d2c846505.jpg\",\"\\/uploads\\/20170728\\/1bffb17302b57c056feb27286720470f.jpg\",\"\\/uploads\\/20170728\\/3056bd3133792d97ac08dcbb70f0f216.jpg\",\"\\/uploads\\/20170728\\/8d4c71f6be34fcd1987f00c632c16bfe.jpg\",\"\\/uploads\\/20170728\\/d6de5c6595fc4e4a5d8985d746a1bfbf.jpg\"]', '1501236383');
INSERT INTO `ot_heart_feeling` VALUES ('119', '12143004', null, '觉得觉得就看到', '[\"\\/uploads\\/20170728\\/0d39eec416f773c73705e00d897c7ce6.jpg\",\"\\/uploads\\/20170728\\/ba5511b84e7755fd497d215d2c846505.jpg\",\"\\/uploads\\/20170728\\/1bffb17302b57c056feb27286720470f.jpg\",\"\\/uploads\\/20170728\\/3056bd3133792d97ac08dcbb70f0f216.jpg\",\"\\/uploads\\/20170728\\/8d4c71f6be34fcd1987f00c632c16bfe.jpg\",\"\\/uploads\\/20170728\\/d6de5c6595fc4e4a5d8985d746a1bfbf.jpg\"]', '1501236383');
INSERT INTO `ot_heart_feeling` VALUES ('120', '12143004', null, '觉得觉得就看到', '[\"\\/uploads\\/20170728\\/0d39eec416f773c73705e00d897c7ce6.jpg\",\"\\/uploads\\/20170728\\/ba5511b84e7755fd497d215d2c846505.jpg\",\"\\/uploads\\/20170728\\/1bffb17302b57c056feb27286720470f.jpg\",\"\\/uploads\\/20170728\\/3056bd3133792d97ac08dcbb70f0f216.jpg\",\"\\/uploads\\/20170728\\/8d4c71f6be34fcd1987f00c632c16bfe.jpg\",\"\\/uploads\\/20170728\\/d6de5c6595fc4e4a5d8985d746a1bfbf.jpg\"]', '1501236384');
INSERT INTO `ot_heart_feeling` VALUES ('121', '12143004', null, '觉得觉得就看到', '[\"\\/uploads\\/20170728\\/0d39eec416f773c73705e00d897c7ce6.jpg\",\"\\/uploads\\/20170728\\/ba5511b84e7755fd497d215d2c846505.jpg\",\"\\/uploads\\/20170728\\/1bffb17302b57c056feb27286720470f.jpg\",\"\\/uploads\\/20170728\\/3056bd3133792d97ac08dcbb70f0f216.jpg\",\"\\/uploads\\/20170728\\/8d4c71f6be34fcd1987f00c632c16bfe.jpg\",\"\\/uploads\\/20170728\\/d6de5c6595fc4e4a5d8985d746a1bfbf.jpg\"]', '1501236384');
INSERT INTO `ot_heart_feeling` VALUES ('122', '12143004', null, '觉得觉得就看到', '[\"\\/uploads\\/20170728\\/0d39eec416f773c73705e00d897c7ce6.jpg\",\"\\/uploads\\/20170728\\/ba5511b84e7755fd497d215d2c846505.jpg\",\"\\/uploads\\/20170728\\/1bffb17302b57c056feb27286720470f.jpg\",\"\\/uploads\\/20170728\\/3056bd3133792d97ac08dcbb70f0f216.jpg\",\"\\/uploads\\/20170728\\/8d4c71f6be34fcd1987f00c632c16bfe.jpg\",\"\\/uploads\\/20170728\\/d6de5c6595fc4e4a5d8985d746a1bfbf.jpg\"]', '1501236384');
INSERT INTO `ot_heart_feeling` VALUES ('123', '12143004', null, '觉得觉得就看到', '[\"\\/uploads\\/20170728\\/0d39eec416f773c73705e00d897c7ce6.jpg\",\"\\/uploads\\/20170728\\/ba5511b84e7755fd497d215d2c846505.jpg\",\"\\/uploads\\/20170728\\/1bffb17302b57c056feb27286720470f.jpg\",\"\\/uploads\\/20170728\\/3056bd3133792d97ac08dcbb70f0f216.jpg\",\"\\/uploads\\/20170728\\/8d4c71f6be34fcd1987f00c632c16bfe.jpg\",\"\\/uploads\\/20170728\\/d6de5c6595fc4e4a5d8985d746a1bfbf.jpg\"]', '1501236384');
INSERT INTO `ot_heart_feeling` VALUES ('124', '12143004', null, '觉得觉得就看到', '[\"\\/uploads\\/20170728\\/0d39eec416f773c73705e00d897c7ce6.jpg\",\"\\/uploads\\/20170728\\/ba5511b84e7755fd497d215d2c846505.jpg\",\"\\/uploads\\/20170728\\/1bffb17302b57c056feb27286720470f.jpg\",\"\\/uploads\\/20170728\\/3056bd3133792d97ac08dcbb70f0f216.jpg\",\"\\/uploads\\/20170728\\/8d4c71f6be34fcd1987f00c632c16bfe.jpg\",\"\\/uploads\\/20170728\\/d6de5c6595fc4e4a5d8985d746a1bfbf.jpg\"]', '1501236384');
INSERT INTO `ot_heart_feeling` VALUES ('125', '12143004', null, '觉得觉得就看到', '[\"\\/uploads\\/20170728\\/0d39eec416f773c73705e00d897c7ce6.jpg\",\"\\/uploads\\/20170728\\/ba5511b84e7755fd497d215d2c846505.jpg\",\"\\/uploads\\/20170728\\/1bffb17302b57c056feb27286720470f.jpg\",\"\\/uploads\\/20170728\\/3056bd3133792d97ac08dcbb70f0f216.jpg\",\"\\/uploads\\/20170728\\/8d4c71f6be34fcd1987f00c632c16bfe.jpg\",\"\\/uploads\\/20170728\\/d6de5c6595fc4e4a5d8985d746a1bfbf.jpg\"]', '1501236385');
INSERT INTO `ot_heart_feeling` VALUES ('126', '12143004', null, '觉得觉得就看到', '[\"\\/uploads\\/20170728\\/0d39eec416f773c73705e00d897c7ce6.jpg\",\"\\/uploads\\/20170728\\/ba5511b84e7755fd497d215d2c846505.jpg\",\"\\/uploads\\/20170728\\/1bffb17302b57c056feb27286720470f.jpg\",\"\\/uploads\\/20170728\\/3056bd3133792d97ac08dcbb70f0f216.jpg\",\"\\/uploads\\/20170728\\/8d4c71f6be34fcd1987f00c632c16bfe.jpg\",\"\\/uploads\\/20170728\\/d6de5c6595fc4e4a5d8985d746a1bfbf.jpg\"]', '1501236393');
INSERT INTO `ot_heart_feeling` VALUES ('127', '12143004', null, '觉得觉得就看到', '[\"\\/uploads\\/20170728\\/0d39eec416f773c73705e00d897c7ce6.jpg\",\"\\/uploads\\/20170728\\/ba5511b84e7755fd497d215d2c846505.jpg\",\"\\/uploads\\/20170728\\/1bffb17302b57c056feb27286720470f.jpg\",\"\\/uploads\\/20170728\\/3056bd3133792d97ac08dcbb70f0f216.jpg\",\"\\/uploads\\/20170728\\/8d4c71f6be34fcd1987f00c632c16bfe.jpg\",\"\\/uploads\\/20170728\\/d6de5c6595fc4e4a5d8985d746a1bfbf.jpg\"]', '1501236393');
INSERT INTO `ot_heart_feeling` VALUES ('128', '12143004', null, '觉得觉得就看到', '[\"\\/uploads\\/20170728\\/0d39eec416f773c73705e00d897c7ce6.jpg\",\"\\/uploads\\/20170728\\/ba5511b84e7755fd497d215d2c846505.jpg\",\"\\/uploads\\/20170728\\/1bffb17302b57c056feb27286720470f.jpg\",\"\\/uploads\\/20170728\\/3056bd3133792d97ac08dcbb70f0f216.jpg\",\"\\/uploads\\/20170728\\/8d4c71f6be34fcd1987f00c632c16bfe.jpg\",\"\\/uploads\\/20170728\\/d6de5c6595fc4e4a5d8985d746a1bfbf.jpg\"]', '1501236393');
INSERT INTO `ot_heart_feeling` VALUES ('129', '12143004', null, '觉得觉得就看到', '[\"\\/uploads\\/20170728\\/0d39eec416f773c73705e00d897c7ce6.jpg\",\"\\/uploads\\/20170728\\/ba5511b84e7755fd497d215d2c846505.jpg\",\"\\/uploads\\/20170728\\/1bffb17302b57c056feb27286720470f.jpg\",\"\\/uploads\\/20170728\\/3056bd3133792d97ac08dcbb70f0f216.jpg\",\"\\/uploads\\/20170728\\/8d4c71f6be34fcd1987f00c632c16bfe.jpg\",\"\\/uploads\\/20170728\\/d6de5c6595fc4e4a5d8985d746a1bfbf.jpg\"]', '1501236393');
INSERT INTO `ot_heart_feeling` VALUES ('130', '12143024', null, '迎着朝阳，在希望中，狂奔……', '[\"\\/uploads\\/20170731\\/b805589d538fcc9ba44f7efb38ee335b.jpg\"]', '1501460392');
INSERT INTO `ot_heart_feeling` VALUES ('131', '12143035', null, '就能解决\n', '[\"\\/uploads\\/20170804\\/1981708a3242979e12e64136771cbe5c.jpg\",\"\\/uploads\\/20170804\\/1e2725820acd5a58712c14e13c71f465.jpg\",\"\\/uploads\\/20170804\\/4340e69471ffe365808fac22883aa3cf.jpg\",\"\\/uploads\\/20170804\\/61eb960df99e5d232aa4e6ba5745647a.png\",\"\\/uploads\\/20170804\\/bda1d56b313fbee9bf095b3fb0cef192.jpg\",\"\\/uploads\\/20170804\\/4b3a855fd77d0d62468f96bc2899d1ec.jpg\",\"\\/uploads\\/20170804\\/0cde379b4e6f08c7a3d663dca4218ec8.jpg\",\"\\/uploads\\/20170804\\/5f7bba9a5a977ce371c682aed3e44087.png\",\"\\/uploads\\/20170804\\/2f92c7afd43aff1d3d51a7bea502674d.jpg\"]', '1501819011');
INSERT INTO `ot_heart_feeling` VALUES ('132', '12143035', null, '时间就是', '[\"\\/uploads\\/20170804\\/01db5f7078dcc77ad12dcb2f7edb9812.jpeg\"]', '1501819069');
INSERT INTO `ot_heart_feeling` VALUES ('133', '12143018', null, 'gyhj', '[]', '1503303400');
INSERT INTO `ot_heart_feeling` VALUES ('134', '12143018', null, 'sdf', '[\"sdfsd\",\"sdfsd\"]', '1504074959');
INSERT INTO `ot_heart_feeling` VALUES ('135', '12143049', null, '靓靓晾', '[]', '1504174254');
INSERT INTO `ot_heart_feeling` VALUES ('136', '12143049', null, '狐狸精谢谢', '[\"\\/uploads\\/20170831\\/94a3d608dc33130e92a056a272b1676f.jpg\",\"\\/uploads\\/20170831\\/1ecea934295a8b0b62781761ab64eede.jpg\"]', '1504193469');
INSERT INTO `ot_heart_feeling` VALUES ('137', '12143023', null, '黑白', '[\"\\/uploads\\/20170908\\/d740abb5aa67d6c660e933d405a9f3f8.jpg\"]', '1504856555');
INSERT INTO `ot_heart_feeling` VALUES ('138', '12143027', null, '我的', '[\"\\/uploads\\/20170912\\/f93b25e3b7ae5dedbde4f2ba251e1159.jpg\",\"\\/uploads\\/20170912\\/a78f95e5d952456f405b0c5db60d15da.jpg\",\"\\/uploads\\/20170912\\/d7cd3b58c795b29a26afd175042789b7.jpg\"]', '1505180782');
INSERT INTO `ot_heart_feeling` VALUES ('139', '12143112', null, '这个界面可以换另一种写法autolaout ', '[\"\\/uploads\\/20170913\\/07ad338221b29687e74e2d93dd189fea.jpg\",\"\\/uploads\\/20170913\\/459ded6265736ad4ca3d13715fcede8f.jpg\",\"\\/uploads\\/20170913\\/c0d79783d81fac4ac85e722737ff5f0c.jpg\",\"\\/uploads\\/20170913\\/d62bd6ce202219d742d74a04a8f56cae.jpg\",\"\\/uploads\\/20170913\\/42d0f135b52551021083532d1a15fcdc.jpg\",\"\\/uploads\\/20170913\\/3209c637c186cf7ee8d2bd5163c5bb2b.jpg\",\"\\/uploads\\/20170913\\/24c12e7dcfa01b459bcdb6789714f022.jpg\",\"\\/uploads\\/20170913\\/beb79472f70c190c59337b47394a7cf3.jpg\",\"\\/uploads\\/20170913\\/0e22db20632129c6ce473fed9b89c873.jpg\"]', '1505294556');
INSERT INTO `ot_heart_feeling` VALUES ('140', '12143112', null, '这个界面可以换另一种写法autolaout ', '[\"\\/uploads\\/20170913\\/25e118651a4b2a5a46c6679ae34b750f.jpg\",\"\\/uploads\\/20170913\\/1d45e1b4a04c62da0b90dbf4b58544e3.jpg\",\"\\/uploads\\/20170913\\/c4631f131b45c9c24ce60027c65685fc.jpg\",\"\\/uploads\\/20170913\\/32d04721627ef3cf7df5138a47206d65.jpg\",\"\\/uploads\\/20170913\\/4a0acb51ed27ce92ab306b045cae6549.jpg\",\"\\/uploads\\/20170913\\/7fc999f304ffca4c7862b57030c6cf14.jpg\",\"\\/uploads\\/20170913\\/4764e6d55264e9a7935b274b294d5d3d.jpg\",\"\\/uploads\\/20170913\\/2af2c6c5c8dd585022a2c05659eaf19b.jpg\",\"\\/uploads\\/20170913\\/62ff36f0729093ee8dda36d90f9fb00a.jpg\"]', '1505294569');
INSERT INTO `ot_heart_feeling` VALUES ('141', '12143112', null, '这个界面可以换另一种写法autolaout ', '[\"\\/uploads\\/20170913\\/37ba1ab347fac46aaa79d854ad77fbdf.jpg\",\"\\/uploads\\/20170913\\/e9071d974df6ec19c4b7ac30f75b3dd8.jpg\",\"\\/uploads\\/20170913\\/da791790cea0e535e2c1cb733a3c53d5.jpg\",\"\\/uploads\\/20170913\\/3d0d24924723cc04f5d139daf31e673d.jpg\",\"\\/uploads\\/20170913\\/1cebf8531b49115bb80931244cb57cda.jpg\",\"\\/uploads\\/20170913\\/66c9f57e55673951fbb8c7c94e9d229f.jpg\",\"\\/uploads\\/20170913\\/2820394d50a85f8abfa5d0cc4738ad63.jpg\",\"\\/uploads\\/20170913\\/c2fef4584e5f76dd0885d6784033e0b0.jpg\",\"\\/uploads\\/20170913\\/5bc481e8d8ed75faae9d2cd8b8c3b3f9.jpg\"]', '1505294751');
INSERT INTO `ot_heart_feeling` VALUES ('142', '12143112', null, '空军建军节', '[\"\\/uploads\\/20170913\\/be75c3fb0ce65af1fd6077e297bcfd5f.jpg\",\"\\/uploads\\/20170913\\/892e055b9cebb6683038684642a9363f.jpg\",\"\\/uploads\\/20170913\\/10d75e3204681d212a919356c5f8371e.jpg\",\"\\/uploads\\/20170913\\/83071df7c4a030731edf64b1e807185c.jpg\"]', '1505294957');
INSERT INTO `ot_heart_feeling` VALUES ('143', '12143049', null, '无聊', '[\"\\/uploads\\/20170913\\/0c7694ffb7f2c0d94058ea82699cbcd4.jpg\"]', '1505295136');
INSERT INTO `ot_heart_feeling` VALUES ('144', '12143027', null, '啊', '[\"\\/uploads\\/20170914\\/7467e23e40cab1da4cd0d27ce2e686b8.jpg\"]', '1505347420');
INSERT INTO `ot_heart_feeling` VALUES ('145', '12143049', null, '么么哒～(^з^)-♡', '[\"\\/uploads\\/20170915\\/285f1f9d8cf5e346f2784eae0d2a8eb1.jpg\",\"\\/uploads\\/20170915\\/cf1f014eef33550fdfd6ed46bac825db.jpg\",\"\\/uploads\\/20170915\\/f6a7dbde05250e2d234f8b85b579660c.jpg\",\"\\/uploads\\/20170915\\/ab71fb957d0d34533dacc5d3ec76a7f5.jpg\",\"\\/uploads\\/20170915\\/0b3f5fc2cd1522298fec4c7885a64119.jpg\",\"\\/uploads\\/20170915\\/7e0f1a87259721aedeaf7616da2445eb.jpg\",\"\\/uploads\\/20170915\\/1e635fbc34ef7743ba0f21a8a147e7f8.jpg\"]', '1505460499');
INSERT INTO `ot_heart_feeling` VALUES ('146', '12143049', null, '阿卡丽的神秘商店', '[\"\\/uploads\\/20170915\\/52987c81462da1af573f62768697f98a.jpg\",\"\\/uploads\\/20170915\\/a58c8e63ae0a126043a8bca863ef0d03.jpg\",\"\\/uploads\\/20170915\\/c13d049070e1a1edae668890f366aefa.jpg\"]', '1505460829');
INSERT INTO `ot_heart_feeling` VALUES ('147', '12143018', null, 'sdf', '[\"sdfsd\",\"sdfsd\"]', '1505695247');
INSERT INTO `ot_heart_feeling` VALUES ('148', '12143018', null, 'sdf', '[\"sdfsd\",\"sdfsd\"]', '1505732749');
INSERT INTO `ot_heart_feeling` VALUES ('149', '12143018', null, 'sdf', '[\"sdfsd\",\"sdfsd\"]', '1505733204');
INSERT INTO `ot_heart_feeling` VALUES ('150', '12143018', null, 'fhbbvv', '[]', '1505889513');
INSERT INTO `ot_heart_feeling` VALUES ('151', '12143018', null, 'fgjjbb', '[]', '1505889535');

-- ----------------------------
-- Table structure for `ot_hotel`
-- ----------------------------
DROP TABLE IF EXISTS `ot_hotel`;
CREATE TABLE `ot_hotel` (
  `id` int(6) NOT NULL AUTO_INCREMENT,
  `name` varchar(20) NOT NULL,
  `status` int(1) NOT NULL DEFAULT '0' COMMENT '-1停止营业；0预留；1正常营业',
  `owner_id` int(10) NOT NULL COMMENT '店家ID（管理员ID）',
  `thumb` varchar(200) NOT NULL,
  `price` float(10,2) NOT NULL,
  `house_type` varchar(20) DEFAULT NULL,
  `room_num` int(3) DEFAULT '1',
  `dwell_num` int(3) DEFAULT NULL COMMENT '可住人数',
  `check_in_time` varchar(30) DEFAULT NULL COMMENT '入住时间',
  `check_out_time` varchar(30) DEFAULT NULL COMMENT '退房时间',
  `intro` varchar(255) DEFAULT NULL COMMENT '简介',
  `recommend_reason` varchar(100) DEFAULT NULL,
  `describe` text NOT NULL COMMENT '详情',
  `lat` float(20,7) NOT NULL,
  `lng` float(20,7) NOT NULL,
  `addr` varchar(50) NOT NULL DEFAULT '海南省海口市琼中',
  `create_time` varchar(11) NOT NULL,
  PRIMARY KEY (`id`)
) ENGINE=InnoDB AUTO_INCREMENT=27 DEFAULT CHARSET=utf8 COMMENT='民宿表';

-- ----------------------------
-- Records of ot_hotel
-- ----------------------------
INSERT INTO `ot_hotel` VALUES ('19', '浪漫公主主题房', '1', '4', '/uploads/20170621/e604f03d58832f0107e04124e2bd7848.jpg', '500.00', '整套预订、单间预订', '10', '15', '10:05', '12:00', null, '浪漫公主主题房', '<p><br/></p><p>据美国报道称，中国正在发展一款设计前卫、造型奇特的新概念军舰，既可以在水面航行，也可以潜水航行。它或许意味着曾风靡一时的“武库舰”将在中国海军重获新生，成为中国航母战斗群中的火力支援平台。</p><p>冷战后，西方曾提出建造一种高机动性、载有数百枚对陆对海攻击导弹的“武库舰”，美国海军的设计方案是在万吨级舰艇上安装500个导弹垂直发射单元。</p><p>配备包括“战斧”巡航导弹、“标准”舰对空导弹、“鱼叉”反舰导弹、导弹防御和对岸火力支援系统等多种导弹，当时曾被认为是可以取代航母地位的革命性舰艇，但因种种原因最终被放弃。</p><p><img alt=\"1490424998264301.jpg\" src=\"http://api.town.icloudinn.com/ueditor/php/upload/image/20170325/1490424998264301.jpg\"/></p><p>其中，根据中国官方透露的信息，“中国版武库舰”有2个备选方案，一种是大部分舰身潜入水下、只留防空武器和雷达等露出水面的半潜舰体设计，另一种则是采用双指挥塔的潜艇武库舰设计。</p><p>“中国版武库舰”将采用扁平化舰体、具备船体转向系统，可以在全潜、半潜、水面中速、水面高速4种航行模式自由切换。“中国版武库舰”保持半潜状态时，会大大减少雷达反射面积;配合海军编队作战时，则浮出水面高速航行。</p><p><img alt=\"1490424997388490.jpg\" src=\"http://api.town.icloudinn.com/ueditor/php/upload/image/20170325/1490424997388490.jpg\"/></p><p>过去20年来，中国脚踏实地地钻研技术、建造军舰和新建港口，逐步组建全球大国必备引擎之一：一支能远离本土投送兵力的现代化海军。</p><p>从东海到非洲之角，中国军舰日益频繁地出现，这已经对世界事务产生影响，今后这一趋势还将加速。</p><p>新美国安全中心亚太安全项目主任帕特里克·克罗宁说：“到2030年，一支全球性中国海军的存在，将是国际政治中一个重要、有影响和根本的事实。”</p><p><img alt=\"1490253624161713.jpg\" src=\"http://api.town.icloudinn.com/ueditor/php/upload/image/20170323/1490253624161713.jpg\"/></p>', '109.8544464', '109.8544464', '海南省海口市琼中', '1505721804');
INSERT INTO `ot_hotel` VALUES ('20', '花舍电影坊', '1', '4', '/uploads/20170531/31dbfe3412c4169296aabfc929962189.jpg', '500.00', '', '1', '0', '', '', null, '花舍电影坊', '<p>这是一个崭新的小区,却拥有着无可比拟的便利。让我们来假设一下吧:</p><p>这是一个崭新的小区,却拥有着无可比拟的便利。让我们来假设一下吧:</p>', '19.0497379', '109.8591385', '海南省海口市琼中', '1504259577');
INSERT INTO `ot_hotel` VALUES ('21', '曼陀罗客栈曼达听涛', '1', '4', '/uploads/20170531/af7709516756721acd86f8631565d473.png', '700.00', '', '1', '0', '', '', null, '曼陀罗客栈曼达听涛', '<p><span style=\"font: 14px/28px &quot;Helvetica Neue&quot;, &quot;Hiragino Sans GB&quot;, &quot;Segoe UI&quot;, &quot;Microsoft Yahei&quot;, 微软雅黑, Tahoma, Arial, STHeiti, sans-serif; color: rgb(51, 51, 51); text-transform: none; text-indent: 0px; letter-spacing: normal; word-spacing: 0px; float: none; display: inline !important; widows: 1; font-size-adjust: none; font-stretch: normal; background-color: rgb(255, 255, 255); -webkit-text-stroke-width: 0px;\">曼陀罗客栈拥有多种不同主题风格的房型，客房温馨雅致、整洁舒适。客栈提供周到、热情的服务，使宾客远离城市的繁华与喧嚣，享受悠然与舒畅。</span></p>', '19.0478287', '109.8495331', '海南省海口市琼中', '1498118891');
INSERT INTO `ot_hotel` VALUES ('24', '鸭川临水阁', '-1', '3', '/uploads/20170606/bfd9e7d9be4ce3ae6bc91b3a20e1d34e.jpg', '800.00', '', '1', '0', '', '', null, '鸭川临水阁', '<pre class=\"housepre\" style=\"border-width: 0px; font: 14px/22px 微软雅黑, PingFangSC-Regular, &quot;Helvetica Neue&quot;, Helvetica, Arial, sans-serif; margin: 0px; padding: 0px; border-radius: 0px; color: rgb(51, 51, 51); text-transform: none; text-indent: 0px; letter-spacing: normal; word-spacing: 0px; display: block; white-space: pre-line; -ms-word-break: normal; -ms-word-wrap: normal; box-sizing: border-box; widows: 1; font-size-adjust: none; font-stretch: normal; background-color: rgb(255, 255, 255); -webkit-text-stroke-width: 0px;\">关于此房源：&nbsp;鸭川临水阁真的很方便。她正好位于京都站和京都市中心之间,去祇園只需步行十分钟左右。同时舞妓频繁出入的传统舞妓区就在清水天堂附近,步行大约五分钟。周边有大型超市,三家便利店,大大小小的寺庙和神社,停车场,餐馆,药妆店,电车站,地下铁,公交车站,花园,面包房,快餐店,可以说应有尽有。其实,旅行在外最害怕的就是花很多时间去找想逛的景点,而住在鸭川临水阁,保证您可以高效利用有限的旅行时间,快捷便利地找到京都各大人气景点。临水阁绝对会为您的旅行带来不一样的惊喜和感动。真诚期待您的选择,在这里创造独家记忆:关于日本,关于京都,关于美丽的町屋和你最爱的人。&nbsp;&nbsp;&nbsp;房客使用权限:&nbsp;厨房&nbsp;咖啡机&nbsp;微波炉&nbsp;冰箱&nbsp;烤箱&nbsp;煤气灶台&nbsp;面包机&nbsp;餐具&nbsp;&nbsp;房屋设备&nbsp;电视机&nbsp;空调&nbsp;洗衣机&nbsp;烘干机&nbsp;车库&nbsp;吹风机&nbsp;暖气设备&nbsp;wifi&nbsp;电熨斗&nbsp;熨</pre>', '19.0651321', '109.7614365', '海南省海口市琼中', '1498118924');
INSERT INTO `ot_hotel` VALUES ('25', '哈哈', '-1', '0', '/uploads/20170918/2b7846a0ef4fcd7df82c1c1008c769c4.jpg', '3000.00', '别墅', '5', '0', '', '', null, '干净', '<p>环境好</p>', '19.0868492', '109.6568375', '海南省海口市琼中', '1505720192');
INSERT INTO `ot_hotel` VALUES ('26', '大从民宿', '1', '0', '/uploads/20170918/b566a9ab604df6a6d17c7f49ad189564.jpg', '168.00', '大床标间', '30', '45', '', '12点', null, '', '<p>黎家船型屋民宿</p>', '0.0000000', '0.0000000', '海南省海口市琼中', '1505742020');

-- ----------------------------
-- Table structure for `ot_hotel_comment`
-- ----------------------------
DROP TABLE IF EXISTS `ot_hotel_comment`;
CREATE TABLE `ot_hotel_comment` (
  `id` int(5) NOT NULL AUTO_INCREMENT,
  `source_id` int(10) DEFAULT NULL COMMENT '源ID 【名宿ID，书本ID】',
  `type` int(1) DEFAULT NULL COMMENT '1民宿 2书本  3动态(民宿评，书评、捐租）',
  `user_id` int(10) DEFAULT NULL,
  `user_name` varchar(10) NOT NULL,
  `head_img` varchar(255) NOT NULL,
  `recommend_exponent` int(11) DEFAULT '5' COMMENT '推荐指数',
  `content` varchar(50) NOT NULL,
  `imgs` varchar(1000) DEFAULT NULL,
  `praise_num` tinyint(5) DEFAULT NULL,
  `location` varchar(100) DEFAULT NULL,
  `create_time` int(10) DEFAULT NULL,
  PRIMARY KEY (`id`)
) ENGINE=InnoDB AUTO_INCREMENT=250 DEFAULT CHARSET=utf8 COMMENT='评论表';

-- ----------------------------
-- Records of ot_hotel_comment
-- ----------------------------
INSERT INTO `ot_hotel_comment` VALUES ('181', '58', '2', '12143010', '『～青～  』', 'https://wx.qlogo.cn/mmopen/vi_32/R0YJ1QQMd9NX50iaAnUK5kMCPc6sqPInCeGu8JEJbZWhxmFNpHvnrCq63jIsCtJtePSkLB5pU5UyFGG68rKmv0g/0', '4', '评论啦', '[]', null, null, '1501209269');
INSERT INTO `ot_hotel_comment` VALUES ('182', '58', '2', '12143015', 'Spencer', 'https://wx.qlogo.cn/mmopen/vi_32/DYAIOgq83erSvL5J5oqx9eLZd7rhqHXibP3rXhWMDwY0d9CAfvQgZ56fCTBVG06aZeAGNC17yay3f7bAMFY9iccg/0', '4', '评价', '[]', null, null, '1501209466');
INSERT INTO `ot_hotel_comment` VALUES ('183', '59', '2', '12143015', 'Spencer', 'https://wx.qlogo.cn/mmopen/vi_32/DYAIOgq83erSvL5J5oqx9eLZd7rhqHXibP3rXhWMDwY0d9CAfvQgZ56fCTBVG06aZeAGNC17yay3f7bAMFY9iccg/0', '4', '了解了', '[]', null, null, '1501212036');
INSERT INTO `ot_hotel_comment` VALUES ('184', '241', '3', '12143009', '狂野小青年', 'https://wx.qlogo.cn/mmopen/vi_32/Or35P61ibog1JYCazgLAVIFrDNAcA1Jkmc2qcTw7h8RmEoBN6Yzx57T3Wibh5Aparlia9VrnFIQiblHQib8YRhBpp6Q/0', null, '哦哦哦', null, null, null, '1501213015');
INSERT INTO `ot_hotel_comment` VALUES ('185', '240', '3', '12143009', '狂野小青年', 'https://wx.qlogo.cn/mmopen/vi_32/Or35P61ibog1JYCazgLAVIFrDNAcA1Jkmc2qcTw7h8RmEoBN6Yzx57T3Wibh5Aparlia9VrnFIQiblHQib8YRhBpp6Q/0', null, '对对对', null, null, null, '1501213038');
INSERT INTO `ot_hotel_comment` VALUES ('186', '245', '3', '12143010', '『～青～  』', 'https://wx.qlogo.cn/mmopen/vi_32/R0YJ1QQMd9NX50iaAnUK5kMCPc6sqPInCeGu8JEJbZWhxmFNpHvnrCq63jIsCtJtePSkLB5pU5UyFGG68rKmv0g/0', null, '；；；', null, null, null, '1501491375');
INSERT INTO `ot_hotel_comment` VALUES ('187', '59', '0', '12143032', '无昵称', 'https://avatars0.githubusercontent.com/u/12462384?v=4&s=460', '0', '哈哈哈哈叫姐姐', '[]', null, '当前位置', '1501572340');
INSERT INTO `ot_hotel_comment` VALUES ('188', '59', '0', '12143032', '无昵称', 'https://avatars0.githubusercontent.com/u/12462384?v=4&s=460', '0', '哈哈哈哈叫姐姐', '[]', null, '当前位置', '1501572341');
INSERT INTO `ot_hotel_comment` VALUES ('189', '241', '3', '12143035', '李俊宇', 'http://wx.qlogo.cn/mmopen/1xtZjUtS8uewjM0bDOnrduNXia6YbMsF9uhYq2RQ1BibuY6mZyudiac2ZS4vxWs0QynLapiaOgLgrwRz3XH7oLVzSQLQqMedYskY/0', null, '不会变', null, null, null, '1501604059');
INSERT INTO `ot_hotel_comment` VALUES ('190', '241', '3', '12143035', '李俊宇', 'http://wx.qlogo.cn/mmopen/1xtZjUtS8uewjM0bDOnrduNXia6YbMsF9uhYq2RQ1BibuY6mZyudiac2ZS4vxWs0QynLapiaOgLgrwRz3XH7oLVzSQLQqMedYskY/0', null, '不好喝', null, null, null, '1501604073');
INSERT INTO `ot_hotel_comment` VALUES ('191', '245', '3', '12143035', '李俊宇', 'http://wx.qlogo.cn/mmopen/1xtZjUtS8uewjM0bDOnrduNXia6YbMsF9uhYq2RQ1BibuY6mZyudiac2ZS4vxWs0QynLapiaOgLgrwRz3XH7oLVzSQLQqMedYskY/0', null, '滚滚滚', null, null, null, '1501607568');
INSERT INTO `ot_hotel_comment` VALUES ('192', '245', '3', '12143035', '李俊宇', 'http://wx.qlogo.cn/mmopen/1xtZjUtS8uewjM0bDOnrduNXia6YbMsF9uhYq2RQ1BibuY6mZyudiac2ZS4vxWs0QynLapiaOgLgrwRz3XH7oLVzSQLQqMedYskY/0', null, '喝喝酒', null, null, null, '1501607972');
INSERT INTO `ot_hotel_comment` VALUES ('193', '243', '3', '12143035', '李俊宇', 'http://wx.qlogo.cn/mmopen/1xtZjUtS8uewjM0bDOnrduNXia6YbMsF9uhYq2RQ1BibuY6mZyudiac2ZS4vxWs0QynLapiaOgLgrwRz3XH7oLVzSQLQqMedYskY/0', null, '快快快', null, null, null, '1501608003');
INSERT INTO `ot_hotel_comment` VALUES ('194', '24', '1', '12143035', '李俊宇', 'http://wx.qlogo.cn/mmopen/1xtZjUtS8uewjM0bDOnrduNXia6YbMsF9uhYq2RQ1BibuY6mZyudiac2ZS4vxWs0QynLapiaOgLgrwRz3XH7oLVzSQLQqMedYskY/0', '4', '', '[]', '1', '当前位置', '1501640461');
INSERT INTO `ot_hotel_comment` VALUES ('195', '21', '1', '12143010', '『～青～  』', 'https://wx.qlogo.cn/mmopen/vi_32/R0YJ1QQMd9NX50iaAnUK5kMCPc6sqPInCeGu8JEJbZWhxmFNpHvnrCq63jIsCtJtePSkLB5pU5UyFGG68rKmv0g/0', '4', '环境不错', '[\"\\/uploads\\/20170802\\/105e9d2b165b6518b815d34b11052b86.png\"]', '8', null, '1501640542');
INSERT INTO `ot_hotel_comment` VALUES ('196', '252', '3', '12143032', '无昵称', 'https://avatars0.githubusercontent.com/u/12462384?v=4&s=460', null, '方法', null, null, null, '1501655323');
INSERT INTO `ot_hotel_comment` VALUES ('197', '252', '3', '12143035', '李俊宇', 'http://wx.qlogo.cn/mmopen/1xtZjUtS8uewjM0bDOnrduNXia6YbMsF9uhYq2RQ1BibuY6mZyudiac2ZS4vxWs0QynLapiaOgLgrwRz3XH7oLVzSQLQqMedYskY/0', null, '小弟弟', null, null, null, '1501656114');
INSERT INTO `ot_hotel_comment` VALUES ('198', '252', '3', '12143035', '李俊宇', 'http://wx.qlogo.cn/mmopen/1xtZjUtS8uewjM0bDOnrduNXia6YbMsF9uhYq2RQ1BibuY6mZyudiac2ZS4vxWs0QynLapiaOgLgrwRz3XH7oLVzSQLQqMedYskY/0', null, '干活哈哈', null, null, null, '1501656259');
INSERT INTO `ot_hotel_comment` VALUES ('199', '252', '3', '12143035', '李俊宇', 'http://wx.qlogo.cn/mmopen/1xtZjUtS8uewjM0bDOnrduNXia6YbMsF9uhYq2RQ1BibuY6mZyudiac2ZS4vxWs0QynLapiaOgLgrwRz3XH7oLVzSQLQqMedYskY/0', null, '得得得', null, null, null, '1501656451');
INSERT INTO `ot_hotel_comment` VALUES ('200', '252', '3', '12143003', '『～青～  』', 'https://wx.qlogo.cn/mmopen/vi_32/R0YJ1QQMd9NX50iaAnUK5kMCPc6sqPInCeGu8JEJbZWhxmFNpHvnrCq63jIsCtJtePSkLB5pU5UyFGG68rKmv0g/0', null, '你很好', null, null, null, '1501657506');
INSERT INTO `ot_hotel_comment` VALUES ('201', '252', '3', '12143035', '李俊宇', 'http://wx.qlogo.cn/mmopen/1xtZjUtS8uewjM0bDOnrduNXia6YbMsF9uhYq2RQ1BibuY6mZyudiac2ZS4vxWs0QynLapiaOgLgrwRz3XH7oLVzSQLQqMedYskY/0', null, '我很棒', null, null, null, '1501657894');
INSERT INTO `ot_hotel_comment` VALUES ('202', '252', '3', '12143035', '李俊宇', 'http://wx.qlogo.cn/mmopen/1xtZjUtS8uewjM0bDOnrduNXia6YbMsF9uhYq2RQ1BibuY6mZyudiac2ZS4vxWs0QynLapiaOgLgrwRz3XH7oLVzSQLQqMedYskY/0', null, '不不不', null, null, null, '1501657997');
INSERT INTO `ot_hotel_comment` VALUES ('203', '252', '3', '12143035', '李俊宇', 'http://wx.qlogo.cn/mmopen/1xtZjUtS8uewjM0bDOnrduNXia6YbMsF9uhYq2RQ1BibuY6mZyudiac2ZS4vxWs0QynLapiaOgLgrwRz3XH7oLVzSQLQqMedYskY/0', null, '得到', null, null, null, '1501658278');
INSERT INTO `ot_hotel_comment` VALUES ('204', '252', '3', '12143035', '李俊宇', 'http://wx.qlogo.cn/mmopen/1xtZjUtS8uewjM0bDOnrduNXia6YbMsF9uhYq2RQ1BibuY6mZyudiac2ZS4vxWs0QynLapiaOgLgrwRz3XH7oLVzSQLQqMedYskY/0', null, '得到', null, null, null, '1501658287');
INSERT INTO `ot_hotel_comment` VALUES ('205', '252', '3', '12143035', '李俊宇', 'http://wx.qlogo.cn/mmopen/1xtZjUtS8uewjM0bDOnrduNXia6YbMsF9uhYq2RQ1BibuY6mZyudiac2ZS4vxWs0QynLapiaOgLgrwRz3XH7oLVzSQLQqMedYskY/0', null, '该喝喝', null, null, null, '1501658437');
INSERT INTO `ot_hotel_comment` VALUES ('206', '59', '0', '12143035', '李俊宇', 'http://wx.qlogo.cn/mmopen/1xtZjUtS8uewjM0bDOnrduNXia6YbMsF9uhYq2RQ1BibuY6mZyudiac2ZS4vxWs0QynLapiaOgLgrwRz3XH7oLVzSQLQqMedYskY/0', '3', '刚刚干活', null, null, '当前位置', '1501658471');
INSERT INTO `ot_hotel_comment` VALUES ('207', '59', '0', '12143035', '李俊宇', 'http://wx.qlogo.cn/mmopen/1xtZjUtS8uewjM0bDOnrduNXia6YbMsF9uhYq2RQ1BibuY6mZyudiac2ZS4vxWs0QynLapiaOgLgrwRz3XH7oLVzSQLQqMedYskY/0', '3', '刚刚干活', null, null, '当前位置', '1501658556');
INSERT INTO `ot_hotel_comment` VALUES ('208', '58', '2', '12143035', '李俊宇', 'http://wx.qlogo.cn/mmopen/1xtZjUtS8uewjM0bDOnrduNXia6YbMsF9uhYq2RQ1BibuY6mZyudiac2ZS4vxWs0QynLapiaOgLgrwRz3XH7oLVzSQLQqMedYskY/0', '3', '吃饭饭', '[\"\\/uploads\\/20170802\\/fc73b8c7e45a736218a45dbcc77a51ab.jpg\"]', null, null, '1501658629');
INSERT INTO `ot_hotel_comment` VALUES ('209', '60', '2', '12143035', '李俊宇', 'http://wx.qlogo.cn/mmopen/1xtZjUtS8uewjM0bDOnrduNXia6YbMsF9uhYq2RQ1BibuY6mZyudiac2ZS4vxWs0QynLapiaOgLgrwRz3XH7oLVzSQLQqMedYskY/0', '2', '唱歌刚刚', null, null, '当前位置', '1501658753');
INSERT INTO `ot_hotel_comment` VALUES ('210', '58', '2', '12143035', '李俊宇', 'http://wx.qlogo.cn/mmopen/1xtZjUtS8uewjM0bDOnrduNXia6YbMsF9uhYq2RQ1BibuY6mZyudiac2ZS4vxWs0QynLapiaOgLgrwRz3XH7oLVzSQLQqMedYskY/0', '3', '古古怪怪', null, null, '当前位置', '1501659405');
INSERT INTO `ot_hotel_comment` VALUES ('211', '58', '2', '12143035', '李俊宇', 'http://wx.qlogo.cn/mmopen/1xtZjUtS8uewjM0bDOnrduNXia6YbMsF9uhYq2RQ1BibuY6mZyudiac2ZS4vxWs0QynLapiaOgLgrwRz3XH7oLVzSQLQqMedYskY/0', '4', '方法发个', null, null, '当前位置', '1501659497');
INSERT INTO `ot_hotel_comment` VALUES ('212', '58', '2', '12143035', '李俊宇', 'http://wx.qlogo.cn/mmopen/1xtZjUtS8uewjM0bDOnrduNXia6YbMsF9uhYq2RQ1BibuY6mZyudiac2ZS4vxWs0QynLapiaOgLgrwRz3XH7oLVzSQLQqMedYskY/0', '4', '发个刚刚', null, null, '当前位置', '1501659542');
INSERT INTO `ot_hotel_comment` VALUES ('213', '58', '2', '12143035', '李俊宇', 'http://wx.qlogo.cn/mmopen/1xtZjUtS8uewjM0bDOnrduNXia6YbMsF9uhYq2RQ1BibuY6mZyudiac2ZS4vxWs0QynLapiaOgLgrwRz3XH7oLVzSQLQqMedYskY/0', '4', 'vvvvv', null, null, '当前位置', '1501660548');
INSERT INTO `ot_hotel_comment` VALUES ('214', '58', '2', '12143035', '李俊宇', 'http://wx.qlogo.cn/mmopen/1xtZjUtS8uewjM0bDOnrduNXia6YbMsF9uhYq2RQ1BibuY6mZyudiac2ZS4vxWs0QynLapiaOgLgrwRz3XH7oLVzSQLQqMedYskY/0', '3', '哥古古怪怪', '[\"\\/uploads\\/20170802\\/10470d14a13fa513be418b09319f2235.jpg\",\"\\/uploads\\/20170802\\/0ab98728d1f86278ee8064bf2c6b5a35.jpg\"]', null, '当前位置', '1501660903');
INSERT INTO `ot_hotel_comment` VALUES ('215', '58', '2', '12143035', '李俊宇', 'http://wx.qlogo.cn/mmopen/1xtZjUtS8uewjM0bDOnrduNXia6YbMsF9uhYq2RQ1BibuY6mZyudiac2ZS4vxWs0QynLapiaOgLgrwRz3XH7oLVzSQLQqMedYskY/0', '3', '哥哥', '[\"\\/uploads\\/20170802\\/b22b3620e181f5657af9521dd38428f5.jpg\",\"\\/uploads\\/20170802\\/4f2a2771495d50b312d4be2ec8e90fa6.jpg\"]', null, null, '1501660976');
INSERT INTO `ot_hotel_comment` VALUES ('216', '253', '3', '12143015', 'Spencer', 'https://wx.qlogo.cn/mmopen/vi_32/DYAIOgq83erSvL5J5oqx9eLZd7rhqHXibP3rXhWMDwY0d9CAfvQgZ56fCTBVG06aZeAGNC17yay3f7bAMFY9iccg/0', null, '哈哈哈', null, null, null, '1501810523');
INSERT INTO `ot_hotel_comment` VALUES ('217', '66', '2', '12143035', '李俊宇', 'http://wx.qlogo.cn/mmopen/1xtZjUtS8uewjM0bDOnrduNXia6YbMsF9uhYq2RQ1BibuY6mZyudiac2ZS4vxWs0QynLapiaOgLgrwRz3XH7oLVzSQLQqMedYskY/0', '4', '古古怪怪', '[\"\\/uploads\\/20170804\\/ad953f0699e40bfe06af3ae17407d24f.jpeg\"]', null, '当前位置', '1501818404');
INSERT INTO `ot_hotel_comment` VALUES ('218', '60', '2', '12143035', '李俊宇', 'http://wx.qlogo.cn/mmopen/1xtZjUtS8uewjM0bDOnrduNXia6YbMsF9uhYq2RQ1BibuY6mZyudiac2ZS4vxWs0QynLapiaOgLgrwRz3XH7oLVzSQLQqMedYskY/0', '4', '古古怪怪', '[]', null, '当前位置', '1501829507');
INSERT INTO `ot_hotel_comment` VALUES ('219', '59', '2', '12143035', '李俊宇', 'http://wx.qlogo.cn/mmopen/1xtZjUtS8uewjM0bDOnrduNXia6YbMsF9uhYq2RQ1BibuY6mZyudiac2ZS4vxWs0QynLapiaOgLgrwRz3XH7oLVzSQLQqMedYskY/0', '3', '发个刚刚', '[]', null, '当前位置', '1501829919');
INSERT INTO `ot_hotel_comment` VALUES ('220', '59', '2', '12143035', '李俊宇', 'http://wx.qlogo.cn/mmopen/1xtZjUtS8uewjM0bDOnrduNXia6YbMsF9uhYq2RQ1BibuY6mZyudiac2ZS4vxWs0QynLapiaOgLgrwRz3XH7oLVzSQLQqMedYskY/0', '4', '嘎嘎嘎', '[]', null, '当前位置', '1501830154');
INSERT INTO `ot_hotel_comment` VALUES ('221', '66', '2', '12143026', 'Landom', 'https://wx.qlogo.cn/mmopen/vi_32/DYAIOgq83eo8NGFUCmeBfCSG98cPKicaLX5Wf7LIbHQjPIP9AacqxN4aqELhQo2u88EAmWs6Mic040m7qE7RiaMtQ/0', '4', '眼前的美不是美', '[]', '1', null, '1502240491');
INSERT INTO `ot_hotel_comment` VALUES ('222', '257', '3', '12143049', '', 'https://wx.qlogo.cn/mmopen/vi_32/Q0j4TwGTfTKRgRWWDAvicT9ywuytQzXFba8z4ljoo0X3MlUkwoGuChE6HV5yWuyxD3KMPyH22h0PDcM6r15dJ1A/0', null, '不要紧的', null, null, null, '1503042733');
INSERT INTO `ot_hotel_comment` VALUES ('223', '257', '3', '12143049', '', 'https://wx.qlogo.cn/mmopen/vi_32/Q0j4TwGTfTKRgRWWDAvicT9ywuytQzXFba8z4ljoo0X3MlUkwoGuChE6HV5yWuyxD3KMPyH22h0PDcM6r15dJ1A/0', null, '3秒', null, null, null, '1503042756');
INSERT INTO `ot_hotel_comment` VALUES ('224', '58', '2', '12143049', '', 'https://wx.qlogo.cn/mmopen/vi_32/Q0j4TwGTfTKRgRWWDAvicT9ywuytQzXFba8z4ljoo0X3MlUkwoGuChE6HV5yWuyxD3KMPyH22h0PDcM6r15dJ1A/0', '5', '贞贞，酱酱', '[]', '1', '海口市美兰区演丰规划馆(海口市演丰镇政府东北)', '1503650745');
INSERT INTO `ot_hotel_comment` VALUES ('225', '58', '2', '12143049', '', 'https://wx.qlogo.cn/mmopen/vi_32/Q0j4TwGTfTKRgRWWDAvicT9ywuytQzXFba8z4ljoo0X3MlUkwoGuChE6HV5yWuyxD3KMPyH22h0PDcM6r15dJ1A/0', '5', '酱酱酱酱', '[\"\\/uploads\\/20170825\\/823158f016323bb3e2f9834b032372f4.jpg\"]', '1', '海口市美兰区演丰规划馆(海口市演丰镇政府东北)', '1503651222');
INSERT INTO `ot_hotel_comment` VALUES ('226', '58', '2', '12143049', '', 'https://wx.qlogo.cn/mmopen/vi_32/Q0j4TwGTfTKRgRWWDAvicT9ywuytQzXFba8z4ljoo0X3MlUkwoGuChE6HV5yWuyxD3KMPyH22h0PDcM6r15dJ1A/0', '5', '健健康康啦咯啦咯啦咯窟窿亏了哦组团去怕凑YY天哦哟哦哟下午涂卡鳄鱼恤兔兔无聊咯下午舞台剧兔兔秃头图我', '[\"\\/uploads\\/20170825\\/322f186d9e845cec246ff0029ea9e73a.jpg\",\"\\/uploads\\/20170825\\/23c1a91e4062ba3c6050780fc5af6605.jpg\",\"\\/uploads\\/20170825\\/9c2bf1bc61fe2fea27070d4181edc235.jpg\",\"\\/uploads\\/20170825\\/5ed23f743b2b83abc66351d989ae263e.jpg\"]', '0', '海口市美兰区演丰规划馆(海口市演丰镇政府东北)', '1503651354');
INSERT INTO `ot_hotel_comment` VALUES ('227', '21', '1', '12143049', '', 'https://wx.qlogo.cn/mmopen/vi_32/Q0j4TwGTfTKRgRWWDAvicT9ywuytQzXFba8z4ljoo0X3MlUkwoGuChE6HV5yWuyxD3KMPyH22h0PDcM6r15dJ1A/0', '5', '离我嗯弄', '[]', '1', null, '1503888391');
INSERT INTO `ot_hotel_comment` VALUES ('228', '260', '3', '12143049', '', 'https://wx.qlogo.cn/mmopen/vi_32/Q0j4TwGTfTKRgRWWDAvicT9ywuytQzXFba8z4ljoo0X3MlUkwoGuChE6HV5yWuyxD3KMPyH22h0PDcM6r15dJ1A/0', null, '', null, null, null, '1504688224');
INSERT INTO `ot_hotel_comment` VALUES ('229', '266', '3', '12143049', '', 'https://wx.qlogo.cn/mmopen/vi_32/Q0j4TwGTfTKRgRWWDAvicT9ywuytQzXFba8z4ljoo0X3MlUkwoGuChE6HV5yWuyxD3KMPyH22h0PDcM6r15dJ1A/0', null, '', null, null, null, '1504688252');
INSERT INTO `ot_hotel_comment` VALUES ('230', '256', '3', '12143049', '', 'https://wx.qlogo.cn/mmopen/vi_32/Q0j4TwGTfTKRgRWWDAvicT9ywuytQzXFba8z4ljoo0X3MlUkwoGuChE6HV5yWuyxD3KMPyH22h0PDcM6r15dJ1A/0', null, '某件JJ图图', null, null, null, '1504752948');
INSERT INTO `ot_hotel_comment` VALUES ('231', '256', '3', '12143049', '', 'https://wx.qlogo.cn/mmopen/vi_32/Q0j4TwGTfTKRgRWWDAvicT9ywuytQzXFba8z4ljoo0X3MlUkwoGuChE6HV5yWuyxD3KMPyH22h0PDcM6r15dJ1A/0', null, '你先洗澡在真转', null, null, null, '1504752960');
INSERT INTO `ot_hotel_comment` VALUES ('232', '252', '3', '12143023', '东坡李', 'https://wx.qlogo.cn/mmopen/vi_32/XGLIdGUmJ07uIJTH4kSnCrlfQS3mXSmJ8zxxrqgz2F5uiaBLw1ancPicQnytPdV63KN4iaQHncgiciaqlibdhDobDW7w/0', null, '啊啊啊', null, null, null, '1504851221');
INSERT INTO `ot_hotel_comment` VALUES ('233', '283', '3', '12143027', 'function', 'https://wx.qlogo.cn/mmopen/vi_32/Q0j4TwGTfTKL672IAaby6KiaLClVeHHjibhuaAfvyUHKYAmJZhAvdcZQeJy1h1sz8sL8XiaB5fHd8VIJickRemS3Ng/0', null, '我的', null, null, null, '1505180789');
INSERT INTO `ot_hotel_comment` VALUES ('234', '282', '3', '12143027', 'function', 'https://wx.qlogo.cn/mmopen/vi_32/Q0j4TwGTfTKL672IAaby6KiaLClVeHHjibhuaAfvyUHKYAmJZhAvdcZQeJy1h1sz8sL8XiaB5fHd8VIJickRemS3Ng/0', null, '可以哦', null, null, null, '1505180803');
INSERT INTO `ot_hotel_comment` VALUES ('235', '66', '2', '12143027', 'function', 'https://wx.qlogo.cn/mmopen/vi_32/Q0j4TwGTfTKL672IAaby6KiaLClVeHHjibhuaAfvyUHKYAmJZhAvdcZQeJy1h1sz8sL8XiaB5fHd8VIJickRemS3Ng/0', '3', '23232', '[\"\\/uploads\\/20170913\\/5edf06d6dd92a395b5bca27fa6eabb08.jpg\"]', '0', '海南省海口市秀英区长滨东二街7号', '1505261969');
INSERT INTO `ot_hotel_comment` VALUES ('236', '284', '3', '12143049', '', 'https://wx.qlogo.cn/mmopen/vi_32/Q0j4TwGTfTKRgRWWDAvicT9ywuytQzXFba8z4ljoo0X3MlUkwoGuChE6HV5yWuyxD3KMPyH22h0PDcM6r15dJ1A/0', null, '某些', null, null, null, '1505295157');
INSERT INTO `ot_hotel_comment` VALUES ('237', '66', '2', '12143049', '', 'https://wx.qlogo.cn/mmopen/vi_32/Q0j4TwGTfTKRgRWWDAvicT9ywuytQzXFba8z4ljoo0X3MlUkwoGuChE6HV5yWuyxD3KMPyH22h0PDcM6r15dJ1A/0', '5', '别试了，肯定不行的。相信我@qq.com', '[\"\\/uploads\\/20170914\\/09206b736d6b5e45ab7084059b9398c1.jpg\",\"\\/uploads\\/20170914\\/37b804df9dcea6fc88ce02446c5f06b1.jpg\",\"\\/uploads\\/20170914\\/a7521b38a1018b5e426bcc15883b6590.jpg\",\"\\/uploads\\/20170914\\/ee8d24d33c5d029f3e9cda95610844d0.jpg\",\"\\/uploads\\/20170914\\/51260f3cff00abcbe1a49423d48a4aa3.jpg\",\"\\/uploads\\/20170914\\/8eb675aa864994c498c68c2df45c9955.jpg\",\"\\/uploads\\/20170914\\/eb60dc2f478bc7ded5b37e84f99ffeb0.jpg\",\"\\/uploads\\/20170914\\/45940495b3c9aef04f9f1299d54d909e.jpg\",\"\\/uploads\\/20170914\\/4862e8cf94d604de806c55c6d85129f1.jpg\"]', null, '海口市美兰区海口市演丰镇委西(瑶城一路)', '1505386651');
INSERT INTO `ot_hotel_comment` VALUES ('238', '58', '2', '12143049', '', 'https://wx.qlogo.cn/mmopen/vi_32/Q0j4TwGTfTKRgRWWDAvicT9ywuytQzXFba8z4ljoo0X3MlUkwoGuChE6HV5yWuyxD3KMPyH22h0PDcM6r15dJ1A/0', '0', '么么哒么么哒么么哒晚安么么哒么么哒晚安好梦晚安么么哒晚安老婆爱你老婆爱你爱你爱你爱你爱你么么哒～(^', null, null, '显示位置', '1505463813');
INSERT INTO `ot_hotel_comment` VALUES ('239', '65', '2', '12143049', '', 'https://wx.qlogo.cn/mmopen/vi_32/Q0j4TwGTfTKRgRWWDAvicT9ywuytQzXFba8z4ljoo0X3MlUkwoGuChE6HV5yWuyxD3KMPyH22h0PDcM6r15dJ1A/0', '4', '木老聚聚兔子小姨子投诉兔兔KTV图么么哒么么哒么么哒么么哒～(^з^)-♡', null, '0', '显示位置', '1505464100');
INSERT INTO `ot_hotel_comment` VALUES ('240', '65', '2', '12143049', '', 'https://wx.qlogo.cn/mmopen/vi_32/Q0j4TwGTfTKRgRWWDAvicT9ywuytQzXFba8z4ljoo0X3MlUkwoGuChE6HV5yWuyxD3KMPyH22h0PDcM6r15dJ1A/0', '5', '奴隶', null, null, '显示位置', '1505464289');
INSERT INTO `ot_hotel_comment` VALUES ('241', '24', '1', '12143049', '', 'https://wx.qlogo.cn/mmopen/vi_32/Q0j4TwGTfTKRgRWWDAvicT9ywuytQzXFba8z4ljoo0X3MlUkwoGuChE6HV5yWuyxD3KMPyH22h0PDcM6r15dJ1A/0', '5', '你很好', '[\"1.png\",\"2.png\"]', null, '红树林商业街', '1505464829');
INSERT INTO `ot_hotel_comment` VALUES ('242', '24', '1', '12143049', '', 'https://wx.qlogo.cn/mmopen/vi_32/Q0j4TwGTfTKRgRWWDAvicT9ywuytQzXFba8z4ljoo0X3MlUkwoGuChE6HV5yWuyxD3KMPyH22h0PDcM6r15dJ1A/0', '4', '么么啾亲爱的们摸摸头乖乖么么哒～(^з^)-♡', null, null, '海口市粮食局演丰粮食管理所', '1505465388');
INSERT INTO `ot_hotel_comment` VALUES ('243', '24', '1', '12143049', '', 'https://wx.qlogo.cn/mmopen/vi_32/Q0j4TwGTfTKRgRWWDAvicT9ywuytQzXFba8z4ljoo0X3MlUkwoGuChE6HV5yWuyxD3KMPyH22h0PDcM6r15dJ1A/0', '4', '柬埔寨', null, null, '海口市粮食局演丰粮食管理所', '1505466927');
INSERT INTO `ot_hotel_comment` VALUES ('244', '24', '1', '12143049', '', 'https://wx.qlogo.cn/mmopen/vi_32/Q0j4TwGTfTKRgRWWDAvicT9ywuytQzXFba8z4ljoo0X3MlUkwoGuChE6HV5yWuyxD3KMPyH22h0PDcM6r15dJ1A/0', '4', 'chl', '[\"\\/uploads\\/20170915\\/bf5f510681c44e256fdc872c69cc2e61.jpg\"]', null, '', '1505467102');
INSERT INTO `ot_hotel_comment` VALUES ('245', '24', '1', '12143049', '', 'https://wx.qlogo.cn/mmopen/vi_32/Q0j4TwGTfTKRgRWWDAvicT9ywuytQzXFba8z4ljoo0X3MlUkwoGuChE6HV5yWuyxD3KMPyH22h0PDcM6r15dJ1A/0', '4', '柬埔寨', '[\"\\/uploads\\/20170915\\/935ebb9e70737a431a8b3bd838804bae.jpg\",\"\\/uploads\\/20170915\\/d7449718563f59e4b47016dfdbdc4870.jpg\"]', null, '艺丰幼儿园', '1505467172');
INSERT INTO `ot_hotel_comment` VALUES ('246', '24', '1', '12143049', '', 'https://wx.qlogo.cn/mmopen/vi_32/Q0j4TwGTfTKRgRWWDAvicT9ywuytQzXFba8z4ljoo0X3MlUkwoGuChE6HV5yWuyxD3KMPyH22h0PDcM6r15dJ1A/0', '4', '毕竟不是自己', '[]', null, null, '1505467227');
INSERT INTO `ot_hotel_comment` VALUES ('247', '86', '2', '12143049', '', 'https://wx.qlogo.cn/mmopen/vi_32/Q0j4TwGTfTKRgRWWDAvicT9ywuytQzXFba8z4ljoo0X3MlUkwoGuChE6HV5yWuyxD3KMPyH22h0PDcM6r15dJ1A/0', '4', '不好看', '[\"\\/uploads\\/20170918\\/489840096627fedf8d96f8da0821b6ab.jpg\"]', null, '海口市美兰食品药品监督管理所', '1505719975');
INSERT INTO `ot_hotel_comment` VALUES ('248', '86', '2', '12143023', '东坡李', 'https://wx.qlogo.cn/mmopen/vi_32/XGLIdGUmJ07uIJTH4kSnCrlfQS3mXSmJ8zxxrqgz2F5uiaBLw1ancPicQnytPdV63KN4iaQHncgiciaqlibdhDobDW7w/0', '5', '很棒', '[]', null, null, '1505780810');
INSERT INTO `ot_hotel_comment` VALUES ('249', '60', '2', '12143018', '无昵称', 'https://avatars0.githubusercontent.com/u/12462384?v=4&s=460', '0', '', '[]', null, '当前位置', '1505792213');

-- ----------------------------
-- Table structure for `ot_hotel_comment_reply`
-- ----------------------------
DROP TABLE IF EXISTS `ot_hotel_comment_reply`;
CREATE TABLE `ot_hotel_comment_reply` (
  `id` int(15) NOT NULL AUTO_INCREMENT,
  `comment_id` int(10) NOT NULL,
  `user_name` varchar(10) NOT NULL COMMENT '回复者',
  `to_user_name` varchar(10) NOT NULL COMMENT '被回复者',
  `reply` varchar(225) NOT NULL,
  `create_time` int(10) NOT NULL,
  PRIMARY KEY (`id`)
) ENGINE=InnoDB AUTO_INCREMENT=51 DEFAULT CHARSET=utf8 COMMENT='动态回复表';

-- ----------------------------
-- Records of ot_hotel_comment_reply
-- ----------------------------
INSERT INTO `ot_hotel_comment_reply` VALUES ('32', '184', '狂野小青年', '狂野小青年', '订单', '1501213022');
INSERT INTO `ot_hotel_comment_reply` VALUES ('33', '181', 'Spencer', '', '嗯哦哦', '1501463861');
INSERT INTO `ot_hotel_comment_reply` VALUES ('34', '182', 'Spencer', '', '我吗', '1501463874');
INSERT INTO `ot_hotel_comment_reply` VALUES ('35', '194', '李俊宇', '李俊宇', '哈哈哈', '1501642439');
INSERT INTO `ot_hotel_comment_reply` VALUES ('36', '195', '『～青～  』', '小荣', '不想回复你', '1501657023');
INSERT INTO `ot_hotel_comment_reply` VALUES ('37', '191', '花无百日红', '李俊宇', '这么能吹牛呢？离得近的时候，没见你这么牛气……切……', '1502065908');
INSERT INTO `ot_hotel_comment_reply` VALUES ('38', '186', '花无百日红', '『～青～  』', '哈哈哈', '1502065918');
INSERT INTO `ot_hotel_comment_reply` VALUES ('39', '182', '', '', '贞贞', '1503650622');
INSERT INTO `ot_hotel_comment_reply` VALUES ('40', '185', '', '狂野小青年', '？？？', '1503982347');
INSERT INTO `ot_hotel_comment_reply` VALUES ('41', '184', '', '狂野小青年', '啦咯啦咯考虑图咯啦', '1503982363');
INSERT INTO `ot_hotel_comment_reply` VALUES ('42', '233', 'function', 'function', '万洲', '1505180797');
INSERT INTO `ot_hotel_comment_reply` VALUES ('43', '185', '', '狂野小青年', '靓靓晾', '1505206461');
INSERT INTO `ot_hotel_comment_reply` VALUES ('44', '184', '', '狂野小青年', '不可开交', '1505206476');
INSERT INTO `ot_hotel_comment_reply` VALUES ('45', '184', '', '狂野小青年', '李玲玲李丽丽55151克', '1505211950');
INSERT INTO `ot_hotel_comment_reply` VALUES ('46', '184', '', '狂野小青年', '哦里咯啦咯啦咯考虑兔兔图图UK路KKK路KKK图KKK就咯啦咯', '1505264844');
INSERT INTO `ot_hotel_comment_reply` VALUES ('47', '181', '', 'Spencer', '靓靓晾么么哒～(^з^)-♡', '1505548127');
INSERT INTO `ot_hotel_comment_reply` VALUES ('48', '195', '', '', '即刻出发了', '1505553936');
INSERT INTO `ot_hotel_comment_reply` VALUES ('49', '195', '', '', '所以就快点上车', '1505553957');
INSERT INTO `ot_hotel_comment_reply` VALUES ('50', '195', '', '', '我要下车这不是去幼儿园的路', '1505553980');

-- ----------------------------
-- Table structure for `ot_hotel_img`
-- ----------------------------
DROP TABLE IF EXISTS `ot_hotel_img`;
CREATE TABLE `ot_hotel_img` (
  `id` int(10) unsigned NOT NULL AUTO_INCREMENT,
  `hotel_id` int(10) unsigned NOT NULL,
  `url` varchar(255) NOT NULL,
  `ismain` enum('0','1') NOT NULL DEFAULT '0' COMMENT '是否为主图,1代表是',
  PRIMARY KEY (`id`)
) ENGINE=InnoDB AUTO_INCREMENT=312 DEFAULT CHARSET=utf8 COMMENT='民宿图片表';

-- ----------------------------
-- Records of ot_hotel_img
-- ----------------------------
INSERT INTO `ot_hotel_img` VALUES ('272', '15', '/uploads/20170519/67de02ae89d0b8e5655d56067f0c5f69.png', '1');
INSERT INTO `ot_hotel_img` VALUES ('273', '15', '/uploads/20170519/663fd52bbfb872f4de927ede73c4d906.png', '0');
INSERT INTO `ot_hotel_img` VALUES ('274', '15', '/uploads/20170519/bbcec1e0102bc19483e546a15d813b5f.jpg', '1');
INSERT INTO `ot_hotel_img` VALUES ('275', '16', '/uploads/20170531/944fcd0c6a67ee7dc0c5d3565db9b938.jpg', '1');
INSERT INTO `ot_hotel_img` VALUES ('276', '16', '/uploads/20170531/bf9bae4931484436235a2774ee706f34.jpg', '0');
INSERT INTO `ot_hotel_img` VALUES ('277', '16', '/uploads/20170531/c69e26ebcf4140c8b7573a1db69c9a54.jpg', '0');
INSERT INTO `ot_hotel_img` VALUES ('278', '16', '/uploads/20170531/5c3a1cbe95eea3447ac1638a20d1ebcd.jpg', '0');
INSERT INTO `ot_hotel_img` VALUES ('284', '20', '/uploads/20170531/31dbfe3412c4169296aabfc929962189.jpg', '1');
INSERT INTO `ot_hotel_img` VALUES ('285', '20', '/uploads/20170531/b73f5e8525355ba032982bdf1beac2f1.jpg', '0');
INSERT INTO `ot_hotel_img` VALUES ('286', '20', '/uploads/20170531/a7e7875a64cc348bfe5c27ba97aa66db.jpg', '0');
INSERT INTO `ot_hotel_img` VALUES ('287', '20', '/uploads/20170531/76187a4e1b3ca550f36c7f20d4f55fc8.jpg', '0');
INSERT INTO `ot_hotel_img` VALUES ('288', '20', '/uploads/20170531/bd4e58920b6d710c1721995c155207ca.jpg', '0');
INSERT INTO `ot_hotel_img` VALUES ('289', '21', '/uploads/20170531/af7709516756721acd86f8631565d473.png', '1');
INSERT INTO `ot_hotel_img` VALUES ('290', '21', '/uploads/20170531/fec9960b512ebc725b5d492386ffdc81.png', '0');
INSERT INTO `ot_hotel_img` VALUES ('291', '21', '/uploads/20170531/16a29a1f51ec1f56422d2f49ec99f53c.png', '0');
INSERT INTO `ot_hotel_img` VALUES ('292', '21', '/uploads/20170531/0ce54caeb79b2021ae0a6c366304c960.png', '0');
INSERT INTO `ot_hotel_img` VALUES ('293', '21', '/uploads/20170531/5ecfd1cf3583c00f9646b8594fbbac34.png', '0');
INSERT INTO `ot_hotel_img` VALUES ('294', '24', '/uploads/20170606/bfd9e7d9be4ce3ae6bc91b3a20e1d34e.jpg', '1');
INSERT INTO `ot_hotel_img` VALUES ('295', '24', '/uploads/20170606/b716b75127627c8c70a23a13e44903b0.jpg', '0');
INSERT INTO `ot_hotel_img` VALUES ('296', '24', '/uploads/20170606/199d7c8adb975019e1a84b452020bd7c.jpg', '0');
INSERT INTO `ot_hotel_img` VALUES ('297', '24', '/uploads/20170606/3aaa3736ca286d305f02d6a154417a3d.jpg', '0');
INSERT INTO `ot_hotel_img` VALUES ('298', '24', '/uploads/20170606/9d256ac3f32dca51378e50519cb1c8d7.jpg', '0');
INSERT INTO `ot_hotel_img` VALUES ('299', '28', '/uploads/20170607/6bb22be94b0fb2fbb1f4c36f2d026e24.jpg', '1');
INSERT INTO `ot_hotel_img` VALUES ('300', '29', '/uploads/20170607/e198e323f4e34be7af3d4abbf465415d.jpg', '1');
INSERT INTO `ot_hotel_img` VALUES ('301', '32', '/uploads/20170607/36c72cdfef0216e47f2215acb5588107.jpg', '1');
INSERT INTO `ot_hotel_img` VALUES ('302', '33', '/uploads/20170607/b616c80b1da1bba7c14886a17615e135.jpg', '1');
INSERT INTO `ot_hotel_img` VALUES ('303', '19', '/uploads/20170621/e604f03d58832f0107e04124e2bd7848.jpg', '1');
INSERT INTO `ot_hotel_img` VALUES ('304', '19', '/uploads/20170621/e65722d68e7e578afd9d5654b49c7e96.jpg', '0');
INSERT INTO `ot_hotel_img` VALUES ('305', '19', '/uploads/20170621/66409f8abd1086f8dc59fde820ae4f78.jpg', '0');
INSERT INTO `ot_hotel_img` VALUES ('306', '25', '/uploads/20170918/2b7846a0ef4fcd7df82c1c1008c769c4.jpg', '1');
INSERT INTO `ot_hotel_img` VALUES ('307', '25', '/uploads/20170918/031031facd902aa9cae1c698c9e67333.jpg', '0');
INSERT INTO `ot_hotel_img` VALUES ('308', '25', '/uploads/20170918/cfe16b171326aea5d3c2a8349d058e7d.jpg', '0');
INSERT INTO `ot_hotel_img` VALUES ('309', '25', '/uploads/20170918/485fc7cd701ff7d50e5a403673056cde.jpg', '0');
INSERT INTO `ot_hotel_img` VALUES ('310', '26', '/uploads/20170918/b566a9ab604df6a6d17c7f49ad189564.jpg', '1');
INSERT INTO `ot_hotel_img` VALUES ('311', '26', '/uploads/20170918/cec6ff635fa118239bc5f3101ff68252.jpg', '0');

-- ----------------------------
-- Table structure for `ot_hotel_order`
-- ----------------------------
DROP TABLE IF EXISTS `ot_hotel_order`;
CREATE TABLE `ot_hotel_order` (
  `hotel_order_id` int(11) NOT NULL AUTO_INCREMENT,
  `user_id` int(11) NOT NULL,
  `hotel_id` int(11) NOT NULL,
  `room_id` int(11) DEFAULT NULL,
  `hotel_name` varchar(50) NOT NULL,
  `hotel_img` varchar(255) NOT NULL,
  `total_money` float(11,2) NOT NULL DEFAULT '0.00' COMMENT '实际总价',
  `pay_money` float(11,2) NOT NULL COMMENT '实际付款',
  `deduction_money` float(8,2) DEFAULT NULL COMMENT '优惠券、积分抵扣价格',
  `guaranty_money` float(11,2) DEFAULT '0.00' COMMENT '押金',
  `return_guaranty_money` float(11,2) DEFAULT NULL,
  `status` int(1) NOT NULL DEFAULT '0' COMMENT '订单状态：-1已取消 0待付款 1待消费 2正在消费 3已消费 待审核  4已退房 待评价 5已评价',
  `describe` varchar(100) DEFAULT NULL COMMENT '订单描述',
  `arrive_time` int(11) DEFAULT NULL COMMENT '入住时间',
  `leave_time` int(11) DEFAULT NULL,
  `create_time` int(10) NOT NULL,
  `update_time` int(10) NOT NULL,
  PRIMARY KEY (`hotel_order_id`)
) ENGINE=InnoDB AUTO_INCREMENT=583 DEFAULT CHARSET=utf8 COMMENT='民宿订单表';

-- ----------------------------
-- Records of ot_hotel_order
-- ----------------------------
INSERT INTO `ot_hotel_order` VALUES ('406', '12143035', '19', null, '浪漫公主主题房', '/uploads/20170621/66409f8abd1086f8dc59fde820ae4f78.jpg', '1419.00', '1000.00', '419.00', '0.00', null, '0', null, '1503590400', '1503676800', '1501775458', '1501775458');
INSERT INTO `ot_hotel_order` VALUES ('407', '12143035', '19', null, '浪漫公主主题房', '/uploads/20170621/66409f8abd1086f8dc59fde820ae4f78.jpg', '1119.00', '700.00', '419.00', '0.00', null, '0', null, '1504713600', '1504800000', '1501776517', '1501776517');
INSERT INTO `ot_hotel_order` VALUES ('408', '12143015', '19', null, '浪漫公主主题房', '/uploads/20170621/66409f8abd1086f8dc59fde820ae4f78.jpg', '1000.00', '1000.00', '0.00', '0.00', null, '-1', null, '1503676800', '1503763200', '1501806454', '1501809319');
INSERT INTO `ot_hotel_order` VALUES ('409', '12143015', '20', null, '花舍电影坊', '/uploads/20170531/31dbfe3412c4169296aabfc929962189.jpg', '700.00', '500.00', '200.00', '0.00', null, '-1', null, '1504742400', '1504828800', '1501809963', '1501923682');
INSERT INTO `ot_hotel_order` VALUES ('410', '12143010', '21', null, '曼陀罗客栈曼达听涛', '/uploads/20170531/af7709516756721acd86f8631565d473.png', '700.00', '700.00', '0.00', '0.00', null, '-1', null, '1504051200', '1504137600', '1501899534', '1501914724');
INSERT INTO `ot_hotel_order` VALUES ('411', '12143010', '21', '28', '曼陀罗客栈曼达听涛', '/uploads/20170531/af7709516756721acd86f8631565d473.png', '780.00', '780.00', '0.00', '0.00', null, '0', null, '1501891200', '1501977600', '1501900850', '1501900850');
INSERT INTO `ot_hotel_order` VALUES ('412', '12143015', '19', null, '浪漫公主主题房', '/uploads/20170621/66409f8abd1086f8dc59fde820ae4f78.jpg', '641.00', '500.00', '141.00', '0.00', null, '0', null, '1507593600', '1507680000', '1502064606', '1502064606');
INSERT INTO `ot_hotel_order` VALUES ('413', '12143003', '24', null, '鸭川临水阁', '/uploads/20170606/bfd9e7d9be4ce3ae6bc91b3a20e1d34e.jpg', '4645.01', '2322.01', '2323.00', '0.00', null, '0', null, '1502985600', '1503072000', '1502091024', '1502091024');
INSERT INTO `ot_hotel_order` VALUES ('414', '12143035', '19', null, '浪漫公主主题房', '/uploads/20170621/66409f8abd1086f8dc59fde820ae4f78.jpg', '919.00', '500.00', '419.00', '0.00', null, '0', null, '1504195200', '1504281600', '1502091275', '1502091275');
INSERT INTO `ot_hotel_order` VALUES ('415', '12143035', '19', null, '浪漫公主主题房', '/uploads/20170621/66409f8abd1086f8dc59fde820ae4f78.jpg', '819.00', '400.00', '419.00', '0.00', null, '0', null, '1504281600', '1504368000', '1502091353', '1502091353');
INSERT INTO `ot_hotel_order` VALUES ('416', '12143035', '19', null, '浪漫公主主题房', '/uploads/20170621/66409f8abd1086f8dc59fde820ae4f78.jpg', '819.00', '400.00', '419.00', '0.00', null, '0', null, '1504368000', '1504454400', '1502091430', '1502091430');
INSERT INTO `ot_hotel_order` VALUES ('417', '12143035', '21', null, '曼陀罗客栈曼达听涛', '/uploads/20170531/af7709516756721acd86f8631565d473.png', '1819.00', '1400.00', '419.00', '0.00', null, '0', null, '1505232000', '1505318400', '1502112151', '1502112151');
INSERT INTO `ot_hotel_order` VALUES ('418', '12143035', '21', null, '曼陀罗客栈曼达听涛', '/uploads/20170531/af7709516756721acd86f8631565d473.png', '1400.00', '1400.00', '0.00', '0.00', null, '0', null, '1505318400', '1505404800', '1502112842', '1502112842');
INSERT INTO `ot_hotel_order` VALUES ('419', '12143035', '20', null, '花舍电影坊', '/uploads/20170531/31dbfe3412c4169296aabfc929962189.jpg', '1000.00', '1000.00', '0.00', '0.00', null, '0', null, '1502812800', '1502899200', '1502113021', '1502113021');
INSERT INTO `ot_hotel_order` VALUES ('420', '12143035', '21', null, '曼陀罗客栈曼达听涛', '/uploads/20170531/af7709516756721acd86f8631565d473.png', '1400.00', '1400.00', '0.00', '0.00', null, '0', null, '1504886400', '1504972800', '1502165134', '1502165134');
INSERT INTO `ot_hotel_order` VALUES ('421', '12143035', '19', null, '浪漫公主主题房', '/uploads/20170621/66409f8abd1086f8dc59fde820ae4f78.jpg', '1000.00', '1000.00', '0.00', '0.00', null, '0', null, '1506614400', '1506700800', '1502181000', '1502181000');
INSERT INTO `ot_hotel_order` VALUES ('422', '12143035', '24', null, '鸭川临水阁', '/uploads/20170606/bfd9e7d9be4ce3ae6bc91b3a20e1d34e.jpg', '1600.00', '1600.00', '0.00', '0.00', null, '0', null, '1504713600', '1504800000', '1502184585', '1502184585');
INSERT INTO `ot_hotel_order` VALUES ('423', '12143035', '24', null, '鸭川临水阁', '/uploads/20170606/bfd9e7d9be4ce3ae6bc91b3a20e1d34e.jpg', '1600.00', '1600.00', '0.00', '0.00', null, '0', null, '1502294400', '1502380800', '1502184651', '1502184651');
INSERT INTO `ot_hotel_order` VALUES ('424', '12143035', '19', null, '浪漫公主主题房', '/uploads/20170621/66409f8abd1086f8dc59fde820ae4f78.jpg', '225.00', '225.00', '0.00', '0.00', null, '0', null, '1502294400', '1502380800', '1502185023', '1502185023');
INSERT INTO `ot_hotel_order` VALUES ('425', '12143035', '19', null, '浪漫公主主题房', '/uploads/20170621/66409f8abd1086f8dc59fde820ae4f78.jpg', '200.00', '200.00', '0.00', '0.00', null, '0', null, '1502380800', '1502467200', '1502185121', '1502185121');
INSERT INTO `ot_hotel_order` VALUES ('426', '12143035', '20', null, '花舍电影坊', '/uploads/20170531/31dbfe3412c4169296aabfc929962189.jpg', '1000.00', '1000.00', '0.00', '0.00', null, '0', null, '1502899200', '1502985600', '1502186048', '1502186048');
INSERT INTO `ot_hotel_order` VALUES ('427', '12143035', '20', null, '花舍电影坊', '/uploads/20170531/31dbfe3412c4169296aabfc929962189.jpg', '1000.00', '1000.00', '0.00', '0.00', null, '0', null, '1502985600', '1503072000', '1502186359', '1502186359');
INSERT INTO `ot_hotel_order` VALUES ('428', '12143035', '20', null, '花舍电影坊', '/uploads/20170531/31dbfe3412c4169296aabfc929962189.jpg', '1000.00', '1000.00', '0.00', '0.00', null, '0', null, '1503331200', '1503417600', '1502186530', '1502186530');
INSERT INTO `ot_hotel_order` VALUES ('429', '12143035', '20', null, '花舍电影坊', '/uploads/20170531/31dbfe3412c4169296aabfc929962189.jpg', '1000.00', '1000.00', '0.00', '0.00', null, '0', null, '1502640000', '1502726400', '1502186944', '1502186944');
INSERT INTO `ot_hotel_order` VALUES ('430', '12143035', '20', null, '花舍电影坊', '/uploads/20170531/31dbfe3412c4169296aabfc929962189.jpg', '1000.00', '1000.00', '0.00', '0.00', null, '4', null, '1504800000', '1504886400', '1502187061', '1505180132');
INSERT INTO `ot_hotel_order` VALUES ('431', '12143024', '19', null, '浪漫公主主题房', '/uploads/20170621/66409f8abd1086f8dc59fde820ae4f78.jpg', '100.00', '100.00', '0.00', '0.00', null, '4', null, '1502582400', '1502668800', '1502271755', '1503021835');
INSERT INTO `ot_hotel_order` VALUES ('432', '12143024', '20', '27', '花舍电影坊', '/uploads/20170531/31dbfe3412c4169296aabfc929962189.jpg', '350.00', '330.00', '20.00', '0.00', null, '-1', null, '1502841600', '1502928000', '1502272780', '1502272828');
INSERT INTO `ot_hotel_order` VALUES ('433', '12143046', '21', null, '曼陀罗客栈曼达听涛', '/uploads/20170531/af7709516756721acd86f8631565d473.png', '700.00', '700.00', '0.00', '0.00', null, '0', null, '1505433600', '1505520000', '1502774742', '1502774742');
INSERT INTO `ot_hotel_order` VALUES ('434', '12143015', '19', '25', '浪漫公主主题房', '/uploads/20170621/66409f8abd1086f8dc59fde820ae4f78.jpg', '400.00', '400.00', '0.00', '0.00', null, '4', null, '1504224000', '1504310400', '1502778894', '1505180133');
INSERT INTO `ot_hotel_order` VALUES ('435', '12143009', '24', null, '鸭川临水阁', '/uploads/20170606/bfd9e7d9be4ce3ae6bc91b3a20e1d34e.jpg', '1741.00', '1600.00', '141.00', '0.00', null, '-1', null, '1503360000', '1503532800', '1503021350', '1504181540');
INSERT INTO `ot_hotel_order` VALUES ('436', '12143049', '19', null, '浪漫公主主题房', '/uploads/20170621/66409f8abd1086f8dc59fde820ae4f78.jpg', '1500.00', '1500.00', '0.00', '0.00', null, '-1', null, '1505001600', '1505260800', '1503023038', '1503023320');
INSERT INTO `ot_hotel_order` VALUES ('437', '12143027', '21', null, '曼陀罗客栈曼达听涛', '/uploads/20170531/af7709516756721acd86f8631565d473.png', '700.00', '700.00', '0.00', '0.00', null, '1', null, '1507075200', '1507161600', '1503287153', '1503287159');
INSERT INTO `ot_hotel_order` VALUES ('438', '12143009', '24', null, '鸭川临水阁', '/uploads/20170606/bfd9e7d9be4ce3ae6bc91b3a20e1d34e.jpg', '1600.00', '1600.00', '0.00', '0.00', null, '-1', null, '1503504000', '1503590400', '1503302816', '1504181537');
INSERT INTO `ot_hotel_order` VALUES ('439', '12143049', '24', null, '鸭川临水阁', '/uploads/20170606/bfd9e7d9be4ce3ae6bc91b3a20e1d34e.jpg', '802.00', '800.00', '2.00', '0.00', null, '-1', null, '1508457600', '1508544000', '1503473871', '1503882962');
INSERT INTO `ot_hotel_order` VALUES ('440', '12143049', '21', null, '曼陀罗客栈曼达听涛', '/uploads/20170531/af7709516756721acd86f8631565d473.png', '703.00', '700.00', '3.00', '0.00', null, '5', null, '1505779200', '1505865600', '1503886784', '1503888391');
INSERT INTO `ot_hotel_order` VALUES ('441', '12143027', '21', null, '曼陀罗客栈曼达听涛', '/uploads/20170531/af7709516756721acd86f8631565d473.png', '840.00', '700.00', '140.00', '0.00', null, '0', null, '1505865600', '1505952000', '1504492975', '1504492975');
INSERT INTO `ot_hotel_order` VALUES ('442', '12143027', '21', null, '曼陀罗客栈曼达听涛', '/uploads/20170531/af7709516756721acd86f8631565d473.png', '700.00', '700.00', '0.00', '0.00', null, '1', null, '1505952000', '1506038400', '1504492991', '1504492995');
INSERT INTO `ot_hotel_order` VALUES ('443', '12143018', '24', null, '鸭川临水阁', '/uploads/20170606/bfd9e7d9be4ce3ae6bc91b3a20e1d34e.jpg', '4645.01', '2322.01', '2323.00', '0.00', null, '0', null, '1499951200', '1499957600', '1504507477', '1504507477');
INSERT INTO `ot_hotel_order` VALUES ('444', '12143049', '24', null, '鸭川临水阁', '/uploads/20170606/bfd9e7d9be4ce3ae6bc91b3a20e1d34e.jpg', '850.00', '800.00', '50.00', '0.00', null, '-1', null, '1506787200', '1507305600', '1504517091', '1504666315');
INSERT INTO `ot_hotel_order` VALUES ('445', '12143049', '21', null, '曼陀罗客栈曼达听涛', '/uploads/20170531/af7709516756721acd86f8631565d473.png', '790.00', '700.00', '90.00', '0.00', null, '-1', null, '1505001600', '1505088000', '1504517246', '1504666318');
INSERT INTO `ot_hotel_order` VALUES ('446', '12143049', '24', null, '鸭川临水阁', '/uploads/20170606/bfd9e7d9be4ce3ae6bc91b3a20e1d34e.jpg', '850.00', '800.00', '50.00', '0.00', null, '-1', null, '1507392000', '1507478400', '1504518887', '1504666320');
INSERT INTO `ot_hotel_order` VALUES ('447', '12143049', '24', null, '鸭川临水阁', '/uploads/20170606/bfd9e7d9be4ce3ae6bc91b3a20e1d34e.jpg', '850.00', '800.00', '50.00', '0.00', null, '-1', null, '1507564800', '1507651200', '1504519021', '1504666322');
INSERT INTO `ot_hotel_order` VALUES ('448', '12143049', '24', null, '鸭川临水阁', '/uploads/20170606/bfd9e7d9be4ce3ae6bc91b3a20e1d34e.jpg', '850.00', '800.00', '50.00', '0.00', null, '-1', null, '1507651200', '1507737600', '1504519074', '1504666324');
INSERT INTO `ot_hotel_order` VALUES ('449', '12143049', '24', null, '鸭川临水阁', '/uploads/20170606/bfd9e7d9be4ce3ae6bc91b3a20e1d34e.jpg', '850.00', '800.00', '50.00', '0.00', null, '-1', null, '1507824000', '1507910400', '1504519289', '1504666326');
INSERT INTO `ot_hotel_order` VALUES ('450', '12143049', '24', null, '鸭川临水阁', '/uploads/20170606/bfd9e7d9be4ce3ae6bc91b3a20e1d34e.jpg', '850.00', '800.00', '50.00', '0.00', null, '-1', null, '1507996800', '1508083200', '1504519461', '1504860621');
INSERT INTO `ot_hotel_order` VALUES ('451', '12143049', '24', null, '鸭川临水阁', '/uploads/20170606/bfd9e7d9be4ce3ae6bc91b3a20e1d34e.jpg', '850.00', '800.00', '50.00', '0.00', null, '-1', null, '1508774400', '1509033600', '1504556829', '1504666332');
INSERT INTO `ot_hotel_order` VALUES ('452', '12143049', '24', '31', '鸭川临水阁', '/uploads/20170606/bfd9e7d9be4ce3ae6bc91b3a20e1d34e.jpg', '850.00', '800.00', '50.00', '0.00', null, '-1', null, '1510243200', '1510329600', '1504584446', '1504666333');
INSERT INTO `ot_hotel_order` VALUES ('453', '12143049', '21', '29', '曼陀罗客栈曼达听涛', '/uploads/20170531/af7709516756721acd86f8631565d473.png', '880.00', '880.00', '0.00', '0.00', null, '4', null, '1504656000', '1504742400', '1504663462', '1504743786');
INSERT INTO `ot_hotel_order` VALUES ('454', '12143100', '24', null, '鸭川临水阁', '/uploads/20170606/bfd9e7d9be4ce3ae6bc91b3a20e1d34e.jpg', '850.00', '800.00', '50.00', '0.00', null, '0', null, '1505836800', '1505923200', '1504665455', '1504665455');
INSERT INTO `ot_hotel_order` VALUES ('455', '12143100', '24', null, '鸭川临水阁', '/uploads/20170606/bfd9e7d9be4ce3ae6bc91b3a20e1d34e.jpg', '850.00', '800.00', '50.00', '0.00', null, '0', null, '1506441600', '1506528000', '1504665542', '1504665542');
INSERT INTO `ot_hotel_order` VALUES ('456', '12143100', '24', null, '鸭川临水阁', '/uploads/20170606/bfd9e7d9be4ce3ae6bc91b3a20e1d34e.jpg', '850.00', '800.00', '50.00', '0.00', null, '0', null, '1512057600', '1512144000', '1504665615', '1504665615');
INSERT INTO `ot_hotel_order` VALUES ('457', '12143100', '24', null, '鸭川临水阁', '/uploads/20170606/bfd9e7d9be4ce3ae6bc91b3a20e1d34e.jpg', '850.00', '800.00', '50.00', '0.00', null, '1', null, '1509292800', '1509379200', '1504665672', '1504665683');
INSERT INTO `ot_hotel_order` VALUES ('458', '12143100', '24', null, '鸭川临水阁', '/uploads/20170606/bfd9e7d9be4ce3ae6bc91b3a20e1d34e.jpg', '850.00', '800.00', '50.00', '0.00', null, '1', null, '1506614400', '1506700800', '1504665959', '1504665967');
INSERT INTO `ot_hotel_order` VALUES ('459', '12143100', '20', null, '花舍电影坊', '/uploads/20170531/31dbfe3412c4169296aabfc929962189.jpg', '550.00', '500.00', '50.00', '0.00', null, '1', null, '1510329600', '1510416000', '1504666078', '1504666085');
INSERT INTO `ot_hotel_order` VALUES ('460', '12143049', '21', null, '曼陀罗客栈曼达听涛', '/uploads/20170531/af7709516756721acd86f8631565d473.png', '700.00', '700.00', '0.00', '0.00', null, '-1', null, '1505088000', '1505174400', '1504666249', '1504859635');
INSERT INTO `ot_hotel_order` VALUES ('461', '12143100', '21', null, '曼陀罗客栈曼达听涛', '/uploads/20170531/af7709516756721acd86f8631565d473.png', '750.00', '700.00', '50.00', '0.00', null, '1', null, '1507996800', '1508083200', '1504666474', '1504666483');
INSERT INTO `ot_hotel_order` VALUES ('462', '12143107', '19', null, '浪漫公主主题房', '/uploads/20170621/66409f8abd1086f8dc59fde820ae4f78.jpg', '100.00', '100.00', '0.00', '0.00', null, '0', null, '1504828800', '1504915200', '1504852475', '1504852475');
INSERT INTO `ot_hotel_order` VALUES ('463', '12143049', '24', null, '鸭川临水阁', '/uploads/20170606/bfd9e7d9be4ce3ae6bc91b3a20e1d34e.jpg', '850.00', '800.00', '50.00', '0.00', null, '-1', null, '1510156800', '1510243200', '1504860761', '1504860799');
INSERT INTO `ot_hotel_order` VALUES ('464', '12143049', '21', null, '曼陀罗客栈曼达听涛', '/uploads/20170531/af7709516756721acd86f8631565d473.png', '750.00', '700.00', '50.00', '0.00', null, '-1', null, '1505664000', '1505750400', '1504861143', '1504861334');
INSERT INTO `ot_hotel_order` VALUES ('465', '12143049', '24', null, '鸭川临水阁', '/uploads/20170606/bfd9e7d9be4ce3ae6bc91b3a20e1d34e.jpg', '850.00', '800.00', '50.00', '0.00', null, '4', null, '1505059200', '1505145600', '1504861355', '1505467227');
INSERT INTO `ot_hotel_order` VALUES ('466', '12143027', '20', null, '花舍电影坊', '/uploads/20170531/31dbfe3412c4169296aabfc929962189.jpg', '1140.00', '1000.00', '140.00', '0.00', null, '4', null, '1505174400', '1505347200', '1505178236', '1505350365');
INSERT INTO `ot_hotel_order` VALUES ('467', '12143027', '21', null, '曼陀罗客栈曼达听涛', '/uploads/20170531/af7709516756721acd86f8631565d473.png', '1400.00', '1400.00', '0.00', '0.00', null, '0', null, '1506384000', '1506556800', '1505347386', '1505347386');
INSERT INTO `ot_hotel_order` VALUES ('468', '12143118', '24', '31', '鸭川临水阁', '/uploads/20170606/bfd9e7d9be4ce3ae6bc91b3a20e1d34e.jpg', '1088.00', '1087.00', '1.00', '0.00', null, '4', null, '1505347200', '1505433600', '1505350293', '1505435974');
INSERT INTO `ot_hotel_order` VALUES ('469', '12143118', '21', '29', '曼陀罗客栈曼达听涛', '/uploads/20170531/af7709516756721acd86f8631565d473.png', '880.00', '662.00', '218.00', '0.00', null, '-1', null, '1505347200', '1505433600', '1505372787', '1505372960');
INSERT INTO `ot_hotel_order` VALUES ('470', '12143018', '24', '31', '鸭川临水阁', '/uploads/20170606/bfd9e7d9be4ce3ae6bc91b3a20e1d34e.jpg', '4645.01', '2322.01', '2323.00', '0.00', null, '0', null, '1499731200', '1499817600', '1505373507', '1505373507');
INSERT INTO `ot_hotel_order` VALUES ('471', '12143118', '21', '28', '曼陀罗客栈曼达听涛', '/uploads/20170531/af7709516756721acd86f8631565d473.png', '780.00', '780.00', '0.00', '0.00', null, '4', null, '1505347200', '1505433600', '1505374276', '1505435959');
INSERT INTO `ot_hotel_order` VALUES ('472', '12143118', '21', null, '曼陀罗客栈曼达听涛', '/uploads/20170531/af7709516756721acd86f8631565d473.png', '856.00', '700.00', '156.00', '0.00', null, '0', null, '1506038400', '1506124800', '1505374383', '1505374383');
INSERT INTO `ot_hotel_order` VALUES ('473', '12143118', '21', '28', '曼陀罗客栈曼达听涛', '/uploads/20170531/af7709516756721acd86f8631565d473.png', '780.00', '780.00', '0.00', '0.00', null, '0', null, '1505433600', '1505520000', '1505379819', '1505379819');
INSERT INTO `ot_hotel_order` VALUES ('474', '12143118', '21', '28', '曼陀罗客栈曼达听涛', '/uploads/20170531/af7709516756721acd86f8631565d473.png', '780.00', '780.00', '0.00', '0.00', null, '0', null, '1505520000', '1505606400', '1505379913', '1505379913');
INSERT INTO `ot_hotel_order` VALUES ('475', '12143118', '21', '29', '曼陀罗客栈曼达听涛', '/uploads/20170531/af7709516756721acd86f8631565d473.png', '880.00', '880.00', '0.00', '0.00', null, '4', null, '1505433600', '1505520000', '1505380017', '1505701149');
INSERT INTO `ot_hotel_order` VALUES ('476', '12143118', '19', '24', '浪漫公主主题房', '/uploads/20170621/66409f8abd1086f8dc59fde820ae4f78.jpg', '500.00', '324.00', '176.00', '0.00', null, '-1', null, '1505347200', '1505433600', '1505380181', '1505435971');
INSERT INTO `ot_hotel_order` VALUES ('477', '12143018', '20', '27', '花舍电影坊', '/uploads/20170531/31dbfe3412c4169296aabfc929962189.jpg', '4645.01', '2322.01', '2323.00', '0.00', null, '0', null, '1499731200', '1499817600', '1505380536', '1505380536');
INSERT INTO `ot_hotel_order` VALUES ('478', '12143118', '20', '26', '花舍电影坊', '/uploads/20170531/31dbfe3412c4169296aabfc929962189.jpg', '500.00', '500.00', '0.00', '0.00', null, '0', null, '1505347200', '1505433600', '1505380819', '1505380819');
INSERT INTO `ot_hotel_order` VALUES ('479', '12143118', '21', '29', '曼陀罗客栈曼达听涛', '/uploads/20170531/af7709516756721acd86f8631565d473.png', '880.00', '880.00', '0.00', '0.00', null, '1', null, '1507680000', '1507766400', '1505381523', '1505381545');
INSERT INTO `ot_hotel_order` VALUES ('480', '12143118', '21', '29', '曼陀罗客栈曼达听涛', '/uploads/20170531/af7709516756721acd86f8631565d473.png', '880.00', '704.00', '176.00', '0.00', null, '0', null, '1506038400', '1506124800', '1505381576', '1505381576');
INSERT INTO `ot_hotel_order` VALUES ('481', '12143118', '24', '30', '鸭川临水阁', '/uploads/20170606/bfd9e7d9be4ce3ae6bc91b3a20e1d34e.jpg', '650.00', '650.00', '0.00', '0.00', null, '1', null, '1506816000', '1506902400', '1505381646', '1505381683');
INSERT INTO `ot_hotel_order` VALUES ('482', '12143118', '21', '29', '曼陀罗客栈曼达听涛', '/uploads/20170531/af7709516756721acd86f8631565d473.png', '880.00', '750.00', '130.00', '0.00', null, '1', null, '1506297600', '1506384000', '1505381742', '1505381767');
INSERT INTO `ot_hotel_order` VALUES ('483', '12143118', '19', '25', '浪漫公主主题房', '/uploads/20170621/66409f8abd1086f8dc59fde820ae4f78.jpg', '400.00', '224.00', '176.00', '0.00', null, '1', null, '1506556800', '1506643200', '1505382121', '1505382144');
INSERT INTO `ot_hotel_order` VALUES ('484', '12143118', '19', '25', '浪漫公主主题房', '/uploads/20170621/66409f8abd1086f8dc59fde820ae4f78.jpg', '400.00', '320.00', '80.00', '0.00', null, '1', null, '1506038400', '1506124800', '1505382375', '1505382395');
INSERT INTO `ot_hotel_order` VALUES ('485', '12143118', '24', '31', '鸭川临水阁', '/uploads/20170606/bfd9e7d9be4ce3ae6bc91b3a20e1d34e.jpg', '1088.00', '1008.00', '80.00', '0.00', null, '1', null, '1509494400', '1509580800', '1505382719', '1505382725');
INSERT INTO `ot_hotel_order` VALUES ('486', '12143118', '19', '25', '浪漫公主主题房', '/uploads/20170621/66409f8abd1086f8dc59fde820ae4f78.jpg', '312.00', '232.00', '80.00', '0.00', null, '1', null, '1505865600', '1505952000', '1505383246', '1505383267');
INSERT INTO `ot_hotel_order` VALUES ('487', '12143118', '19', '25', '浪漫公主主题房', '/uploads/20170621/66409f8abd1086f8dc59fde820ae4f78.jpg', '400.00', '320.00', '80.00', '0.00', null, '-1', null, '1505692800', '1505779200', '1505383565', '1505435966');
INSERT INTO `ot_hotel_order` VALUES ('488', '12143118', '20', '27', '花舍电影坊', '/uploads/20170531/31dbfe3412c4169296aabfc929962189.jpg', '350.00', '150.00', '200.00', '0.00', null, '-1', null, '1505606400', '1505692800', '1505383741', '1505435964');
INSERT INTO `ot_hotel_order` VALUES ('489', '12143118', '20', '27', '花舍电影坊', '/uploads/20170531/31dbfe3412c4169296aabfc929962189.jpg', '350.00', '150.00', '200.00', '0.00', null, '-1', null, '1505779200', '1505865600', '1505384103', '1505435962');
INSERT INTO `ot_hotel_order` VALUES ('490', '12143118', '21', '28', '曼陀罗客栈曼达听涛', '/uploads/20170531/af7709516756721acd86f8631565d473.png', '780.00', '780.00', '0.00', '0.00', null, '-1', null, '1505606400', '1505692800', '1505435932', '1505435960');
INSERT INTO `ot_hotel_order` VALUES ('491', '12143118', '21', '28', '曼陀罗客栈曼达听涛', '/uploads/20170531/af7709516756721acd86f8631565d473.png', '780.00', '780.00', '0.00', '0.00', null, '0', null, '1517443200', '1517529600', '1505436032', '1505436032');
INSERT INTO `ot_hotel_order` VALUES ('492', '12143118', '21', '29', '曼陀罗客栈曼达听涛', '/uploads/20170531/af7709516756721acd86f8631565d473.png', '880.00', '880.00', '0.00', '0.00', null, '0', null, '1518048000', '1518134400', '1505436150', '1505436150');
INSERT INTO `ot_hotel_order` VALUES ('493', '12143118', '24', '31', '鸭川临水阁', '/uploads/20170606/bfd9e7d9be4ce3ae6bc91b3a20e1d34e.jpg', '1088.00', '1088.00', '0.00', '0.00', null, '1', null, '1512345600', '1512432000', '1505436310', '1505436318');
INSERT INTO `ot_hotel_order` VALUES ('494', '12143118', '21', '28', '曼陀罗客栈曼达听涛', '/uploads/20170531/af7709516756721acd86f8631565d473.png', '780.00', '623.00', '157.00', '0.00', null, '1', null, '1516752000', '1516838400', '1505436345', '1505436364');
INSERT INTO `ot_hotel_order` VALUES ('495', '12143118', '21', '28', '曼陀罗客栈曼达听涛', '/uploads/20170531/af7709516756721acd86f8631565d473.png', '780.00', '624.00', '156.00', '0.00', null, '2', null, '1505692800', '1505779200', '1505443008', '1505701147');
INSERT INTO `ot_hotel_order` VALUES ('496', '12143118', '21', '28', '曼陀罗客栈曼达听涛', '/uploads/20170531/af7709516756721acd86f8631565d473.png', '780.00', '624.00', '156.00', '0.00', null, '1', null, '1505865600', '1505952000', '1505443215', '1505443247');
INSERT INTO `ot_hotel_order` VALUES ('497', '12143118', '21', '28', '曼陀罗客栈曼达听涛', '/uploads/20170531/af7709516756721acd86f8631565d473.png', '780.00', '624.00', '156.00', '0.00', null, '0', null, '1505952000', '1506038400', '1505443421', '1505443421');
INSERT INTO `ot_hotel_order` VALUES ('498', '12143118', '24', '31', '鸭川临水阁', '/uploads/20170606/bfd9e7d9be4ce3ae6bc91b3a20e1d34e.jpg', '1088.00', '1088.00', '0.00', '0.00', null, '0', null, '1513814400', '1513900800', '1505443568', '1505443568');
INSERT INTO `ot_hotel_order` VALUES ('499', '12143118', '24', '31', '鸭川临水阁', '/uploads/20170606/bfd9e7d9be4ce3ae6bc91b3a20e1d34e.jpg', '1088.00', '1088.00', '0.00', '0.00', null, '1', null, '1514764800', '1514851200', '1505443707', '1505443729');
INSERT INTO `ot_hotel_order` VALUES ('500', '12143118', '19', '25', '浪漫公主主题房', '/uploads/20170621/66409f8abd1086f8dc59fde820ae4f78.jpg', '400.00', '182.00', '218.00', '0.00', null, '0', null, '1509840000', '1509926400', '1505443810', '1505443810');
INSERT INTO `ot_hotel_order` VALUES ('501', '12143118', '20', '26', '花舍电影坊', '/uploads/20170531/31dbfe3412c4169296aabfc929962189.jpg', '500.00', '500.00', '0.00', '0.00', null, '0', null, '1508889600', '1508976000', '1505443871', '1505443871');
INSERT INTO `ot_hotel_order` VALUES ('502', '12143118', '19', '25', '浪漫公主主题房', '/uploads/20170621/66409f8abd1086f8dc59fde820ae4f78.jpg', '400.00', '400.00', '0.00', '0.00', null, '0', null, '1508803200', '1508889600', '1505443935', '1505443935');
INSERT INTO `ot_hotel_order` VALUES ('503', '12143118', '21', '29', '曼陀罗客栈曼达听涛', '/uploads/20170531/af7709516756721acd86f8631565d473.png', '880.00', '880.00', '0.00', '0.00', null, '0', null, '1519603200', '1519689600', '1505444019', '1505444019');
INSERT INTO `ot_hotel_order` VALUES ('504', '12143118', '21', '28', '曼陀罗客栈曼达听涛', '/uploads/20170531/af7709516756721acd86f8631565d473.png', '780.00', '780.00', '0.00', '0.00', null, '0', null, '1506038400', '1506124800', '1505444175', '1505444175');
INSERT INTO `ot_hotel_order` VALUES ('505', '12143118', '21', '28', '曼陀罗客栈曼达听涛', '/uploads/20170531/af7709516756721acd86f8631565d473.png', '780.00', '780.00', '0.00', '0.00', null, '0', null, '1506124800', '1506211200', '1505445843', '1505445843');
INSERT INTO `ot_hotel_order` VALUES ('506', '12143118', '21', '28', '曼陀罗客栈曼达听涛', '/uploads/20170531/af7709516756721acd86f8631565d473.png', '780.00', '780.00', '0.00', '0.00', null, '0', null, '1510617600', '1510704000', '1505446648', '1505446648');
INSERT INTO `ot_hotel_order` VALUES ('507', '12143118', '21', '28', '曼陀罗客栈曼达听涛', '/uploads/20170531/af7709516756721acd86f8631565d473.png', '780.00', '780.00', '0.00', '0.00', null, '0', null, '1506384000', '1506470400', '1505447741', '1505447741');
INSERT INTO `ot_hotel_order` VALUES ('508', '12143118', '20', '27', '花舍电影坊', '/uploads/20170531/31dbfe3412c4169296aabfc929962189.jpg', '350.00', '350.00', '0.00', '0.00', null, '1', null, '1508976000', '1509062400', '1505448405', '1505448429');
INSERT INTO `ot_hotel_order` VALUES ('509', '12143118', '20', null, '花舍电影坊', '/uploads/20170531/31dbfe3412c4169296aabfc929962189.jpg', '570.00', '500.00', '70.00', '0.00', null, '0', null, '1505433600', '1505520000', '1505455529', '1505455529');
INSERT INTO `ot_hotel_order` VALUES ('510', '12143118', '20', null, '花舍电影坊', '/uploads/20170531/31dbfe3412c4169296aabfc929962189.jpg', '570.00', '500.00', '70.00', '0.00', null, '1', null, '1505865600', '1505952000', '1505455592', '1505455623');
INSERT INTO `ot_hotel_order` VALUES ('511', '12143118', '20', null, '花舍电影坊', '/uploads/20170531/31dbfe3412c4169296aabfc929962189.jpg', '544.00', '500.00', '44.00', '0.00', null, '1', null, '1505952000', '1506038400', '1505456954', '1505456960');
INSERT INTO `ot_hotel_order` VALUES ('512', '12143118', '21', null, '曼陀罗客栈曼达听涛', '/uploads/20170531/af7709516756721acd86f8631565d473.png', '809.00', '700.00', '109.00', '0.00', null, '1', null, '1507161600', '1507248000', '1505458866', '1505458872');
INSERT INTO `ot_hotel_order` VALUES ('513', '12143118', '21', '28', '曼陀罗客栈曼达听涛', '/uploads/20170531/af7709516756721acd86f8631565d473.png', '780.00', '618.00', '162.00', '0.00', null, '1', null, '1506211200', '1506297600', '1505459191', '1505459213');
INSERT INTO `ot_hotel_order` VALUES ('514', '12143118', '21', '28', '曼陀罗客栈曼达听涛', '/uploads/20170531/af7709516756721acd86f8631565d473.png', '780.00', '624.00', '156.00', '0.00', null, '0', null, '1506470400', '1506556800', '1505461468', '1505461468');
INSERT INTO `ot_hotel_order` VALUES ('515', '12143118', '21', '28', '曼陀罗客栈曼达听涛', '/uploads/20170531/af7709516756721acd86f8631565d473.png', '780.00', '780.00', '0.00', '0.00', null, '0', null, '1506556800', '1506643200', '1505461555', '1505461555');
INSERT INTO `ot_hotel_order` VALUES ('516', '12143118', '19', '24', '浪漫公主主题房', '/uploads/20170621/66409f8abd1086f8dc59fde820ae4f78.jpg', '500.00', '500.00', '0.00', '0.00', null, '0', null, '1505433600', '1505520000', '1505461621', '1505461621');
INSERT INTO `ot_hotel_order` VALUES ('517', '12143118', '19', '24', '浪漫公主主题房', '/uploads/20170621/66409f8abd1086f8dc59fde820ae4f78.jpg', '500.00', '500.00', '0.00', '0.00', null, '0', null, '1505520000', '1505606400', '1505462541', '1505462541');
INSERT INTO `ot_hotel_order` VALUES ('518', '12143118', '21', '28', '曼陀罗客栈曼达听涛', '/uploads/20170531/af7709516756721acd86f8631565d473.png', '780.00', '780.00', '0.00', '0.00', null, '0', null, '1506643200', '1506729600', '1505462615', '1505462615');
INSERT INTO `ot_hotel_order` VALUES ('519', '12143118', '20', '27', '花舍电影坊', '/uploads/20170531/31dbfe3412c4169296aabfc929962189.jpg', '350.00', '350.00', '0.00', '0.00', null, '0', null, '1505865600', '1505952000', '1505463637', '1505463637');
INSERT INTO `ot_hotel_order` VALUES ('520', '12143118', '20', '26', '花舍电影坊', '/uploads/20170531/31dbfe3412c4169296aabfc929962189.jpg', '500.00', '500.00', '0.00', '0.00', null, '4', null, '1505433600', '1505520000', '1505464199', '1505699249');
INSERT INTO `ot_hotel_order` VALUES ('521', '12143118', '20', '26', '花舍电影坊', '/uploads/20170531/31dbfe3412c4169296aabfc929962189.jpg', '500.00', '400.00', '100.00', '0.00', null, '4', null, '1505520000', '1505606400', '1505464355', '1505699249');
INSERT INTO `ot_hotel_order` VALUES ('522', '12143118', '20', '27', '花舍电影坊', '/uploads/20170531/31dbfe3412c4169296aabfc929962189.jpg', '350.00', '250.00', '100.00', '0.00', null, '0', null, '1505952000', '1506038400', '1505467101', '1505467101');
INSERT INTO `ot_hotel_order` VALUES ('523', '12143118', '20', '26', '花舍电影坊', '/uploads/20170531/31dbfe3412c4169296aabfc929962189.jpg', '500.00', '500.00', '0.00', '0.00', null, '0', null, '1505606400', '1505692800', '1505467137', '1505467137');
INSERT INTO `ot_hotel_order` VALUES ('524', '12143118', '20', '26', '花舍电影坊', '/uploads/20170531/31dbfe3412c4169296aabfc929962189.jpg', '500.00', '500.00', '0.00', '0.00', null, '0', null, '1505692800', '1505779200', '1505467185', '1505467185');
INSERT INTO `ot_hotel_order` VALUES ('525', '12143118', '21', '28', '曼陀罗客栈曼达听涛', '/uploads/20170531/af7709516756721acd86f8631565d473.png', '780.00', '780.00', '0.00', '0.00', null, '1', null, '1506729600', '1506816000', '1505467272', '1505467322');
INSERT INTO `ot_hotel_order` VALUES ('526', '12143049', '21', '28', '曼陀罗客栈曼达听涛', '/uploads/20170531/af7709516756721acd86f8631565d473.png', '780.00', '619.00', '161.00', '0.00', null, '1', null, '1507075200', '1507161600', '1505694038', '1505694047');
INSERT INTO `ot_hotel_order` VALUES ('527', '12143049', '19', '24', '浪漫公主主题房', '/uploads/20170621/66409f8abd1086f8dc59fde820ae4f78.jpg', '550.00', '500.00', '50.00', '0.00', null, '1', null, '1505923200', '1506009600', '1505694060', '1505694066');
INSERT INTO `ot_hotel_order` VALUES ('528', '12143049', '19', '24', '浪漫公主主题房', '/uploads/20170621/66409f8abd1086f8dc59fde820ae4f78.jpg', '550.00', '500.00', '50.00', '0.00', null, '1', null, '1506441600', '1506528000', '1505694158', '1505694175');
INSERT INTO `ot_hotel_order` VALUES ('529', '12143049', '24', null, '鸭川临水阁', '/uploads/20170606/bfd9e7d9be4ce3ae6bc91b3a20e1d34e.jpg', '850.00', '800.00', '50.00', '0.00', null, '1', null, '1515081600', '1515168000', '1505694406', '1505694415');
INSERT INTO `ot_hotel_order` VALUES ('530', '12143049', '24', null, '鸭川临水阁', '/uploads/20170606/bfd9e7d9be4ce3ae6bc91b3a20e1d34e.jpg', '850.00', '800.00', '50.00', '0.00', null, '1', null, '1515168000', '1515254400', '1505694623', '1505694630');
INSERT INTO `ot_hotel_order` VALUES ('531', '12143049', '24', null, '鸭川临水阁', '/uploads/20170606/bfd9e7d9be4ce3ae6bc91b3a20e1d34e.jpg', '850.00', '800.00', '50.00', '0.00', null, '1', null, '1515254400', '1515340800', '1505694739', '1505694745');
INSERT INTO `ot_hotel_order` VALUES ('532', '12143049', '24', null, '鸭川临水阁', '/uploads/20170606/bfd9e7d9be4ce3ae6bc91b3a20e1d34e.jpg', '850.00', '800.00', '50.00', '0.00', null, '1', null, '1515340800', '1515427200', '1505694881', '1505694887');
INSERT INTO `ot_hotel_order` VALUES ('533', '12143049', '24', null, '鸭川临水阁', '/uploads/20170606/bfd9e7d9be4ce3ae6bc91b3a20e1d34e.jpg', '850.00', '800.00', '50.00', '0.00', null, '1', null, '1515427200', '1515513600', '1505694960', '1505694970');
INSERT INTO `ot_hotel_order` VALUES ('534', '12143049', '24', null, '鸭川临水阁', '/uploads/20170606/bfd9e7d9be4ce3ae6bc91b3a20e1d34e.jpg', '850.00', '800.00', '50.00', '0.00', null, '1', null, '1515513600', '1515600000', '1505695094', '1505695118');
INSERT INTO `ot_hotel_order` VALUES ('535', '12143049', '24', null, '鸭川临水阁', '/uploads/20170606/bfd9e7d9be4ce3ae6bc91b3a20e1d34e.jpg', '850.00', '800.00', '50.00', '0.00', null, '1', null, '1515686400', '1515772800', '1505696091', '1505696097');
INSERT INTO `ot_hotel_order` VALUES ('536', '12143049', '24', null, '鸭川临水阁', '/uploads/20170606/bfd9e7d9be4ce3ae6bc91b3a20e1d34e.jpg', '850.00', '800.00', '50.00', '0.00', null, '1', null, '1515859200', '1515945600', '1505696702', '1505696708');
INSERT INTO `ot_hotel_order` VALUES ('537', '12143049', '24', null, '鸭川临水阁', '/uploads/20170606/bfd9e7d9be4ce3ae6bc91b3a20e1d34e.jpg', '850.00', '800.00', '50.00', '0.00', null, '-1', null, '1516032000', '1516118400', '1505697519', '1505720202');
INSERT INTO `ot_hotel_order` VALUES ('538', '12143049', '24', null, '鸭川临水阁', '/uploads/20170606/bfd9e7d9be4ce3ae6bc91b3a20e1d34e.jpg', '850.00', '800.00', '50.00', '0.00', null, '-1', null, '1514390400', '1514476800', '1505697564', '1505720198');
INSERT INTO `ot_hotel_order` VALUES ('539', '12143049', '21', null, '曼陀罗客栈曼达听涛', '/uploads/20170531/af7709516756721acd86f8631565d473.png', '750.00', '700.00', '50.00', '0.00', null, '-1', null, '1516032000', '1516118400', '1505697617', '1505720195');
INSERT INTO `ot_hotel_order` VALUES ('540', '12143049', '19', null, '浪漫公主主题房', '/uploads/20170621/66409f8abd1086f8dc59fde820ae4f78.jpg', '550.00', '500.00', '50.00', '0.00', null, '-1', null, '1518537600', '1518624000', '1505697825', '1505720194');
INSERT INTO `ot_hotel_order` VALUES ('541', '12143049', '19', null, '浪漫公主主题房', '/uploads/20170621/66409f8abd1086f8dc59fde820ae4f78.jpg', '550.00', '500.00', '50.00', '0.00', null, '-1', null, '1509465600', '1509552000', '1505698236', '1505720193');
INSERT INTO `ot_hotel_order` VALUES ('542', '12143049', '24', null, '鸭川临水阁', '/uploads/20170606/bfd9e7d9be4ce3ae6bc91b3a20e1d34e.jpg', '850.00', '800.00', '50.00', '0.00', null, '-1', null, '1509638400', '1509724800', '1505698881', '1505720191');
INSERT INTO `ot_hotel_order` VALUES ('543', '12143118', '19', '24', '浪漫公主主题房', '/uploads/20170621/66409f8abd1086f8dc59fde820ae4f78.jpg', '500.00', '344.00', '156.00', '0.00', null, '2', null, '1505692800', '1505779200', '1505699031', '1505701144');
INSERT INTO `ot_hotel_order` VALUES ('544', '12143118', '19', '24', '浪漫公主主题房', '/uploads/20170621/66409f8abd1086f8dc59fde820ae4f78.jpg', '500.00', '400.00', '100.00', '0.00', null, '-1', null, '1505779200', '1505865600', '1505699259', '1505701125');
INSERT INTO `ot_hotel_order` VALUES ('545', '12143049', '21', null, '曼陀罗客栈曼达听涛', '/uploads/20170531/af7709516756721acd86f8631565d473.png', '750.00', '700.00', '50.00', '0.00', null, '-1', null, '1508342400', '1508428800', '1505699261', '1505720190');
INSERT INTO `ot_hotel_order` VALUES ('546', '12143118', '20', '26', '花舍电影坊', '/uploads/20170531/31dbfe3412c4169296aabfc929962189.jpg', '500.00', '400.00', '100.00', '0.00', null, '-1', null, '1505779200', '1505865600', '1505699478', '1505701126');
INSERT INTO `ot_hotel_order` VALUES ('547', '12143118', '19', '24', '浪漫公主主题房', '/uploads/20170621/66409f8abd1086f8dc59fde820ae4f78.jpg', '500.00', '400.00', '100.00', '0.00', null, '-1', null, '1506038400', '1506124800', '1505699780', '1505701128');
INSERT INTO `ot_hotel_order` VALUES ('548', '12143118', '20', '26', '花舍电影坊', '/uploads/20170531/31dbfe3412c4169296aabfc929962189.jpg', '500.00', '400.00', '100.00', '0.00', null, '2', null, '1505865600', '1505952000', '1505699807', '1505894272');
INSERT INTO `ot_hotel_order` VALUES ('549', '12143118', '20', '26', '花舍电影坊', '/uploads/20170531/31dbfe3412c4169296aabfc929962189.jpg', '500.00', '400.00', '100.00', '0.00', null, '1', null, '1505952000', '1506038400', '1505700018', '1505700041');
INSERT INTO `ot_hotel_order` VALUES ('550', '12143118', '21', '28', '曼陀罗客栈曼达听涛', '/uploads/20170531/af7709516756721acd86f8631565d473.png', '780.00', '680.00', '100.00', '0.00', null, '-1', null, '1506816000', '1506902400', '1505700258', '1505701136');
INSERT INTO `ot_hotel_order` VALUES ('551', '12143049', '19', null, '浪漫公主主题房', '/uploads/20170621/66409f8abd1086f8dc59fde820ae4f78.jpg', '550.00', '500.00', '50.00', '0.00', null, '-1', null, '1516204800', '1516291200', '1505701049', '1505720186');
INSERT INTO `ot_hotel_order` VALUES ('552', '12143049', '20', null, '花舍电影坊', '/uploads/20170531/31dbfe3412c4169296aabfc929962189.jpg', '550.00', '500.00', '50.00', '0.00', null, '-1', null, '1517241600', '1517328000', '1505701618', '1505720185');
INSERT INTO `ot_hotel_order` VALUES ('553', '12143049', '21', null, '曼陀罗客栈曼达听涛', '/uploads/20170531/af7709516756721acd86f8631565d473.png', '750.00', '700.00', '50.00', '0.00', null, '-1', null, '1517068800', '1517155200', '1505701849', '1505720184');
INSERT INTO `ot_hotel_order` VALUES ('554', '12143118', '19', '25', '浪漫公主主题房', '/uploads/20170621/66409f8abd1086f8dc59fde820ae4f78.jpg', '400.00', '244.00', '156.00', '0.00', null, '0', null, '1506124800', '1506211200', '1505701906', '1505701906');
INSERT INTO `ot_hotel_order` VALUES ('555', '12143118', '19', '24', '浪漫公主主题房', '/uploads/20170621/66409f8abd1086f8dc59fde820ae4f78.jpg', '500.00', '500.00', '0.00', '0.00', null, '1', null, '1506124800', '1506211200', '1505701963', '1505702040');
INSERT INTO `ot_hotel_order` VALUES ('556', '12143118', '19', '24', '浪漫公主主题房', '/uploads/20170621/66409f8abd1086f8dc59fde820ae4f78.jpg', '500.00', '500.00', '0.00', '0.00', null, '1', null, '1506211200', '1506297600', '1505702067', '1505702090');
INSERT INTO `ot_hotel_order` VALUES ('557', '12143118', '19', '24', '浪漫公主主题房', '/uploads/20170621/66409f8abd1086f8dc59fde820ae4f78.jpg', '500.00', '300.00', '200.00', '0.00', null, '1', null, '1506297600', '1506384000', '1505702149', '1505702154');
INSERT INTO `ot_hotel_order` VALUES ('558', '12143049', '19', null, '浪漫公主主题房', '/uploads/20170621/66409f8abd1086f8dc59fde820ae4f78.jpg', '550.00', '500.00', '50.00', '0.00', null, '-1', null, '1518624000', '1518710400', '1505702962', '1505720183');
INSERT INTO `ot_hotel_order` VALUES ('559', '12143049', '19', null, '浪漫公主主题房', '/uploads/20170621/66409f8abd1086f8dc59fde820ae4f78.jpg', '550.00', '500.00', '50.00', '0.00', null, '-1', null, '1518796800', '1518883200', '1505703088', '1505720181');
INSERT INTO `ot_hotel_order` VALUES ('560', '12143118', '21', '29', '曼陀罗客栈曼达听涛', '/uploads/20170531/af7709516756721acd86f8631565d473.png', '880.00', '780.00', '100.00', '0.00', null, '0', null, '1505692800', '1505779200', '1505703680', '1505703680');
INSERT INTO `ot_hotel_order` VALUES ('561', '12143118', '21', '29', '曼陀罗客栈曼达听涛', '/uploads/20170531/af7709516756721acd86f8631565d473.png', '880.00', '780.00', '100.00', '0.00', null, '0', null, '1505865600', '1505952000', '1505703690', '1505703690');
INSERT INTO `ot_hotel_order` VALUES ('562', '12143049', '24', null, '鸭川临水阁', '/uploads/20170606/bfd9e7d9be4ce3ae6bc91b3a20e1d34e.jpg', '850.00', '800.00', '50.00', '0.00', null, '-1', null, '1517414400', '1517500800', '1505703700', '1505720180');
INSERT INTO `ot_hotel_order` VALUES ('563', '12143118', '20', '26', '花舍电影坊', '/uploads/20170531/31dbfe3412c4169296aabfc929962189.jpg', '500.00', '400.00', '100.00', '0.00', null, '0', null, '1506038400', '1506124800', '1505703716', '1505703716');
INSERT INTO `ot_hotel_order` VALUES ('564', '12143118', '20', '26', '花舍电影坊', '/uploads/20170531/31dbfe3412c4169296aabfc929962189.jpg', '500.00', '500.00', '0.00', '0.00', null, '1', null, '1506124800', '1506211200', '1505703832', '1505703838');
INSERT INTO `ot_hotel_order` VALUES ('565', '12143049', '24', '30', '鸭川临水阁', '/uploads/20170606/bfd9e7d9be4ce3ae6bc91b3a20e1d34e.jpg', '850.00', '800.00', '50.00', '0.00', null, '-1', null, '1514131200', '1514217600', '1505703996', '1505720179');
INSERT INTO `ot_hotel_order` VALUES ('566', '12143049', '24', null, '鸭川临水阁', '/uploads/20170606/bfd9e7d9be4ce3ae6bc91b3a20e1d34e.jpg', '850.00', '800.00', '50.00', '0.00', null, '-1', null, '1519660800', '1519747200', '1505704406', '1505720177');
INSERT INTO `ot_hotel_order` VALUES ('567', '12143049', '24', null, '鸭川临水阁', '/uploads/20170606/bfd9e7d9be4ce3ae6bc91b3a20e1d34e.jpg', '850.00', '800.00', '50.00', '0.00', null, '-1', null, '1519488000', '1519574400', '1505704574', '1505720176');
INSERT INTO `ot_hotel_order` VALUES ('568', '12143118', '20', '26', '花舍电影坊', '/uploads/20170531/31dbfe3412c4169296aabfc929962189.jpg', '500.00', '500.00', '0.00', '0.00', null, '0', null, '1506211200', '1506297600', '1505705075', '1505705075');
INSERT INTO `ot_hotel_order` VALUES ('569', '12143118', '20', '26', '花舍电影坊', '/uploads/20170531/31dbfe3412c4169296aabfc929962189.jpg', '500.00', '500.00', '0.00', '0.00', null, '0', null, '1506297600', '1506384000', '1505705120', '1505705120');
INSERT INTO `ot_hotel_order` VALUES ('570', '12143118', '19', '24', '浪漫公主主题房', '/uploads/20170621/66409f8abd1086f8dc59fde820ae4f78.jpg', '500.00', '500.00', '0.00', '0.00', null, '0', null, '1506556800', '1506643200', '1505705137', '1505705137');
INSERT INTO `ot_hotel_order` VALUES ('571', '12143049', '24', null, '鸭川临水阁', '/uploads/20170606/bfd9e7d9be4ce3ae6bc91b3a20e1d34e.jpg', '850.00', '800.00', '50.00', '0.00', null, '-1', null, '1519315200', '1519401600', '1505705248', '1505720174');
INSERT INTO `ot_hotel_order` VALUES ('572', '12143118', '19', '24', '浪漫公主主题房', '/uploads/20170621/66409f8abd1086f8dc59fde820ae4f78.jpg', '500.00', '500.00', '0.00', '0.00', null, '0', null, '1506643200', '1506729600', '1505705327', '1505705327');
INSERT INTO `ot_hotel_order` VALUES ('573', '12143118', '24', '30', '鸭川临水阁', '/uploads/20170606/bfd9e7d9be4ce3ae6bc91b3a20e1d34e.jpg', '650.00', '650.00', '0.00', '0.00', null, '4', null, '1505692800', '1505779200', '1505705390', '1505879558');
INSERT INTO `ot_hotel_order` VALUES ('574', '12143049', '19', null, '浪漫公主主题房', '/uploads/20170621/66409f8abd1086f8dc59fde820ae4f78.jpg', '550.00', '500.00', '50.00', '0.00', null, '-1', null, '1514563200', '1514649600', '1505708531', '1505720173');
INSERT INTO `ot_hotel_order` VALUES ('575', '12143118', '20', '26', '花舍电影坊', '/uploads/20170531/31dbfe3412c4169296aabfc929962189.jpg', '500.00', '470.00', '30.00', '0.00', null, '1', null, '1506384000', '1506470400', '1505718125', '1505718164');
INSERT INTO `ot_hotel_order` VALUES ('576', '12143118', '20', '26', '花舍电影坊', '/uploads/20170531/31dbfe3412c4169296aabfc929962189.jpg', '500.00', '400.00', '100.00', '0.00', null, '1', null, '1506470400', '1506556800', '1505718515', '1505718894');
INSERT INTO `ot_hotel_order` VALUES ('577', '12143118', '20', '26', '花舍电影坊', '/uploads/20170531/31dbfe3412c4169296aabfc929962189.jpg', '500.00', '400.00', '100.00', '0.00', null, '1', null, '1506556800', '1506643200', '1505719264', '1505719307');
INSERT INTO `ot_hotel_order` VALUES ('578', '12143118', '24', '31', '鸭川临水阁', '/uploads/20170606/bfd9e7d9be4ce3ae6bc91b3a20e1d34e.jpg', '1088.00', '988.00', '100.00', '0.00', null, '4', null, '1505692800', '1505779200', '1505719407', '1505879558');
INSERT INTO `ot_hotel_order` VALUES ('579', '12143049', '24', null, '鸭川临水阁', '/uploads/20170606/bfd9e7d9be4ce3ae6bc91b3a20e1d34e.jpg', '850.00', '800.00', '50.00', '0.00', null, '-1', null, '1519142400', '1519228800', '1505720109', '1505720170');
INSERT INTO `ot_hotel_order` VALUES ('580', '12143049', '24', null, '鸭川临水阁', '/uploads/20170606/bfd9e7d9be4ce3ae6bc91b3a20e1d34e.jpg', '850.00', '800.00', '50.00', '0.00', null, '-1', null, '1517932800', '1518019200', '1505720287', '1505720301');
INSERT INTO `ot_hotel_order` VALUES ('581', '12142932', '26', null, '大从民宿', '/uploads/20170918/b566a9ab604df6a6d17c7f49ad189564.jpg', '218.00', '168.00', '50.00', '0.00', null, '1', null, '1506441600', '1506528000', '1505779860', '1505779867');
INSERT INTO `ot_hotel_order` VALUES ('582', '12143023', '21', '29', '曼陀罗客栈曼达听涛', '/uploads/20170531/af7709516756721acd86f8631565d473.png', '3600.00', '3599.00', '1.00', '0.00', null, '-1', null, '1506556800', '1506988800', '1505780756', '1505780867');

-- ----------------------------
-- Table structure for `ot_hotel_price_calendar`
-- ----------------------------
DROP TABLE IF EXISTS `ot_hotel_price_calendar`;
CREATE TABLE `ot_hotel_price_calendar` (
  `id` int(10) NOT NULL AUTO_INCREMENT,
  `hotel_id` int(10) NOT NULL,
  `room_id` int(10) DEFAULT NULL,
  `type` int(1) NOT NULL DEFAULT '0' COMMENT '0间；1整套',
  `price` float(10,2) DEFAULT NULL COMMENT '单价',
  `day` varchar(10) DEFAULT NULL,
  PRIMARY KEY (`id`)
) ENGINE=InnoDB AUTO_INCREMENT=105 DEFAULT CHARSET=utf8 COMMENT='价格日历表';

-- ----------------------------
-- Records of ot_hotel_price_calendar
-- ----------------------------
INSERT INTO `ot_hotel_price_calendar` VALUES ('63', '19', null, '1', '100.00', '2017-8-1');
INSERT INTO `ot_hotel_price_calendar` VALUES ('64', '19', null, '1', '200.00', '2017-8-2');
INSERT INTO `ot_hotel_price_calendar` VALUES ('65', '19', null, '1', '100.00', '2017-8-3');
INSERT INTO `ot_hotel_price_calendar` VALUES ('66', '19', null, '1', '100.00', '2017-8-4');
INSERT INTO `ot_hotel_price_calendar` VALUES ('67', '19', null, '1', '100.00', '2017-8-5');
INSERT INTO `ot_hotel_price_calendar` VALUES ('68', '19', null, '1', '100.00', '2017-8-6');
INSERT INTO `ot_hotel_price_calendar` VALUES ('69', '19', null, '1', '100.00', '2017-8-7');
INSERT INTO `ot_hotel_price_calendar` VALUES ('70', '19', null, '1', '101.00', '2017-8-8');
INSERT INTO `ot_hotel_price_calendar` VALUES ('71', '19', null, '1', '100.00', '2017-8-9');
INSERT INTO `ot_hotel_price_calendar` VALUES ('72', '19', null, '1', '125.00', '2017-8-10');
INSERT INTO `ot_hotel_price_calendar` VALUES ('73', '19', null, '1', '100.00', '2017-8-11');
INSERT INTO `ot_hotel_price_calendar` VALUES ('74', '19', null, '1', '100.00', '2017-8-12');
INSERT INTO `ot_hotel_price_calendar` VALUES ('75', '19', null, '1', '100.00', '2017-8-13');
INSERT INTO `ot_hotel_price_calendar` VALUES ('76', '19', null, '1', '100.00', '2017-8-14');
INSERT INTO `ot_hotel_price_calendar` VALUES ('77', '19', null, '1', '100.00', '2017-8-15');
INSERT INTO `ot_hotel_price_calendar` VALUES ('78', '19', null, '1', '100.00', '2017-8-16');
INSERT INTO `ot_hotel_price_calendar` VALUES ('79', '19', null, '1', '102.00', '2017-8-17');
INSERT INTO `ot_hotel_price_calendar` VALUES ('80', '19', null, '1', '100.00', '2017-8-18');
INSERT INTO `ot_hotel_price_calendar` VALUES ('81', '19', null, '1', '100.00', '2017-8-19');
INSERT INTO `ot_hotel_price_calendar` VALUES ('82', '19', null, '1', '100.00', '2017-8-20');
INSERT INTO `ot_hotel_price_calendar` VALUES ('83', '19', null, '1', '200.00', '2017-9-1');
INSERT INTO `ot_hotel_price_calendar` VALUES ('84', '19', null, '1', '300.00', '2017-9-2');
INSERT INTO `ot_hotel_price_calendar` VALUES ('85', '19', null, '1', '100.00', '2017-9-3');
INSERT INTO `ot_hotel_price_calendar` VALUES ('86', '19', null, '1', '300.00', '2017-9-4');
INSERT INTO `ot_hotel_price_calendar` VALUES ('87', '19', null, '1', '500.00', '2017-9-5');
INSERT INTO `ot_hotel_price_calendar` VALUES ('88', '19', null, '1', '400.00', '2017-9-6');
INSERT INTO `ot_hotel_price_calendar` VALUES ('89', '19', null, '1', '600.00', '2017-9-7');
INSERT INTO `ot_hotel_price_calendar` VALUES ('90', '19', null, '1', '100.00', '2017-9-8');
INSERT INTO `ot_hotel_price_calendar` VALUES ('91', '19', null, '1', '20.00', '2017-9-9');
INSERT INTO `ot_hotel_price_calendar` VALUES ('92', '19', null, '1', '12.00', '2017-8-22');
INSERT INTO `ot_hotel_price_calendar` VALUES ('93', '19', null, '1', '443.00', '2017-8-23');
INSERT INTO `ot_hotel_price_calendar` VALUES ('94', '19', null, '1', '434.00', '2017-8-27');
INSERT INTO `ot_hotel_price_calendar` VALUES ('95', '19', null, '1', '233.00', '2017-8-24');
INSERT INTO `ot_hotel_price_calendar` VALUES ('96', '19', null, '1', '344.00', '2017-8-21');
INSERT INTO `ot_hotel_price_calendar` VALUES ('97', '19', null, '1', '120.00', '2017-8-25');
INSERT INTO `ot_hotel_price_calendar` VALUES ('98', '19', '24', '0', '415.00', '2017-8-15');
INSERT INTO `ot_hotel_price_calendar` VALUES ('99', '19', '25', '0', '112.00', '2017-9-20');
INSERT INTO `ot_hotel_price_calendar` VALUES ('100', '20', null, '1', '12.00', '2017-9-12');
INSERT INTO `ot_hotel_price_calendar` VALUES ('101', '19', null, '1', '66.00', '2017-9-19');
INSERT INTO `ot_hotel_price_calendar` VALUES ('102', '20', '26', '0', '300.00', '2017-9-18');
INSERT INTO `ot_hotel_price_calendar` VALUES ('103', '20', '26', '0', '300.00', '2017-9-19');
INSERT INTO `ot_hotel_price_calendar` VALUES ('104', '19', '24', '0', '300.00', '2017-9-18');

-- ----------------------------
-- Table structure for `ot_hotel_reservation`
-- ----------------------------
DROP TABLE IF EXISTS `ot_hotel_reservation`;
CREATE TABLE `ot_hotel_reservation` (
  `id` int(15) NOT NULL AUTO_INCREMENT,
  `hotel_id` int(10) NOT NULL,
  `room_id` int(10) DEFAULT NULL,
  `status` tinyint(1) NOT NULL DEFAULT '0' COMMENT '0未入住 1入住中 2已退房',
  `date` varchar(20) DEFAULT NULL COMMENT '预订日期',
  PRIMARY KEY (`id`)
) ENGINE=InnoDB AUTO_INCREMENT=355 DEFAULT CHARSET=utf8 COMMENT='民宿预订表';

-- ----------------------------
-- Records of ot_hotel_reservation
-- ----------------------------
INSERT INTO `ot_hotel_reservation` VALUES ('88', '21', null, '0', '2017-7-28');
INSERT INTO `ot_hotel_reservation` VALUES ('89', '21', null, '0', '2017-7-29');
INSERT INTO `ot_hotel_reservation` VALUES ('90', '20', null, '0', '2017-7-28');
INSERT INTO `ot_hotel_reservation` VALUES ('91', '21', null, '0', '2017-7-30');
INSERT INTO `ot_hotel_reservation` VALUES ('92', '21', null, '0', '2017-7-31');
INSERT INTO `ot_hotel_reservation` VALUES ('93', '21', null, '0', '2017-8-1');
INSERT INTO `ot_hotel_reservation` VALUES ('94', '21', null, '0', '2017-8-2');
INSERT INTO `ot_hotel_reservation` VALUES ('95', '21', null, '0', '2017-8-3');
INSERT INTO `ot_hotel_reservation` VALUES ('96', '21', null, '0', '2017-8-4');
INSERT INTO `ot_hotel_reservation` VALUES ('97', '21', null, '0', '2017-8-5');
INSERT INTO `ot_hotel_reservation` VALUES ('98', '21', null, '0', '2017-8-8');
INSERT INTO `ot_hotel_reservation` VALUES ('99', '21', null, '0', '2017-8-9');
INSERT INTO `ot_hotel_reservation` VALUES ('100', '21', null, '0', '2017-8-15');
INSERT INTO `ot_hotel_reservation` VALUES ('101', '21', null, '0', '2017-8-16');
INSERT INTO `ot_hotel_reservation` VALUES ('102', '21', null, '0', '2017-8-6');
INSERT INTO `ot_hotel_reservation` VALUES ('103', '20', '27', '0', '2017-8-1');
INSERT INTO `ot_hotel_reservation` VALUES ('104', '21', null, '0', '2017-8-10');
INSERT INTO `ot_hotel_reservation` VALUES ('105', '21', null, '0', '2017-8-17');
INSERT INTO `ot_hotel_reservation` VALUES ('106', '21', null, '0', '2017-8-18');
INSERT INTO `ot_hotel_reservation` VALUES ('107', '20', null, '0', '2017-8-24');
INSERT INTO `ot_hotel_reservation` VALUES ('108', '20', null, '0', '2017-8-25');
INSERT INTO `ot_hotel_reservation` VALUES ('109', '20', null, '0', '2017-8-26');
INSERT INTO `ot_hotel_reservation` VALUES ('110', '20', null, '0', '2017-8-27');
INSERT INTO `ot_hotel_reservation` VALUES ('111', '20', null, '0', '2017-8-28');
INSERT INTO `ot_hotel_reservation` VALUES ('112', '20', null, '0', '2017-8-29');
INSERT INTO `ot_hotel_reservation` VALUES ('113', '20', null, '0', '2017-8-30');
INSERT INTO `ot_hotel_reservation` VALUES ('114', '20', null, '0', '2017-8-31');
INSERT INTO `ot_hotel_reservation` VALUES ('115', '20', null, '0', '2017-9-1');
INSERT INTO `ot_hotel_reservation` VALUES ('116', '20', null, '0', '2017-9-2');
INSERT INTO `ot_hotel_reservation` VALUES ('117', '24', null, '0', '2017-9-1');
INSERT INTO `ot_hotel_reservation` VALUES ('118', '24', null, '0', '2017-9-2');
INSERT INTO `ot_hotel_reservation` VALUES ('119', '21', null, '0', '2017-9-1');
INSERT INTO `ot_hotel_reservation` VALUES ('120', '21', null, '0', '2017-9-2');
INSERT INTO `ot_hotel_reservation` VALUES ('121', '21', null, '0', '2017-9-3');
INSERT INTO `ot_hotel_reservation` VALUES ('122', '21', null, '0', '2017-9-4');
INSERT INTO `ot_hotel_reservation` VALUES ('123', '21', null, '0', '2017-9-5');
INSERT INTO `ot_hotel_reservation` VALUES ('124', '21', null, '0', '2017-9-6');
INSERT INTO `ot_hotel_reservation` VALUES ('125', '21', null, '0', '2017-9-7');
INSERT INTO `ot_hotel_reservation` VALUES ('126', '19', null, '0', '2017-8-17');
INSERT INTO `ot_hotel_reservation` VALUES ('127', '19', null, '0', '2017-8-18');
INSERT INTO `ot_hotel_reservation` VALUES ('128', '19', null, '0', '2017-8-19');
INSERT INTO `ot_hotel_reservation` VALUES ('129', '19', null, '0', '2017-8-20');
INSERT INTO `ot_hotel_reservation` VALUES ('130', '19', null, '0', '2017-8-21');
INSERT INTO `ot_hotel_reservation` VALUES ('131', '19', null, '0', '2017-8-22');
INSERT INTO `ot_hotel_reservation` VALUES ('132', '19', null, '0', '2017-8-23');
INSERT INTO `ot_hotel_reservation` VALUES ('133', '19', null, '0', '2017-8-24');
INSERT INTO `ot_hotel_reservation` VALUES ('134', '19', null, '0', '2017-9-6');
INSERT INTO `ot_hotel_reservation` VALUES ('135', '21', null, '0', '2017-8-19');
INSERT INTO `ot_hotel_reservation` VALUES ('136', '21', null, '0', '2017-8-20');
INSERT INTO `ot_hotel_reservation` VALUES ('137', '21', null, '0', '2017-8-21');
INSERT INTO `ot_hotel_reservation` VALUES ('138', '21', null, '0', '2017-8-22');
INSERT INTO `ot_hotel_reservation` VALUES ('139', '21', null, '0', '2017-8-23');
INSERT INTO `ot_hotel_reservation` VALUES ('140', '21', null, '0', '2017-8-24');
INSERT INTO `ot_hotel_reservation` VALUES ('141', '21', null, '0', '2017-8-25');
INSERT INTO `ot_hotel_reservation` VALUES ('142', '21', null, '0', '2017-8-26');
INSERT INTO `ot_hotel_reservation` VALUES ('143', '21', null, '0', '2017-8-27');
INSERT INTO `ot_hotel_reservation` VALUES ('144', '24', null, '0', '2017-7-11');
INSERT INTO `ot_hotel_reservation` VALUES ('145', '21', null, '0', '2017-8-11');
INSERT INTO `ot_hotel_reservation` VALUES ('146', '21', null, '0', '2017-8-12');
INSERT INTO `ot_hotel_reservation` VALUES ('147', '21', null, '0', '2017-8-13');
INSERT INTO `ot_hotel_reservation` VALUES ('148', '21', null, '0', '2017-8-28');
INSERT INTO `ot_hotel_reservation` VALUES ('149', '21', null, '0', '2017-8-29');
INSERT INTO `ot_hotel_reservation` VALUES ('150', '21', null, '0', '2017-9-8');
INSERT INTO `ot_hotel_reservation` VALUES ('151', '19', null, '0', '2017-9-14');
INSERT INTO `ot_hotel_reservation` VALUES ('152', '19', null, '0', '2017-9-15');
INSERT INTO `ot_hotel_reservation` VALUES ('153', '20', null, '0', '2017-9-5');
INSERT INTO `ot_hotel_reservation` VALUES ('154', '20', null, '0', '2017-9-6');
INSERT INTO `ot_hotel_reservation` VALUES ('155', '24', null, '0', '2017-9-12');
INSERT INTO `ot_hotel_reservation` VALUES ('156', '24', null, '0', '2017-9-13');
INSERT INTO `ot_hotel_reservation` VALUES ('157', '24', null, '0', '2017-9-21');
INSERT INTO `ot_hotel_reservation` VALUES ('158', '24', null, '0', '2017-9-22');
INSERT INTO `ot_hotel_reservation` VALUES ('159', '24', null, '0', '2017-10-18');
INSERT INTO `ot_hotel_reservation` VALUES ('160', '20', null, '0', '2017-8-3');
INSERT INTO `ot_hotel_reservation` VALUES ('161', '19', '24', '0', '2017-8-2');
INSERT INTO `ot_hotel_reservation` VALUES ('162', '19', '24', '0', '2017-8-4');
INSERT INTO `ot_hotel_reservation` VALUES ('163', '19', null, '0', '2017-8-25');
INSERT INTO `ot_hotel_reservation` VALUES ('164', '19', null, '0', '2017-9-7');
INSERT INTO `ot_hotel_reservation` VALUES ('165', '19', null, '0', '2017-8-26');
INSERT INTO `ot_hotel_reservation` VALUES ('166', '20', null, '0', '2017-9-7');
INSERT INTO `ot_hotel_reservation` VALUES ('167', '21', null, '0', '2017-8-30');
INSERT INTO `ot_hotel_reservation` VALUES ('168', '21', '28', '0', '2017-8-5');
INSERT INTO `ot_hotel_reservation` VALUES ('169', '19', null, '0', '2017-10-10');
INSERT INTO `ot_hotel_reservation` VALUES ('170', '24', null, '0', '2017-8-18');
INSERT INTO `ot_hotel_reservation` VALUES ('171', '19', null, '0', '2017-9-1');
INSERT INTO `ot_hotel_reservation` VALUES ('172', '19', null, '0', '2017-9-2');
INSERT INTO `ot_hotel_reservation` VALUES ('173', '19', null, '0', '2017-9-3');
INSERT INTO `ot_hotel_reservation` VALUES ('174', '21', null, '0', '2017-9-13');
INSERT INTO `ot_hotel_reservation` VALUES ('175', '21', null, '0', '2017-9-14');
INSERT INTO `ot_hotel_reservation` VALUES ('176', '20', null, '0', '2017-8-16');
INSERT INTO `ot_hotel_reservation` VALUES ('177', '21', null, '0', '2017-9-9');
INSERT INTO `ot_hotel_reservation` VALUES ('178', '19', null, '0', '2017-9-29');
INSERT INTO `ot_hotel_reservation` VALUES ('179', '24', null, '0', '2017-9-7');
INSERT INTO `ot_hotel_reservation` VALUES ('180', '24', null, '0', '2017-8-10');
INSERT INTO `ot_hotel_reservation` VALUES ('181', '19', null, '0', '2017-8-10');
INSERT INTO `ot_hotel_reservation` VALUES ('182', '19', null, '0', '2017-8-11');
INSERT INTO `ot_hotel_reservation` VALUES ('183', '20', null, '0', '2017-8-17');
INSERT INTO `ot_hotel_reservation` VALUES ('184', '20', null, '0', '2017-8-18');
INSERT INTO `ot_hotel_reservation` VALUES ('185', '20', null, '0', '2017-8-22');
INSERT INTO `ot_hotel_reservation` VALUES ('186', '20', null, '0', '2017-8-14');
INSERT INTO `ot_hotel_reservation` VALUES ('187', '20', null, '0', '2017-9-8');
INSERT INTO `ot_hotel_reservation` VALUES ('188', '19', null, '0', '2017-8-13');
INSERT INTO `ot_hotel_reservation` VALUES ('189', '20', '27', '0', '2017-8-16');
INSERT INTO `ot_hotel_reservation` VALUES ('190', '21', null, '0', '2017-9-15');
INSERT INTO `ot_hotel_reservation` VALUES ('191', '19', '25', '0', '2017-9-1');
INSERT INTO `ot_hotel_reservation` VALUES ('192', '24', null, '0', '2017-8-22');
INSERT INTO `ot_hotel_reservation` VALUES ('193', '24', null, '0', '2017-8-23');
INSERT INTO `ot_hotel_reservation` VALUES ('194', '19', null, '0', '2017-9-10');
INSERT INTO `ot_hotel_reservation` VALUES ('195', '19', null, '0', '2017-9-11');
INSERT INTO `ot_hotel_reservation` VALUES ('196', '19', null, '0', '2017-9-12');
INSERT INTO `ot_hotel_reservation` VALUES ('197', '21', null, '0', '2017-10-4');
INSERT INTO `ot_hotel_reservation` VALUES ('198', '24', null, '0', '2017-8-24');
INSERT INTO `ot_hotel_reservation` VALUES ('199', '24', null, '0', '2017-10-20');
INSERT INTO `ot_hotel_reservation` VALUES ('200', '21', null, '0', '2017-9-19');
INSERT INTO `ot_hotel_reservation` VALUES ('201', '21', null, '0', '2017-9-20');
INSERT INTO `ot_hotel_reservation` VALUES ('202', '21', null, '0', '2017-9-21');
INSERT INTO `ot_hotel_reservation` VALUES ('203', '24', null, '0', '2017-10-1');
INSERT INTO `ot_hotel_reservation` VALUES ('204', '24', null, '0', '2017-10-2');
INSERT INTO `ot_hotel_reservation` VALUES ('205', '24', null, '0', '2017-10-3');
INSERT INTO `ot_hotel_reservation` VALUES ('206', '24', null, '0', '2017-10-4');
INSERT INTO `ot_hotel_reservation` VALUES ('207', '24', null, '0', '2017-10-5');
INSERT INTO `ot_hotel_reservation` VALUES ('208', '24', null, '0', '2017-10-6');
INSERT INTO `ot_hotel_reservation` VALUES ('209', '21', null, '0', '2017-9-10');
INSERT INTO `ot_hotel_reservation` VALUES ('210', '24', null, '0', '2017-10-8');
INSERT INTO `ot_hotel_reservation` VALUES ('211', '24', null, '0', '2017-10-10');
INSERT INTO `ot_hotel_reservation` VALUES ('212', '24', null, '0', '2017-10-11');
INSERT INTO `ot_hotel_reservation` VALUES ('213', '24', null, '0', '2017-10-13');
INSERT INTO `ot_hotel_reservation` VALUES ('214', '24', null, '0', '2017-10-15');
INSERT INTO `ot_hotel_reservation` VALUES ('215', '24', null, '0', '2017-10-24');
INSERT INTO `ot_hotel_reservation` VALUES ('216', '24', null, '0', '2017-10-25');
INSERT INTO `ot_hotel_reservation` VALUES ('217', '24', null, '0', '2017-10-26');
INSERT INTO `ot_hotel_reservation` VALUES ('218', '24', '31', '0', '2017-11-10');
INSERT INTO `ot_hotel_reservation` VALUES ('219', '21', '29', '0', '2017-9-6');
INSERT INTO `ot_hotel_reservation` VALUES ('220', '24', null, '0', '2017-9-20');
INSERT INTO `ot_hotel_reservation` VALUES ('221', '24', null, '0', '2017-9-27');
INSERT INTO `ot_hotel_reservation` VALUES ('222', '24', null, '0', '2017-12-1');
INSERT INTO `ot_hotel_reservation` VALUES ('223', '24', null, '0', '2017-10-30');
INSERT INTO `ot_hotel_reservation` VALUES ('224', '24', null, '0', '2017-9-29');
INSERT INTO `ot_hotel_reservation` VALUES ('225', '20', null, '0', '2017-11-11');
INSERT INTO `ot_hotel_reservation` VALUES ('226', '21', null, '0', '2017-9-11');
INSERT INTO `ot_hotel_reservation` VALUES ('227', '21', null, '0', '2017-10-15');
INSERT INTO `ot_hotel_reservation` VALUES ('228', '19', null, '0', '2017-9-8');
INSERT INTO `ot_hotel_reservation` VALUES ('229', '24', null, '0', '2017-11-9');
INSERT INTO `ot_hotel_reservation` VALUES ('230', '21', null, '0', '2017-9-18');
INSERT INTO `ot_hotel_reservation` VALUES ('231', '24', null, '0', '2017-9-11');
INSERT INTO `ot_hotel_reservation` VALUES ('232', '20', null, '0', '2017-9-12');
INSERT INTO `ot_hotel_reservation` VALUES ('233', '20', null, '0', '2017-9-13');
INSERT INTO `ot_hotel_reservation` VALUES ('234', '21', null, '0', '2017-9-26');
INSERT INTO `ot_hotel_reservation` VALUES ('235', '21', null, '0', '2017-9-27');
INSERT INTO `ot_hotel_reservation` VALUES ('236', '24', '31', '0', '2017-9-14');
INSERT INTO `ot_hotel_reservation` VALUES ('237', '21', '29', '0', '2017-9-14');
INSERT INTO `ot_hotel_reservation` VALUES ('238', '24', '31', '0', '2017-7-11');
INSERT INTO `ot_hotel_reservation` VALUES ('239', '21', '28', '0', '2017-9-14');
INSERT INTO `ot_hotel_reservation` VALUES ('240', '21', null, '0', '2017-9-22');
INSERT INTO `ot_hotel_reservation` VALUES ('241', '21', '28', '0', '2017-9-15');
INSERT INTO `ot_hotel_reservation` VALUES ('242', '21', '28', '0', '2017-9-16');
INSERT INTO `ot_hotel_reservation` VALUES ('243', '21', '29', '0', '2017-9-15');
INSERT INTO `ot_hotel_reservation` VALUES ('244', '19', '24', '0', '2017-9-14');
INSERT INTO `ot_hotel_reservation` VALUES ('245', '20', '27', '0', '2017-7-11');
INSERT INTO `ot_hotel_reservation` VALUES ('246', '20', '26', '0', '2017-9-14');
INSERT INTO `ot_hotel_reservation` VALUES ('247', '21', '29', '0', '2017-10-11');
INSERT INTO `ot_hotel_reservation` VALUES ('248', '21', '29', '0', '2017-9-22');
INSERT INTO `ot_hotel_reservation` VALUES ('249', '24', '30', '0', '2017-10-1');
INSERT INTO `ot_hotel_reservation` VALUES ('250', '21', '29', '0', '2017-9-25');
INSERT INTO `ot_hotel_reservation` VALUES ('251', '19', '25', '0', '2017-9-28');
INSERT INTO `ot_hotel_reservation` VALUES ('252', '19', '25', '0', '2017-9-22');
INSERT INTO `ot_hotel_reservation` VALUES ('253', '24', '31', '0', '2017-11-1');
INSERT INTO `ot_hotel_reservation` VALUES ('254', '19', '25', '0', '2017-9-20');
INSERT INTO `ot_hotel_reservation` VALUES ('255', '19', '25', '0', '2017-9-18');
INSERT INTO `ot_hotel_reservation` VALUES ('256', '20', '27', '0', '2017-9-17');
INSERT INTO `ot_hotel_reservation` VALUES ('257', '20', '27', '0', '2017-9-19');
INSERT INTO `ot_hotel_reservation` VALUES ('258', '21', '28', '0', '2017-9-17');
INSERT INTO `ot_hotel_reservation` VALUES ('259', '21', '28', '0', '2018-2-1');
INSERT INTO `ot_hotel_reservation` VALUES ('260', '21', '29', '0', '2018-2-8');
INSERT INTO `ot_hotel_reservation` VALUES ('261', '24', '31', '0', '2017-12-4');
INSERT INTO `ot_hotel_reservation` VALUES ('262', '21', '28', '0', '2018-1-24');
INSERT INTO `ot_hotel_reservation` VALUES ('263', '21', '28', '0', '2017-9-18');
INSERT INTO `ot_hotel_reservation` VALUES ('264', '21', '28', '0', '2017-9-20');
INSERT INTO `ot_hotel_reservation` VALUES ('265', '21', '28', '0', '2017-9-21');
INSERT INTO `ot_hotel_reservation` VALUES ('266', '24', '31', '0', '2017-12-21');
INSERT INTO `ot_hotel_reservation` VALUES ('267', '24', '31', '0', '2018-1-1');
INSERT INTO `ot_hotel_reservation` VALUES ('268', '19', '25', '0', '2017-11-5');
INSERT INTO `ot_hotel_reservation` VALUES ('269', '20', '26', '0', '2017-10-25');
INSERT INTO `ot_hotel_reservation` VALUES ('270', '19', '25', '0', '2017-10-24');
INSERT INTO `ot_hotel_reservation` VALUES ('271', '21', '29', '0', '2018-2-26');
INSERT INTO `ot_hotel_reservation` VALUES ('272', '21', '28', '0', '2017-9-22');
INSERT INTO `ot_hotel_reservation` VALUES ('273', '21', '28', '0', '2017-9-23');
INSERT INTO `ot_hotel_reservation` VALUES ('274', '21', '28', '0', '2017-11-14');
INSERT INTO `ot_hotel_reservation` VALUES ('275', '21', '28', '0', '2017-9-26');
INSERT INTO `ot_hotel_reservation` VALUES ('276', '20', '27', '0', '2017-10-26');
INSERT INTO `ot_hotel_reservation` VALUES ('277', '20', null, '0', '2017-9-15');
INSERT INTO `ot_hotel_reservation` VALUES ('278', '20', null, '0', '2017-9-20');
INSERT INTO `ot_hotel_reservation` VALUES ('279', '20', null, '0', '2017-9-21');
INSERT INTO `ot_hotel_reservation` VALUES ('280', '21', null, '0', '2017-10-5');
INSERT INTO `ot_hotel_reservation` VALUES ('281', '21', '28', '0', '2017-9-24');
INSERT INTO `ot_hotel_reservation` VALUES ('282', '21', '28', '0', '2017-9-27');
INSERT INTO `ot_hotel_reservation` VALUES ('283', '21', '28', '0', '2017-9-28');
INSERT INTO `ot_hotel_reservation` VALUES ('284', '19', '24', '0', '2017-9-15');
INSERT INTO `ot_hotel_reservation` VALUES ('285', '19', '24', '0', '2017-9-16');
INSERT INTO `ot_hotel_reservation` VALUES ('286', '21', '28', '0', '2017-9-29');
INSERT INTO `ot_hotel_reservation` VALUES ('287', '20', '27', '0', '2017-9-20');
INSERT INTO `ot_hotel_reservation` VALUES ('288', '20', '26', '0', '2017-9-15');
INSERT INTO `ot_hotel_reservation` VALUES ('289', '20', '26', '0', '2017-9-16');
INSERT INTO `ot_hotel_reservation` VALUES ('290', '20', '27', '0', '2017-9-21');
INSERT INTO `ot_hotel_reservation` VALUES ('291', '20', '26', '0', '2017-9-17');
INSERT INTO `ot_hotel_reservation` VALUES ('292', '20', '26', '0', '2017-9-18');
INSERT INTO `ot_hotel_reservation` VALUES ('293', '21', '28', '0', '2017-9-30');
INSERT INTO `ot_hotel_reservation` VALUES ('294', '21', '28', '0', '2017-10-4');
INSERT INTO `ot_hotel_reservation` VALUES ('295', '19', '24', '0', '2017-9-21');
INSERT INTO `ot_hotel_reservation` VALUES ('296', '19', '24', '0', '2017-9-27');
INSERT INTO `ot_hotel_reservation` VALUES ('297', '24', null, '0', '2018-1-5');
INSERT INTO `ot_hotel_reservation` VALUES ('298', '24', null, '0', '2018-1-6');
INSERT INTO `ot_hotel_reservation` VALUES ('299', '24', null, '0', '2018-1-7');
INSERT INTO `ot_hotel_reservation` VALUES ('300', '24', null, '0', '2018-1-8');
INSERT INTO `ot_hotel_reservation` VALUES ('301', '24', null, '0', '2018-1-9');
INSERT INTO `ot_hotel_reservation` VALUES ('302', '24', null, '0', '2018-1-10');
INSERT INTO `ot_hotel_reservation` VALUES ('303', '24', null, '0', '2018-1-12');
INSERT INTO `ot_hotel_reservation` VALUES ('304', '24', null, '0', '2018-1-14');
INSERT INTO `ot_hotel_reservation` VALUES ('305', '24', null, '0', '2018-1-16');
INSERT INTO `ot_hotel_reservation` VALUES ('306', '24', null, '0', '2017-12-28');
INSERT INTO `ot_hotel_reservation` VALUES ('307', '21', null, '0', '2018-1-16');
INSERT INTO `ot_hotel_reservation` VALUES ('308', '19', null, '0', '2018-2-14');
INSERT INTO `ot_hotel_reservation` VALUES ('309', '19', null, '0', '2017-11-1');
INSERT INTO `ot_hotel_reservation` VALUES ('310', '24', null, '0', '2017-11-3');
INSERT INTO `ot_hotel_reservation` VALUES ('311', '19', '24', '0', '2017-9-18');
INSERT INTO `ot_hotel_reservation` VALUES ('312', '19', '24', '0', '2017-9-19');
INSERT INTO `ot_hotel_reservation` VALUES ('313', '21', null, '0', '2017-10-19');
INSERT INTO `ot_hotel_reservation` VALUES ('314', '20', '26', '0', '2017-9-19');
INSERT INTO `ot_hotel_reservation` VALUES ('315', '19', '24', '0', '2017-9-22');
INSERT INTO `ot_hotel_reservation` VALUES ('316', '20', '26', '0', '2017-9-20');
INSERT INTO `ot_hotel_reservation` VALUES ('317', '20', '26', '0', '2017-9-21');
INSERT INTO `ot_hotel_reservation` VALUES ('318', '21', '28', '0', '2017-10-1');
INSERT INTO `ot_hotel_reservation` VALUES ('319', '19', null, '0', '2018-1-18');
INSERT INTO `ot_hotel_reservation` VALUES ('320', '20', null, '0', '2018-1-30');
INSERT INTO `ot_hotel_reservation` VALUES ('321', '21', null, '0', '2018-1-28');
INSERT INTO `ot_hotel_reservation` VALUES ('322', '19', '25', '0', '2017-9-23');
INSERT INTO `ot_hotel_reservation` VALUES ('323', '19', '24', '0', '2017-9-23');
INSERT INTO `ot_hotel_reservation` VALUES ('324', '19', '24', '0', '2017-9-24');
INSERT INTO `ot_hotel_reservation` VALUES ('325', '19', '24', '0', '2017-9-25');
INSERT INTO `ot_hotel_reservation` VALUES ('326', '19', null, '0', '2018-2-15');
INSERT INTO `ot_hotel_reservation` VALUES ('327', '19', null, '0', '2018-2-17');
INSERT INTO `ot_hotel_reservation` VALUES ('328', '21', '29', '0', '2017-9-18');
INSERT INTO `ot_hotel_reservation` VALUES ('329', '21', '29', '0', '2017-9-20');
INSERT INTO `ot_hotel_reservation` VALUES ('330', '24', null, '0', '2018-2-1');
INSERT INTO `ot_hotel_reservation` VALUES ('331', '20', '26', '0', '2017-9-22');
INSERT INTO `ot_hotel_reservation` VALUES ('332', '20', '26', '0', '2017-9-23');
INSERT INTO `ot_hotel_reservation` VALUES ('333', '24', '30', '0', '2017-12-25');
INSERT INTO `ot_hotel_reservation` VALUES ('334', '24', null, '0', '2018-2-27');
INSERT INTO `ot_hotel_reservation` VALUES ('335', '24', null, '0', '2018-2-25');
INSERT INTO `ot_hotel_reservation` VALUES ('336', '20', '26', '0', '2017-9-24');
INSERT INTO `ot_hotel_reservation` VALUES ('337', '20', '26', '0', '2017-9-25');
INSERT INTO `ot_hotel_reservation` VALUES ('338', '19', '24', '0', '2017-9-28');
INSERT INTO `ot_hotel_reservation` VALUES ('339', '24', null, '0', '2018-2-23');
INSERT INTO `ot_hotel_reservation` VALUES ('340', '19', '24', '0', '2017-9-29');
INSERT INTO `ot_hotel_reservation` VALUES ('341', '24', '30', '0', '2017-9-18');
INSERT INTO `ot_hotel_reservation` VALUES ('342', '19', null, '0', '2017-12-30');
INSERT INTO `ot_hotel_reservation` VALUES ('343', '20', '26', '0', '2017-9-26');
INSERT INTO `ot_hotel_reservation` VALUES ('344', '20', '26', '0', '2017-9-27');
INSERT INTO `ot_hotel_reservation` VALUES ('345', '20', '26', '0', '2017-9-28');
INSERT INTO `ot_hotel_reservation` VALUES ('346', '24', '31', '0', '2017-9-18');
INSERT INTO `ot_hotel_reservation` VALUES ('347', '24', null, '0', '2018-2-21');
INSERT INTO `ot_hotel_reservation` VALUES ('348', '24', null, '0', '2018-2-7');
INSERT INTO `ot_hotel_reservation` VALUES ('349', '26', null, '0', '2017-9-27');
INSERT INTO `ot_hotel_reservation` VALUES ('350', '21', '29', '0', '2017-9-28');
INSERT INTO `ot_hotel_reservation` VALUES ('351', '21', '29', '0', '2017-9-29');
INSERT INTO `ot_hotel_reservation` VALUES ('352', '21', '29', '0', '2017-9-30');
INSERT INTO `ot_hotel_reservation` VALUES ('353', '21', '29', '0', '2017-10-1');
INSERT INTO `ot_hotel_reservation` VALUES ('354', '21', '29', '0', '2017-10-2');

-- ----------------------------
-- Table structure for `ot_hotel_room`
-- ----------------------------
DROP TABLE IF EXISTS `ot_hotel_room`;
CREATE TABLE `ot_hotel_room` (
  `id` int(8) NOT NULL AUTO_INCREMENT,
  `hotel_id` int(6) NOT NULL,
  `name` varchar(10) NOT NULL,
  `theme` varchar(10) NOT NULL COMMENT '房间名称',
  `bed` varchar(20) NOT NULL COMMENT '床位',
  `price` float(8,2) NOT NULL,
  `accept_num` int(2) NOT NULL DEFAULT '0' COMMENT '可接受几人入住',
  `intro` varchar(50) NOT NULL COMMENT '房间简介',
  PRIMARY KEY (`id`)
) ENGINE=InnoDB AUTO_INCREMENT=32 DEFAULT CHARSET=utf8 COMMENT='套间表';

-- ----------------------------
-- Records of ot_hotel_room
-- ----------------------------
INSERT INTO `ot_hotel_room` VALUES ('24', '19', '单人间', '浪漫主题式', '1', '300.00', '1', '<p>套间简要介绍说明！</p>');
INSERT INTO `ot_hotel_room` VALUES ('25', '19', '双人间', '浪漫主题式', '2', '200.00', '2', '<p>套间简要介绍说明！</p>');
INSERT INTO `ot_hotel_room` VALUES ('26', '20', '复古风情套间', '浪漫主题式', '大床', '300.00', '2', '<p>套间简要介绍说明！</p>');
INSERT INTO `ot_hotel_room` VALUES ('27', '20', '简约别致套房', '浪漫主题式', '大床', '150.00', '2', '<p>套间简要介绍说明！</p>');
INSERT INTO `ot_hotel_room` VALUES ('28', '21', '荒野风格套房', '刀耕火种式', '3', '580.00', '4', '<p>套间简要介绍说明！</p><p><br/></p><p>原始的设计唤醒你原始的欲望，脱下伪善的');
INSERT INTO `ot_hotel_room` VALUES ('29', '21', '樱花之舞套房', '浪漫主题式', '2', '680.00', '2', '<p>套间简要介绍说明！</p><p><br/></p><p>和风的设计添加了樱花的标识，让你感受到');
INSERT INTO `ot_hotel_room` VALUES ('30', '24', '滨水套间', '浪漫主题式', '2', '450.00', '2', '<p>套间简要介绍说明！</p><p><br/></p><p>面对川江之水，浩荡流去，窗外就是美丽的');
INSERT INTO `ot_hotel_room` VALUES ('31', '24', '木的小屋', '复古风情式', '2', '888.00', '2', '<p>套间简要介绍说明！</p><p><br/></p><p>木质小屋给人以自然和谐的感觉，让人放松');

-- ----------------------------
-- Table structure for `ot_hotel_room_img`
-- ----------------------------
DROP TABLE IF EXISTS `ot_hotel_room_img`;
CREATE TABLE `ot_hotel_room_img` (
  `id` int(10) unsigned NOT NULL AUTO_INCREMENT,
  `serial_num` int(2) NOT NULL,
  `room_id` int(10) unsigned NOT NULL,
  `url` varchar(255) NOT NULL,
  PRIMARY KEY (`id`)
) ENGINE=InnoDB AUTO_INCREMENT=343 DEFAULT CHARSET=utf8 COMMENT='民宿图片表';

-- ----------------------------
-- Records of ot_hotel_room_img
-- ----------------------------
INSERT INTO `ot_hotel_room_img` VALUES ('321', '0', '24', '/uploads/20170728/209dfa7b38f24f5bf2dde5f8c31d2076.jpg');
INSERT INTO `ot_hotel_room_img` VALUES ('322', '1', '24', '/uploads/20170728/32ca6eb21d24cd9afb2222d8d4f6bb3b.jpg');
INSERT INTO `ot_hotel_room_img` VALUES ('323', '2', '24', '/uploads/20170728/645f512a3e63d9616afccd7106f0ee66.jpg');
INSERT INTO `ot_hotel_room_img` VALUES ('324', '0', '25', '/uploads/20170728/56b69332a1c8a29bade002b921882101.jpg');
INSERT INTO `ot_hotel_room_img` VALUES ('325', '1', '25', '/uploads/20170728/dd3c4b77d1680b30e344e101606de50e.jpg');
INSERT INTO `ot_hotel_room_img` VALUES ('326', '2', '25', '/uploads/20170728/05de3c0f1d1463e7ff824fede9026b54.jpg');
INSERT INTO `ot_hotel_room_img` VALUES ('327', '0', '26', '/uploads/20170728/2b4b8c18491c3d8a61683ecdf759a9ac.jpg');
INSERT INTO `ot_hotel_room_img` VALUES ('328', '1', '26', '/uploads/20170728/05ceeca8b3e025429c30cddff740c906.jpg');
INSERT INTO `ot_hotel_room_img` VALUES ('329', '2', '26', '/uploads/20170728/1f5c93140ac4ff899e9c1c53835a036a.jpg');
INSERT INTO `ot_hotel_room_img` VALUES ('330', '0', '27', '/uploads/20170728/3e9e92da358498585db578546e3ecbc7.jpg');
INSERT INTO `ot_hotel_room_img` VALUES ('331', '1', '27', '/uploads/20170728/52ac4ee2439355e6eebcb09a4e975af8.jpg');
INSERT INTO `ot_hotel_room_img` VALUES ('332', '2', '27', '/uploads/20170728/7c1f5e0b9b84c4d124fd60af106533f2.jpg');
INSERT INTO `ot_hotel_room_img` VALUES ('333', '0', '28', '/uploads/20170728/457b87a3fcecf8494752919f63280e5a.jpg');
INSERT INTO `ot_hotel_room_img` VALUES ('334', '1', '28', '/uploads/20170728/5624749a2e8af5ec67437a8054554b79.jpg');
INSERT INTO `ot_hotel_room_img` VALUES ('335', '2', '28', '/uploads/20170728/1fe02a0f660b8219e0f6878322577665.png');
INSERT INTO `ot_hotel_room_img` VALUES ('336', '0', '29', '/uploads/20170728/11b3c75c5b5ab5014bf11d4cbf754f35.png');
INSERT INTO `ot_hotel_room_img` VALUES ('337', '1', '29', '/uploads/20170728/dca60abde49cf1143c4ba7e6fa648361.jpg');
INSERT INTO `ot_hotel_room_img` VALUES ('338', '0', '30', '/uploads/20170728/600d20f63e8c2042b6202b79ed7b4ba1.jpg');
INSERT INTO `ot_hotel_room_img` VALUES ('339', '1', '30', '/uploads/20170728/3c21bc08effcb9184f0516f778ab3ae3.jpg');
INSERT INTO `ot_hotel_room_img` VALUES ('340', '0', '31', '/uploads/20170728/bbb729ce71b51cd264036fdeb9d1dac4.jpg');
INSERT INTO `ot_hotel_room_img` VALUES ('341', '1', '31', '/uploads/20170728/39346cb8282edb883ebf6277084a743d.jpg');
INSERT INTO `ot_hotel_room_img` VALUES ('342', '2', '31', '/uploads/20170728/39346cb8282edb883ebf6277084a743d.jpg');

-- ----------------------------
-- Table structure for `ot_hotel_support`
-- ----------------------------
DROP TABLE IF EXISTS `ot_hotel_support`;
CREATE TABLE `ot_hotel_support` (
  `id` int(11) NOT NULL AUTO_INCREMENT,
  `hotel_id` int(11) NOT NULL,
  `support_id` int(11) NOT NULL,
  PRIMARY KEY (`id`)
) ENGINE=InnoDB AUTO_INCREMENT=204 DEFAULT CHARSET=utf8 COMMENT='民宿配套设施表';

-- ----------------------------
-- Records of ot_hotel_support
-- ----------------------------
INSERT INTO `ot_hotel_support` VALUES ('1', '30', '2');
INSERT INTO `ot_hotel_support` VALUES ('2', '31', '2');
INSERT INTO `ot_hotel_support` VALUES ('3', '31', '3');
INSERT INTO `ot_hotel_support` VALUES ('4', '32', '2');
INSERT INTO `ot_hotel_support` VALUES ('5', '32', '3');
INSERT INTO `ot_hotel_support` VALUES ('6', '33', '3');
INSERT INTO `ot_hotel_support` VALUES ('7', '34', '1');
INSERT INTO `ot_hotel_support` VALUES ('8', '34', '3');
INSERT INTO `ot_hotel_support` VALUES ('69', '21', '1');
INSERT INTO `ot_hotel_support` VALUES ('70', '21', '2');
INSERT INTO `ot_hotel_support` VALUES ('71', '21', '3');
INSERT INTO `ot_hotel_support` VALUES ('72', '21', '4');
INSERT INTO `ot_hotel_support` VALUES ('73', '21', '5');
INSERT INTO `ot_hotel_support` VALUES ('74', '21', '6');
INSERT INTO `ot_hotel_support` VALUES ('75', '21', '7');
INSERT INTO `ot_hotel_support` VALUES ('76', '21', '8');
INSERT INTO `ot_hotel_support` VALUES ('77', '21', '9');
INSERT INTO `ot_hotel_support` VALUES ('78', '21', '10');
INSERT INTO `ot_hotel_support` VALUES ('79', '21', '11');
INSERT INTO `ot_hotel_support` VALUES ('80', '21', '12');
INSERT INTO `ot_hotel_support` VALUES ('81', '21', '13');
INSERT INTO `ot_hotel_support` VALUES ('82', '21', '14');
INSERT INTO `ot_hotel_support` VALUES ('83', '21', '15');
INSERT INTO `ot_hotel_support` VALUES ('84', '24', '1');
INSERT INTO `ot_hotel_support` VALUES ('85', '24', '2');
INSERT INTO `ot_hotel_support` VALUES ('86', '24', '3');
INSERT INTO `ot_hotel_support` VALUES ('87', '24', '4');
INSERT INTO `ot_hotel_support` VALUES ('88', '24', '5');
INSERT INTO `ot_hotel_support` VALUES ('89', '24', '6');
INSERT INTO `ot_hotel_support` VALUES ('90', '24', '7');
INSERT INTO `ot_hotel_support` VALUES ('91', '24', '8');
INSERT INTO `ot_hotel_support` VALUES ('92', '24', '9');
INSERT INTO `ot_hotel_support` VALUES ('93', '24', '11');
INSERT INTO `ot_hotel_support` VALUES ('94', '24', '12');
INSERT INTO `ot_hotel_support` VALUES ('95', '24', '14');
INSERT INTO `ot_hotel_support` VALUES ('96', '24', '15');
INSERT INTO `ot_hotel_support` VALUES ('160', '20', '1');
INSERT INTO `ot_hotel_support` VALUES ('161', '20', '2');
INSERT INTO `ot_hotel_support` VALUES ('162', '20', '3');
INSERT INTO `ot_hotel_support` VALUES ('163', '20', '4');
INSERT INTO `ot_hotel_support` VALUES ('164', '20', '5');
INSERT INTO `ot_hotel_support` VALUES ('165', '20', '6');
INSERT INTO `ot_hotel_support` VALUES ('166', '20', '7');
INSERT INTO `ot_hotel_support` VALUES ('167', '20', '8');
INSERT INTO `ot_hotel_support` VALUES ('168', '20', '9');
INSERT INTO `ot_hotel_support` VALUES ('169', '20', '10');
INSERT INTO `ot_hotel_support` VALUES ('170', '20', '11');
INSERT INTO `ot_hotel_support` VALUES ('171', '25', '1');
INSERT INTO `ot_hotel_support` VALUES ('172', '25', '2');
INSERT INTO `ot_hotel_support` VALUES ('173', '25', '3');
INSERT INTO `ot_hotel_support` VALUES ('174', '25', '4');
INSERT INTO `ot_hotel_support` VALUES ('175', '25', '5');
INSERT INTO `ot_hotel_support` VALUES ('176', '25', '6');
INSERT INTO `ot_hotel_support` VALUES ('177', '25', '7');
INSERT INTO `ot_hotel_support` VALUES ('178', '25', '8');
INSERT INTO `ot_hotel_support` VALUES ('179', '25', '9');
INSERT INTO `ot_hotel_support` VALUES ('180', '25', '10');
INSERT INTO `ot_hotel_support` VALUES ('181', '25', '11');
INSERT INTO `ot_hotel_support` VALUES ('182', '25', '12');
INSERT INTO `ot_hotel_support` VALUES ('183', '25', '13');
INSERT INTO `ot_hotel_support` VALUES ('184', '25', '14');
INSERT INTO `ot_hotel_support` VALUES ('185', '25', '15');
INSERT INTO `ot_hotel_support` VALUES ('186', '19', '1');
INSERT INTO `ot_hotel_support` VALUES ('187', '19', '2');
INSERT INTO `ot_hotel_support` VALUES ('188', '19', '3');
INSERT INTO `ot_hotel_support` VALUES ('189', '19', '4');
INSERT INTO `ot_hotel_support` VALUES ('190', '19', '5');
INSERT INTO `ot_hotel_support` VALUES ('191', '19', '6');
INSERT INTO `ot_hotel_support` VALUES ('192', '19', '7');
INSERT INTO `ot_hotel_support` VALUES ('193', '19', '8');
INSERT INTO `ot_hotel_support` VALUES ('194', '19', '9');
INSERT INTO `ot_hotel_support` VALUES ('195', '26', '1');
INSERT INTO `ot_hotel_support` VALUES ('196', '26', '2');
INSERT INTO `ot_hotel_support` VALUES ('197', '26', '3');
INSERT INTO `ot_hotel_support` VALUES ('198', '26', '4');
INSERT INTO `ot_hotel_support` VALUES ('199', '26', '9');
INSERT INTO `ot_hotel_support` VALUES ('200', '26', '11');
INSERT INTO `ot_hotel_support` VALUES ('201', '26', '12');
INSERT INTO `ot_hotel_support` VALUES ('202', '26', '14');
INSERT INTO `ot_hotel_support` VALUES ('203', '26', '15');

-- ----------------------------
-- Table structure for `ot_hotel_support_facility`
-- ----------------------------
DROP TABLE IF EXISTS `ot_hotel_support_facility`;
CREATE TABLE `ot_hotel_support_facility` (
  `id` int(11) NOT NULL AUTO_INCREMENT,
  `name` varchar(10) NOT NULL COMMENT '配套设施名称',
  `img` varchar(225) NOT NULL,
  PRIMARY KEY (`id`)
) ENGINE=InnoDB AUTO_INCREMENT=16 DEFAULT CHARSET=utf8 COMMENT='提供设施表';

-- ----------------------------
-- Records of ot_hotel_support_facility
-- ----------------------------
INSERT INTO `ot_hotel_support_facility` VALUES ('1', '毛巾', '/uploads/20170622/50fca1d327ef042e95a2f3c41f14ddea.png');
INSERT INTO `ot_hotel_support_facility` VALUES ('2', '拖鞋', '/uploads/20170622/9f22d5b81141d8d2d8448f591f24fe6f.png');
INSERT INTO `ot_hotel_support_facility` VALUES ('3', '空调', '/uploads/20170622/d17449f212333a27b321ded081351029.png');
INSERT INTO `ot_hotel_support_facility` VALUES ('4', '吹风机', '/uploads/20170622/4dd16bfd599e97b05c03fd5c87eec486.png');
INSERT INTO `ot_hotel_support_facility` VALUES ('5', '有线网', '/uploads/20170622/c0e6b10b9b46ef60a1f3f8242da40461.png');
INSERT INTO `ot_hotel_support_facility` VALUES ('6', '无线网', '/uploads/20170622/3864e9c2751fe0b7fcb498e056a99d34.png');
INSERT INTO `ot_hotel_support_facility` VALUES ('7', '冰箱', '/uploads/20170622/745142e18c60720f3fbe32e7db00f35b.png');
INSERT INTO `ot_hotel_support_facility` VALUES ('8', '餐具', '/uploads/20170622/279094853f7c7ae2c2bd21b941b9bd60.png');
INSERT INTO `ot_hotel_support_facility` VALUES ('9', '牙具', '/uploads/20170622/d7319b25959eb056e8cdc8ea91ff0963.png');
INSERT INTO `ot_hotel_support_facility` VALUES ('10', '暖气', '/uploads/20170622/943e42b373be963f283ca30407028e6c.png');
INSERT INTO `ot_hotel_support_facility` VALUES ('11', '沐浴露', '/uploads/20170622/86ac51b5bad786d645b5ce49c1a63925.png');
INSERT INTO `ot_hotel_support_facility` VALUES ('12', '洗发露', '/uploads/20170622/af3e671e4f763c30925334d261bcbf82.png');
INSERT INTO `ot_hotel_support_facility` VALUES ('13', '灭火器', '/uploads/20170622/a61f6c96dd40ab84ccb44c281b771901.png');
INSERT INTO `ot_hotel_support_facility` VALUES ('14', '热水', '/uploads/20170622/7550e3afbd492722e59b8124d38654a5.png');
INSERT INTO `ot_hotel_support_facility` VALUES ('15', '抽风机', '/uploads/20170622/976f3f815ac5c68cc70848b48ea9181c.png');
